order_id,product_id,region,quantity,order_date,status
ORD-100001,P002,East,2.0,2026-01-07,completed
ORD-100002,P009,West,1.0,2026-01-23,Completed
ORD-100003,P004,North,5.0,2026-05-10,cancelled
ORD-100004,P004,East,1.0,2026-04-25,Completed
ORD-100005,P007,East,3.0,2026-03-29,completed
ORD-100006,P002,North,3.0,2026-04-08,pending
ORD-100007,P005,West,4.0,2026-01-12,completed
ORD-100008,P009,East,1.0,2026-03-17,completed
ORD-100009,P004,North,1.0,2026-03-16,cancelled
ORD-100010,P005,East,3.0,2026-04-27,Completed
ORD-100011,P005,North,2.0,2026-06-29,pending
ORD-100012,P004,West,5.0,2026-02-11,Completed
ORD-100013,P006,South,3.0,2026-01-15,cancelled
ORD-100014,P005,South,5.0,2026-01-17,COMPLETED
ORD-100015,P004,West,4.0,2026-06-17,Completed
ORD-100016,P005,South,5.0,2026-02-05,COMPLETED
ORD-100017,P010,West,2.0,2026-04-20,pending
ORD-100018,P008,North,2.0,2026-01-24,Completed
ORD-100019,P007,North,5.0,2026-06-02,cancelled
ORD-100020,P009,North,1.0,2026-03-06,pending
ORD-100021,P005,East,4.0,2026-06-14,Completed
ORD-100022,P008,East,2.0,2026-01-01,pending
ORD-100023,P002,East,5.0,2026-06-10,pending
ORD-100024,P004,East,5.0,2026-02-09,pending
ORD-100025,P001,East,1.0,2026-06-03,COMPLETED
ORD-100026,P005,North,5.0,2026-03-03,completed
ORD-100027,P002,North,5.0,2026-05-05,Completed
ORD-100028,P003,West,2.0,2026-06-18,COMPLETED
ORD-100029,P009,West,5.0,2026-06-05,Completed
ORD-100030,P005,East,5.0,2026-04-13,cancelled
ORD-100031,P002,South,1.0,2026-03-05,pending
ORD-100032,P009,South,,2026-02-28,completed
ORD-100033,P004,North,1.0,2026-01-18,pending
ORD-100034,P004,West,2.0,2026-03-13,pending
ORD-100035,P010,South,4.0,2026-05-02,Completed
ORD-100036,P002,West,4.0,2026-01-25,cancelled
ORD-100037,P001,North,3.0,2026-06-22,completed
ORD-100038,P004,South,2.0,2026-02-19,cancelled
ORD-100039,P003,West,1.0,2026-03-13,cancelled
ORD-100040,P009,North,5.0,2026-01-26,completed
ORD-100041,P002,South,4.0,2026-03-02,Completed
ORD-100042,P007,South,4.0,2026-01-16,COMPLETED
ORD-100043,P008,West,5.0,2026-03-15,cancelled
ORD-100044,P003,East,1.0,2026-02-18,pending
ORD-100045,P009,East,5.0,2026-01-16,cancelled
ORD-100046,P009,South,5.0,2026-05-16,completed
ORD-100047,P003,North,2.0,2026-01-18,cancelled
ORD-100048,P002,South,1.0,2026-05-26,pending
ORD-100049,P002,East,2.0,2026-04-18,COMPLETED
ORD-100050,P004,West,3.0,2026-03-09,cancelled
ORD-100051,P006,North,5.0,2026-01-19,completed
ORD-100052,P002,South,2.0,2026-05-18,COMPLETED
ORD-100053,P002,East,4.0,2026-03-04,pending
ORD-100054,P005,North,5.0,2026-06-06,COMPLETED
ORD-100055,P002,East,1.0,2026-02-04,pending
ORD-100056,P003,East,3.0,2026-03-11,Completed
ORD-100057,P005,West,1.0,2026-05-10,completed
ORD-100058,P007,North,,2026-03-12,Completed
ORD-100059,P005,West,4.0,2026-02-11,pending
ORD-100060,P001,North,2.0,2026-01-29,pending
ORD-100061,P001,South,1.0,2026-04-05,COMPLETED
ORD-100062,P006,East,2.0,2026-01-11,completed
ORD-100063,P006,West,2.0,2026-05-24,Completed
ORD-100064,P003,West,,2026-02-15,COMPLETED
ORD-100065,P007,South,1.0,2026-06-21,cancelled
ORD-100066,P001,South,4.0,2026-05-01,COMPLETED
ORD-100067,P005,South,,2026-02-28,Completed
ORD-100068,P007,East,3.0,2026-03-26,COMPLETED
ORD-100069,P009,East,1.0,2026-04-13,COMPLETED
ORD-100070,P003,East,5.0,2026-05-29,cancelled
ORD-100071,P006,West,5.0,2026-03-22,completed
ORD-100072,P007,South,4.0,2026-05-28,completed
ORD-100073,P009,South,1.0,2026-05-18,COMPLETED
ORD-100074,P010,North,3.0,2026-03-22,pending
ORD-100075,P005,West,3.0,2026-06-20,pending
ORD-100076,P003,West,4.0,2026-02-19,Completed
ORD-100077,P010,East,1.0,2026-05-26,COMPLETED
ORD-100078,P005,West,5.0,2026-02-23,COMPLETED
ORD-100079,P008,West,5.0,2026-04-24,cancelled
ORD-100080,P003,North,5.0,2026-06-18,COMPLETED
ORD-100081,P002,East,2.0,2026-03-02,Completed
ORD-100082,P001,South,5.0,2026-01-12,completed
ORD-100083,P008,South,4.0,2026-04-17,cancelled
ORD-100084,P007,South,1.0,2026-03-04,completed
ORD-100085,P007,South,5.0,2026-02-26,cancelled
ORD-100086,P001,South,1.0,2026-05-23,cancelled
ORD-100087,P003,East,4.0,2026-04-29,pending
ORD-100088,P009,West,4.0,2026-04-20,cancelled
ORD-100089,P005,East,5.0,2026-03-05,cancelled
ORD-100090,P004,West,3.0,2026-03-12,Completed
ORD-100091,P005,East,1.0,2026-03-27,Completed
ORD-100092,P003,West,2.0,2026-03-01,completed
ORD-100093,P007,East,4.0,2026-04-15,completed
ORD-100094,P004,West,5.0,2026-04-18,completed
ORD-100095,P010,West,,2026-04-08,COMPLETED
ORD-100096,P005,West,5.0,2026-04-10,pending
ORD-100097,P004,South,4.0,2026-05-05,completed
ORD-100098,P007,West,4.0,2026-03-28,Completed
ORD-100099,P010,North,5.0,2026-05-17,pending
ORD-100100,P001,West,4.0,2026-01-22,Completed
ORD-100101,P001,West,4.0,2026-03-08,COMPLETED
ORD-100102,P006,East,4.0,2026-04-08,COMPLETED
ORD-100103,P002,North,1.0,2026-05-01,COMPLETED
ORD-100104,P004,North,1.0,2026-06-16,completed
ORD-100105,P004,North,2.0,2026-02-21,Completed
ORD-100106,P008,North,2.0,2026-06-21,cancelled
ORD-100107,P005,South,1.0,2026-04-05,Completed
ORD-100108,P005,North,5.0,2026-01-28,cancelled
ORD-100109,P007,North,2.0,2026-02-20,completed
ORD-100110,P005,North,5.0,2026-06-25,completed
ORD-100111,P006,West,1.0,2026-05-17,pending
ORD-100112,P006,West,1.0,2026-01-04,cancelled
ORD-100113,P006,West,4.0,2026-06-12,Completed
ORD-100114,P009,East,5.0,2026-06-16,cancelled
ORD-100115,P008,East,2.0,2026-04-22,completed
ORD-100116,P005,South,5.0,2026-04-26,pending
ORD-100117,P007,North,3.0,2026-03-28,Completed
ORD-100118,P008,East,3.0,2026-02-24,COMPLETED
ORD-100119,P010,East,5.0,2026-06-29,Completed
ORD-100120,P002,West,2.0,2026-03-03,cancelled
ORD-100121,P008,North,2.0,2026-04-25,cancelled
ORD-100122,P004,East,5.0,2026-03-20,COMPLETED
ORD-100123,P007,East,4.0,2026-05-21,COMPLETED
ORD-100124,P005,South,2.0,2026-03-06,COMPLETED
ORD-100125,P002,South,4.0,2026-05-18,COMPLETED
ORD-100126,P010,East,2.0,2026-05-15,COMPLETED
ORD-100127,P004,South,5.0,2026-04-03,Completed
ORD-100128,P005,North,2.0,2026-01-12,cancelled
ORD-100129,P002,East,4.0,2026-01-04,COMPLETED
ORD-100130,P003,East,4.0,2026-01-14,completed
ORD-100131,P002,West,1.0,2026-04-13,Completed
ORD-100132,P003,East,2.0,2026-05-25,completed
ORD-100133,P009,South,4.0,2026-04-17,cancelled
ORD-100134,P008,West,5.0,2026-03-18,completed
ORD-100135,P010,South,3.0,2026-01-26,completed
ORD-100136,P003,South,2.0,2026-03-03,completed
ORD-100137,P007,West,2.0,2026-04-26,COMPLETED
ORD-100138,P005,West,2.0,2026-06-29,COMPLETED
ORD-100139,P010,South,5.0,2026-06-19,Completed
ORD-100140,P003,South,2.0,2026-03-10,COMPLETED
ORD-100141,P010,East,4.0,2026-05-26,COMPLETED
ORD-100142,P007,West,5.0,2026-03-11,completed
ORD-100143,P007,East,,2026-03-24,Completed
ORD-100144,P010,North,3.0,2026-05-31,pending
ORD-100145,P001,West,4.0,2026-02-14,COMPLETED
ORD-100146,P003,West,4.0,2026-05-30,completed
ORD-100147,P008,West,1.0,2026-03-31,Completed
ORD-100148,P006,West,4.0,2026-04-16,pending
ORD-100149,P001,North,3.0,2026-04-27,completed
ORD-100150,P007,North,5.0,2026-05-12,cancelled
ORD-100151,P007,South,5.0,2026-01-14,cancelled
ORD-100152,P008,South,2.0,2026-01-14,COMPLETED
ORD-100153,P008,West,5.0,2026-06-28,Completed
ORD-100154,P003,North,1.0,2026-03-21,Completed
ORD-100155,P002,North,2.0,2026-04-29,cancelled
ORD-100156,P005,East,4.0,2026-05-11,cancelled
ORD-100157,P004,South,5.0,2026-04-27,pending
ORD-100158,P003,East,4.0,2026-01-18,COMPLETED
ORD-100159,P009,North,3.0,2026-03-10,pending
ORD-100160,P010,West,4.0,2026-06-18,pending
ORD-100161,P008,East,5.0,2026-03-30,cancelled
ORD-100162,P008,South,2.0,2026-03-24,pending
ORD-100163,P007,West,4.0,2026-03-01,cancelled
ORD-100164,P007,South,1.0,2026-06-19,Completed
ORD-100165,P009,East,4.0,2026-06-01,completed
ORD-100166,P009,North,4.0,2026-04-27,Completed
ORD-100167,P002,East,4.0,2026-05-01,completed
ORD-100168,P006,West,4.0,2026-06-22,pending
ORD-100169,P001,North,3.0,2026-06-08,Completed
ORD-100170,P002,North,1.0,2026-04-22,cancelled
ORD-100171,P003,East,1.0,2026-06-27,COMPLETED
ORD-100172,P001,East,2.0,2026-03-17,Completed
ORD-100173,P009,South,1.0,2026-04-16,pending
ORD-100174,P007,South,5.0,2026-06-08,Completed
ORD-100175,P004,East,1.0,2026-04-29,cancelled
ORD-100176,P005,South,3.0,2026-06-23,pending
ORD-100177,P005,West,4.0,2026-06-13,COMPLETED
ORD-100178,P004,West,4.0,2026-04-09,pending
ORD-100179,P006,East,3.0,2026-05-28,completed
ORD-100180,P007,North,1.0,2026-03-12,pending
ORD-100181,P008,South,3.0,2026-03-15,Completed
ORD-100182,P004,East,2.0,2026-06-08,completed
ORD-100183,P001,West,3.0,2026-03-21,Completed
ORD-100184,P002,East,2.0,2026-03-17,Completed
ORD-100185,P003,East,3.0,2026-05-19,Completed
ORD-100186,P005,East,3.0,2026-05-04,completed
ORD-100187,P008,South,2.0,2026-01-20,cancelled
ORD-100188,P009,North,1.0,2026-04-04,COMPLETED
ORD-100189,P009,West,3.0,2026-02-01,pending
ORD-100190,P007,East,2.0,2026-06-13,cancelled
ORD-100191,P001,East,2.0,2026-06-08,completed
ORD-100192,P008,East,1.0,2026-06-29,Completed
ORD-100193,P001,East,1.0,2026-01-10,completed
ORD-100194,P004,South,3.0,2026-05-18,pending
ORD-100195,P007,South,1.0,2026-05-31,cancelled
ORD-100196,P010,East,3.0,2026-04-15,Completed
ORD-100197,P008,South,1.0,2026-04-24,COMPLETED
ORD-100198,P009,East,3.0,2026-06-15,Completed
ORD-100199,P002,North,5.0,2026-04-27,completed
ORD-100200,P001,South,5.0,2026-03-27,Completed
ORD-100201,P002,South,2.0,2026-05-22,COMPLETED
ORD-100202,P003,North,2.0,2026-06-02,Completed
ORD-100203,P009,South,1.0,2026-03-06,Completed
ORD-100204,P001,South,1.0,2026-04-02,Completed
ORD-100205,P005,South,5.0,2026-01-14,completed
ORD-100206,P002,West,5.0,2026-05-02,pending
ORD-100207,P002,South,1.0,2026-04-26,pending
ORD-100208,P005,North,4.0,2026-04-28,cancelled
ORD-100209,P007,North,4.0,2026-06-25,completed
ORD-100210,P002,South,3.0,2026-03-24,pending
ORD-100211,P010,East,5.0,2026-05-21,pending
ORD-100212,P005,West,1.0,2026-04-27,pending
ORD-100213,P004,West,4.0,2026-04-21,COMPLETED
ORD-100214,P008,West,3.0,2026-04-13,cancelled
ORD-100215,P006,East,2.0,2026-06-20,cancelled
ORD-100216,P002,North,1.0,2026-01-24,COMPLETED
ORD-100217,P003,North,5.0,2026-05-23,pending
ORD-100218,P006,North,4.0,2026-06-21,completed
ORD-100219,P005,East,5.0,2026-06-03,pending
ORD-100220,P004,West,1.0,2026-02-09,COMPLETED
ORD-100221,P009,North,5.0,2026-04-05,Completed
ORD-100222,P007,North,3.0,2026-05-24,completed
ORD-100223,P003,East,3.0,2026-03-11,completed
ORD-100224,P003,West,1.0,2026-02-06,completed
ORD-100225,P009,West,3.0,2026-02-25,Completed
ORD-100226,P006,East,5.0,2026-03-21,pending
ORD-100227,P002,South,5.0,2026-01-14,completed
ORD-100228,P002,West,4.0,2026-03-11,pending
ORD-100229,P008,East,5.0,2026-04-17,completed
ORD-100230,P006,North,5.0,2026-04-21,cancelled
ORD-100231,P009,East,4.0,2026-06-20,pending
ORD-100232,P001,South,2.0,2026-01-02,Completed
ORD-100233,P005,East,4.0,2026-03-16,cancelled
ORD-100234,P003,West,2.0,2026-02-03,pending
ORD-100235,P009,East,1.0,2026-06-21,cancelled
ORD-100236,P001,North,5.0,2026-04-28,cancelled
ORD-100237,P010,West,4.0,2026-04-14,completed
ORD-100238,P006,West,3.0,2026-02-13,completed
ORD-100239,P007,South,4.0,2026-01-28,pending
ORD-100240,P002,East,2.0,2026-04-12,COMPLETED
ORD-100241,P003,North,2.0,2026-01-20,COMPLETED
ORD-100242,P006,South,2.0,2026-06-15,COMPLETED
ORD-100243,P004,South,1.0,2026-02-14,Completed
ORD-100244,P008,West,5.0,2026-04-29,pending
ORD-100245,P006,East,1.0,2026-06-10,cancelled
ORD-100246,P008,East,5.0,2026-06-11,completed
ORD-100247,P006,North,4.0,2026-05-10,completed
ORD-100248,P001,East,1.0,2026-04-05,pending
ORD-100249,P010,West,5.0,2026-05-10,completed
ORD-100250,P008,South,4.0,2026-05-27,pending
ORD-100251,P003,West,3.0,2026-01-16,completed
ORD-100252,P009,South,4.0,2026-06-15,cancelled
ORD-100253,P009,South,3.0,2026-05-14,cancelled
ORD-100254,P007,North,3.0,2026-03-28,completed
ORD-100255,P006,West,5.0,2026-01-25,Completed
ORD-100256,P006,South,3.0,2026-01-21,cancelled
ORD-100257,P003,North,4.0,2026-06-02,COMPLETED
ORD-100258,P003,North,4.0,2026-06-21,pending
ORD-100259,P006,East,2.0,2026-01-05,COMPLETED
ORD-100260,P008,South,2.0,2026-02-19,completed
ORD-100261,P005,North,5.0,2026-01-26,Completed
ORD-100262,P010,South,5.0,2026-04-07,Completed
ORD-100263,P008,West,2.0,2026-01-12,cancelled
ORD-100264,P010,West,2.0,2026-03-14,COMPLETED
ORD-100265,P008,East,5.0,2026-02-19,cancelled
ORD-100266,P008,West,4.0,2026-03-14,Completed
ORD-100267,P004,South,1.0,2026-06-04,cancelled
ORD-100268,P006,North,5.0,2026-05-22,completed
ORD-100269,P005,South,5.0,2026-01-22,Completed
ORD-100270,P007,South,3.0,2026-01-24,completed
ORD-100271,P007,West,2.0,2026-01-14,cancelled
ORD-100272,P002,South,,2026-04-06,completed
ORD-100273,P006,South,4.0,2026-02-07,Completed
ORD-100274,P008,North,1.0,2026-04-25,COMPLETED
ORD-100275,P004,West,3.0,2026-02-08,Completed
ORD-100276,P005,North,5.0,2026-02-01,cancelled
ORD-100277,P002,West,1.0,2026-01-29,pending
ORD-100278,P010,South,1.0,2026-03-03,pending
ORD-100279,P006,West,1.0,2026-03-03,pending
ORD-100280,P006,North,4.0,2026-01-18,completed
ORD-100281,P007,East,3.0,2026-04-06,completed
ORD-100282,P006,North,3.0,2026-03-03,Completed
ORD-100283,P001,East,2.0,2026-04-01,cancelled
ORD-100284,P008,South,1.0,2026-06-11,cancelled
ORD-100285,P001,South,2.0,2026-03-17,completed
ORD-100286,P006,West,5.0,2026-03-21,cancelled
ORD-100287,P005,South,1.0,2026-01-10,COMPLETED
ORD-100288,P005,East,4.0,2026-02-01,cancelled
ORD-100289,P007,South,4.0,2026-03-28,COMPLETED
ORD-100290,P009,North,1.0,2026-03-10,cancelled
ORD-100291,P010,East,1.0,2026-02-16,COMPLETED
ORD-100292,P005,West,4.0,2026-03-20,Completed
ORD-100293,P008,West,3.0,2026-03-31,pending
ORD-100294,P007,North,4.0,2026-03-12,COMPLETED
ORD-100295,P009,South,2.0,2026-06-23,pending
ORD-100296,P008,South,3.0,2026-01-09,COMPLETED
ORD-100297,P007,North,4.0,2026-05-26,COMPLETED
ORD-100298,P006,North,5.0,2026-04-24,COMPLETED
ORD-100299,P007,East,1.0,2026-03-22,completed
ORD-100300,P003,West,1.0,2026-05-08,COMPLETED
ORD-100301,P005,West,5.0,2026-06-30,COMPLETED
ORD-100302,P008,North,1.0,2026-02-21,cancelled
ORD-100303,P003,North,3.0,2026-04-24,COMPLETED
ORD-100304,P002,East,2.0,2026-05-21,Completed
ORD-100305,P006,South,2.0,2026-05-11,Completed
ORD-100306,P004,North,5.0,2026-05-07,COMPLETED
ORD-100307,P008,South,1.0,2026-05-22,completed
ORD-100308,P005,West,4.0,2026-04-12,pending
ORD-100309,P002,East,4.0,2026-02-02,cancelled
ORD-100310,P009,South,5.0,2026-03-30,pending
ORD-100311,P003,West,1.0,2026-02-03,completed
ORD-100312,P009,East,3.0,2026-02-09,Completed
ORD-100313,P006,East,3.0,2026-05-13,Completed
ORD-100314,P009,South,5.0,2026-03-12,pending
ORD-100315,P002,South,5.0,2026-05-09,Completed
ORD-100316,P003,East,5.0,2026-06-18,completed
ORD-100317,P001,North,5.0,2026-01-21,COMPLETED
ORD-100318,P004,West,1.0,2026-05-27,cancelled
ORD-100319,P009,East,4.0,2026-03-16,COMPLETED
ORD-100320,P008,North,4.0,2026-01-19,cancelled
ORD-100321,P008,East,3.0,2026-02-22,COMPLETED
ORD-100322,P006,South,5.0,2026-04-13,pending
ORD-100323,P002,South,3.0,2026-03-23,cancelled
ORD-100324,P004,North,4.0,2026-02-06,pending
ORD-100325,P007,South,5.0,2026-03-05,COMPLETED
ORD-100326,P004,West,4.0,2026-02-10,cancelled
ORD-100327,P005,North,4.0,2026-05-08,pending
ORD-100328,P008,South,1.0,2026-03-03,completed
ORD-100329,P005,West,1.0,2026-05-07,completed
ORD-100330,P007,East,4.0,2026-02-04,COMPLETED
ORD-100331,P001,North,2.0,2026-04-13,COMPLETED
ORD-100332,P009,North,4.0,2026-03-15,pending
ORD-100333,P005,North,1.0,2026-06-09,cancelled
ORD-100334,P006,East,2.0,2026-03-28,pending
ORD-100335,P009,North,2.0,2026-04-13,COMPLETED
ORD-100336,P008,West,5.0,2026-05-13,Completed
ORD-100337,P006,East,5.0,2026-06-06,COMPLETED
ORD-100338,P010,West,3.0,2026-03-28,cancelled
ORD-100339,P001,East,4.0,2026-04-05,pending
ORD-100340,P005,North,3.0,2026-06-26,pending
ORD-100341,P010,North,2.0,2026-02-28,pending
ORD-100342,P010,South,2.0,2026-04-08,completed
ORD-100343,P010,North,4.0,2026-06-29,COMPLETED
ORD-100344,P007,West,4.0,2026-02-08,pending
ORD-100345,P010,North,5.0,2026-05-01,Completed
ORD-100346,P009,West,3.0,2026-03-25,Completed
ORD-100347,P008,East,3.0,2026-05-17,pending
ORD-100348,P008,South,3.0,2026-02-19,Completed
ORD-100349,P005,South,4.0,2026-03-15,COMPLETED
ORD-100350,P008,East,5.0,2026-03-31,pending
ORD-100351,P007,East,2.0,2026-04-12,COMPLETED
ORD-100352,P001,North,4.0,2026-03-15,COMPLETED
ORD-100353,P008,South,3.0,2026-02-24,pending
ORD-100354,P005,North,5.0,2026-02-05,Completed
ORD-100355,P004,South,1.0,2026-01-13,completed
ORD-100356,P007,West,2.0,2026-03-26,completed
ORD-100357,P009,West,4.0,2026-02-10,cancelled
ORD-100358,P004,East,1.0,2026-03-15,completed
ORD-100359,P010,North,2.0,2026-03-01,cancelled
ORD-100360,P003,West,2.0,2026-01-10,COMPLETED
ORD-100361,P001,East,1.0,2026-01-03,COMPLETED
ORD-100362,P005,West,2.0,2026-04-27,pending
ORD-100363,P008,South,3.0,2026-03-11,Completed
ORD-100364,P008,East,1.0,2026-06-15,COMPLETED
ORD-100365,P005,South,4.0,2026-05-26,cancelled
ORD-100366,P009,North,1.0,2026-03-25,Completed
ORD-100367,P003,East,1.0,2026-05-03,COMPLETED
ORD-100368,P007,West,3.0,2026-03-02,COMPLETED
ORD-100369,P010,North,3.0,2026-05-27,Completed
ORD-100370,P001,North,2.0,2026-06-20,cancelled
ORD-100371,P009,East,3.0,2026-06-30,COMPLETED
ORD-100372,P010,South,4.0,2026-02-26,Completed
ORD-100373,P008,East,5.0,2026-06-05,cancelled
ORD-100374,P009,South,5.0,2026-06-20,completed
ORD-100375,P009,East,5.0,2026-04-25,completed
ORD-100376,P001,South,2.0,2026-05-21,Completed
ORD-100377,P006,West,2.0,2026-05-14,pending
ORD-100378,P008,West,4.0,2026-01-24,Completed
ORD-100379,P009,West,5.0,2026-04-17,cancelled
ORD-100380,P005,West,1.0,2026-01-06,Completed
ORD-100381,P010,North,1.0,2026-01-19,pending
ORD-100382,P001,West,4.0,2026-01-18,Completed
ORD-100383,P003,West,4.0,2026-06-14,cancelled
ORD-100384,P007,North,5.0,2026-04-07,Completed
ORD-100385,P006,South,4.0,2026-01-31,pending
ORD-100386,P003,North,3.0,2026-02-27,cancelled
ORD-100387,P009,West,2.0,2026-04-19,cancelled
ORD-100388,P006,East,1.0,2026-02-09,completed
ORD-100389,P007,North,1.0,2026-06-07,completed
ORD-100390,P010,West,1.0,2026-01-09,Completed
ORD-100391,P001,West,2.0,2026-04-13,completed
ORD-100392,P003,East,5.0,2026-05-09,COMPLETED
ORD-100393,P010,East,2.0,2026-06-03,pending
ORD-100394,P004,East,5.0,2026-04-16,pending
ORD-100395,P003,West,1.0,2026-06-10,COMPLETED
ORD-100396,P007,East,4.0,2026-05-15,Completed
ORD-100397,P005,South,4.0,2026-04-07,Completed
ORD-100398,P004,South,1.0,2026-03-18,pending
ORD-100399,P007,South,3.0,2026-04-17,Completed
ORD-100400,P006,North,3.0,2026-06-15,completed
ORD-100401,P009,North,5.0,2026-02-18,pending
ORD-100402,P001,South,5.0,2026-01-19,pending
ORD-100403,P004,South,3.0,2026-05-03,COMPLETED
ORD-100404,P001,South,1.0,2026-02-24,cancelled
ORD-100405,P004,South,2.0,2026-06-28,pending
ORD-100406,P006,West,3.0,2026-03-14,COMPLETED
ORD-100407,P005,West,4.0,2026-04-03,COMPLETED
ORD-100408,P004,East,5.0,2026-04-05,Completed
ORD-100409,P003,East,5.0,2026-01-05,pending
ORD-100410,P007,South,2.0,2026-03-17,cancelled
ORD-100411,P010,West,3.0,2026-03-04,COMPLETED
ORD-100412,P008,West,3.0,2026-06-14,Completed
ORD-100413,P003,West,5.0,2026-05-20,completed
ORD-100414,P009,North,1.0,2026-01-09,completed
ORD-100415,P007,South,2.0,2026-02-05,completed
ORD-100416,P004,West,5.0,2026-05-10,pending
ORD-100417,P008,West,,2026-06-18,pending
ORD-100418,P009,North,,2026-04-16,COMPLETED
ORD-100419,P009,North,4.0,2026-03-15,Completed
ORD-100420,P002,South,5.0,2026-01-25,pending
ORD-100421,P005,East,1.0,2026-04-01,COMPLETED
ORD-100422,P007,South,2.0,2026-04-28,COMPLETED
ORD-100423,P002,North,4.0,2026-06-17,cancelled
ORD-100424,P009,North,2.0,2026-05-02,completed
ORD-100425,P008,East,1.0,2026-04-22,pending
ORD-100426,P001,South,5.0,2026-02-28,cancelled
ORD-100427,P005,North,3.0,2026-01-12,pending
ORD-100428,P010,North,3.0,2026-06-18,completed
ORD-100429,P004,South,4.0,2026-05-31,completed
ORD-100430,P005,South,4.0,2026-02-11,pending
ORD-100431,P006,South,1.0,2026-04-09,pending
ORD-100432,P006,North,1.0,2026-01-14,COMPLETED
ORD-100433,P010,West,3.0,2026-06-07,completed
ORD-100434,P005,West,5.0,2026-04-26,cancelled
ORD-100435,P007,West,5.0,2026-02-17,COMPLETED
ORD-100436,P004,North,4.0,2026-01-19,Completed
ORD-100437,P007,East,1.0,2026-03-23,COMPLETED
ORD-100438,P008,East,1.0,2026-04-03,Completed
ORD-100439,P007,West,1.0,2026-04-25,COMPLETED
ORD-100440,P009,East,1.0,2026-01-24,COMPLETED
ORD-100441,P007,North,5.0,2026-04-10,Completed
ORD-100442,P010,South,2.0,2026-05-14,Completed
ORD-100443,P005,East,1.0,2026-03-19,Completed
ORD-100444,P007,West,1.0,2026-03-12,COMPLETED
ORD-100445,P005,West,2.0,2026-03-05,cancelled
ORD-100446,P002,East,,2026-02-04,cancelled
ORD-100447,P006,West,3.0,2026-06-08,cancelled
ORD-100448,P006,South,5.0,2026-04-21,Completed
ORD-100449,P008,South,3.0,2026-03-22,COMPLETED
ORD-100450,P008,South,3.0,2026-05-28,cancelled
ORD-100451,P006,South,5.0,2026-01-30,Completed
ORD-100452,P009,West,2.0,2026-01-07,cancelled
ORD-100453,P005,North,4.0,2026-06-27,cancelled
ORD-100454,P003,East,2.0,2026-06-12,cancelled
ORD-100455,P007,West,4.0,2026-01-19,pending
ORD-100456,P007,West,3.0,2026-05-17,pending
ORD-100457,P010,North,2.0,2026-06-13,COMPLETED
ORD-100458,P003,North,4.0,2026-06-15,COMPLETED
ORD-100459,P007,North,2.0,2026-01-28,pending
ORD-100460,P009,South,4.0,2026-05-23,cancelled
ORD-100461,P010,South,1.0,2026-06-26,cancelled
ORD-100462,P002,West,1.0,2026-03-17,completed
ORD-100463,P003,East,2.0,2026-03-31,pending
ORD-100464,P008,West,4.0,2026-03-31,COMPLETED
ORD-100465,P002,North,1.0,2026-03-18,completed
ORD-100466,P006,North,2.0,2026-06-15,Completed
ORD-100467,P009,South,4.0,2026-02-14,cancelled
ORD-100468,P004,South,4.0,2026-04-14,cancelled
ORD-100469,P001,South,4.0,2026-06-07,cancelled
ORD-100470,P001,South,1.0,2026-06-30,pending
ORD-100471,P002,South,2.0,2026-05-18,cancelled
ORD-100472,P002,West,3.0,2026-03-09,pending
ORD-100473,P007,West,3.0,2026-06-06,COMPLETED
ORD-100474,P008,South,3.0,2026-06-08,pending
ORD-100475,P010,South,2.0,2026-01-22,COMPLETED
ORD-100476,P002,East,5.0,2026-02-16,cancelled
ORD-100477,P007,South,4.0,2026-06-02,Completed
ORD-100478,P008,South,4.0,2026-06-12,COMPLETED
ORD-100479,P003,East,5.0,2026-02-17,completed
ORD-100480,P006,West,4.0,2026-01-03,pending
ORD-100481,P009,West,4.0,2026-06-17,cancelled
ORD-100482,P008,South,1.0,2026-05-06,Completed
ORD-100483,P005,East,3.0,2026-01-09,Completed
ORD-100484,P008,West,1.0,2026-05-25,pending
ORD-100485,P002,East,1.0,2026-03-10,cancelled
ORD-100486,P009,West,2.0,2026-02-25,COMPLETED
ORD-100487,P001,East,1.0,2026-04-26,cancelled
ORD-100488,P002,South,5.0,2026-03-02,COMPLETED
ORD-100489,P010,West,2.0,2026-06-11,Completed
ORD-100490,P004,East,5.0,2026-01-16,pending
ORD-100491,P003,East,3.0,2026-03-24,pending
ORD-100492,P002,West,3.0,2026-02-04,Completed
ORD-100493,P003,South,2.0,2026-03-05,cancelled
ORD-100494,P008,East,4.0,2026-02-06,cancelled
ORD-100495,P002,North,3.0,2026-06-12,COMPLETED
ORD-100496,P008,East,1.0,2026-05-05,cancelled
ORD-100497,P006,West,4.0,2026-01-17,Completed
ORD-100498,P008,East,3.0,2026-03-10,pending
ORD-100499,P010,West,1.0,2026-02-03,completed
ORD-100500,P002,West,,2026-06-10,Completed
ORD-100501,P008,North,4.0,2026-04-27,Completed
ORD-100502,P003,East,3.0,2026-06-16,completed
ORD-100503,P006,North,2.0,2026-03-06,completed
ORD-100504,P007,East,2.0,2026-06-10,cancelled
ORD-100505,P002,North,,2026-06-30,cancelled
ORD-100506,P002,South,4.0,2026-02-03,completed
ORD-100507,P001,East,4.0,2026-06-28,Completed
ORD-100508,P008,South,1.0,2026-01-19,completed
ORD-100509,P006,East,2.0,2026-04-05,Completed
ORD-100510,P002,North,2.0,2026-05-16,cancelled
ORD-100511,P006,South,5.0,2026-02-24,cancelled
ORD-100512,P004,North,1.0,2026-01-23,pending
ORD-100513,P007,West,2.0,2026-03-31,Completed
ORD-100514,P005,North,5.0,2026-06-15,pending
ORD-100515,P010,North,3.0,2026-03-14,Completed
ORD-100516,P009,South,3.0,2026-06-05,completed
ORD-100517,P004,West,4.0,2026-05-07,pending
ORD-100518,P002,North,3.0,2026-05-16,Completed
ORD-100519,P007,West,2.0,2026-05-26,cancelled
ORD-100520,P002,North,,2026-01-05,Completed
ORD-100521,P001,West,5.0,2026-01-16,cancelled
ORD-100522,P007,West,5.0,2026-06-29,pending
ORD-100523,P010,East,1.0,2026-02-09,pending
ORD-100524,P004,East,1.0,2026-02-09,COMPLETED
ORD-100525,P007,North,4.0,2026-03-03,completed
ORD-100526,P008,North,2.0,2026-06-06,completed
ORD-100527,P001,North,3.0,2026-02-05,pending
ORD-100528,P009,South,3.0,2026-03-08,completed
ORD-100529,P001,West,1.0,2026-03-27,COMPLETED
ORD-100530,P010,North,5.0,2026-06-10,COMPLETED
ORD-100531,P001,South,3.0,2026-05-08,completed
ORD-100532,P010,North,5.0,2026-06-22,completed
ORD-100533,P001,South,3.0,2026-01-04,cancelled
ORD-100534,P003,North,4.0,2026-02-15,Completed
ORD-100535,P006,West,3.0,2026-03-05,COMPLETED
ORD-100536,P002,East,1.0,2026-05-27,Completed
ORD-100537,P004,North,1.0,2026-05-13,cancelled
ORD-100538,P005,East,4.0,2026-03-21,completed
ORD-100539,P006,East,3.0,2026-02-21,pending
ORD-100540,P004,East,4.0,2026-04-29,Completed
ORD-100541,P009,South,,2026-03-04,cancelled
ORD-100542,P001,East,1.0,2026-03-01,COMPLETED
ORD-100543,P001,West,3.0,2026-06-18,completed
ORD-100544,P004,South,1.0,2026-05-16,Completed
ORD-100545,P005,North,5.0,2026-01-24,cancelled
ORD-100546,P006,North,5.0,2026-04-28,Completed
ORD-100547,P007,North,2.0,2026-01-20,Completed
ORD-100548,P005,East,4.0,2026-03-08,COMPLETED
ORD-100549,P006,East,2.0,2026-04-26,Completed
ORD-100550,P010,South,4.0,2026-01-28,cancelled
ORD-100551,P006,North,2.0,2026-04-15,cancelled
ORD-100552,P005,East,1.0,2026-04-29,Completed
ORD-100553,P005,North,3.0,2026-06-30,Completed
ORD-100554,P002,East,1.0,2026-03-05,COMPLETED
ORD-100555,P005,North,4.0,2026-02-14,pending
ORD-100556,P009,North,2.0,2026-03-05,completed
ORD-100557,P001,South,4.0,2026-01-16,COMPLETED
ORD-100558,P002,East,1.0,2026-05-30,completed
ORD-100559,P002,West,1.0,2026-02-20,COMPLETED
ORD-100560,P002,West,5.0,2026-01-11,cancelled
ORD-100561,P007,North,4.0,2026-05-08,Completed
ORD-100562,P006,South,4.0,2026-02-24,Completed
ORD-100563,P001,South,4.0,2026-06-07,cancelled
ORD-100564,P009,North,4.0,2026-05-03,Completed
ORD-100565,P007,South,5.0,2026-02-21,completed
ORD-100566,P007,West,4.0,2026-04-02,COMPLETED
ORD-100567,P010,East,2.0,2026-05-09,completed
ORD-100568,P006,South,,2026-06-02,COMPLETED
ORD-100569,P001,East,2.0,2026-05-01,Completed
ORD-100570,P002,South,1.0,2026-03-05,Completed
ORD-100571,P010,East,2.0,2026-04-10,Completed
ORD-100572,P004,East,3.0,2026-06-01,pending
ORD-100573,P001,East,5.0,2026-06-30,Completed
ORD-100574,P010,West,2.0,2026-02-18,cancelled
ORD-100575,P001,North,2.0,2026-01-24,completed
ORD-100576,P009,North,5.0,2026-05-03,Completed
ORD-100577,P003,South,3.0,2026-03-29,completed
ORD-100578,P001,South,5.0,2026-02-07,COMPLETED
ORD-100579,P002,West,3.0,2026-04-06,COMPLETED
ORD-100580,P006,South,4.0,2026-02-04,cancelled
ORD-100581,P006,East,5.0,2026-02-14,Completed
ORD-100582,P007,East,1.0,2026-03-20,pending
ORD-100583,P007,North,3.0,2026-05-26,pending
ORD-100584,P004,North,2.0,2026-06-13,COMPLETED
ORD-100585,P002,East,2.0,2026-03-02,completed
ORD-100586,P006,North,2.0,2026-04-25,completed
ORD-100587,P006,North,1.0,2026-03-07,cancelled
ORD-100588,P008,South,4.0,2026-04-18,cancelled
ORD-100589,P006,West,4.0,2026-05-20,pending
ORD-100590,P004,West,1.0,2026-02-11,COMPLETED
ORD-100591,P001,East,1.0,2026-03-23,COMPLETED
ORD-100592,P003,South,5.0,2026-04-07,completed
ORD-100593,P006,West,4.0,2026-06-02,Completed
ORD-100594,P010,South,3.0,2026-04-22,Completed
ORD-100595,P004,East,3.0,2026-04-15,Completed
ORD-100596,P002,West,4.0,2026-01-13,Completed
ORD-100597,P001,North,3.0,2026-04-03,pending
ORD-100598,P008,North,,2026-02-21,Completed
ORD-100599,P005,West,3.0,2026-01-21,cancelled
ORD-100600,P008,East,5.0,2026-05-06,cancelled
ORD-100601,P003,West,4.0,2026-04-05,completed
ORD-100602,P005,West,3.0,2026-04-23,pending
ORD-100603,P001,North,3.0,2026-02-08,pending
ORD-100604,P007,South,4.0,2026-05-31,pending
ORD-100605,P007,West,2.0,2026-05-18,cancelled
ORD-100606,P005,West,1.0,2026-01-21,pending
ORD-100607,P010,South,4.0,2026-05-13,Completed
ORD-100608,P003,South,4.0,2026-02-24,completed
ORD-100609,P007,South,3.0,2026-02-21,COMPLETED
ORD-100610,P002,West,5.0,2026-01-23,COMPLETED
ORD-100611,P005,West,1.0,2026-05-14,pending
ORD-100612,P010,West,2.0,2026-05-14,Completed
ORD-100613,P010,North,5.0,2026-05-31,completed
ORD-100614,P005,East,3.0,2026-05-18,cancelled
ORD-100615,P008,West,3.0,2026-05-27,cancelled
ORD-100616,P003,West,3.0,2026-06-08,Completed
ORD-100617,P001,East,1.0,2026-05-02,COMPLETED
ORD-100618,P005,East,1.0,2026-03-21,Completed
ORD-100619,P003,West,3.0,2026-03-18,COMPLETED
ORD-100620,P007,North,2.0,2026-06-04,cancelled
ORD-100621,P008,East,5.0,2026-05-13,Completed
ORD-100622,P002,West,5.0,2026-03-21,pending
ORD-100623,P001,South,2.0,2026-02-14,completed
ORD-100624,P004,West,3.0,2026-01-09,Completed
ORD-100625,P005,West,1.0,2026-04-05,completed
ORD-100626,P004,West,2.0,2026-04-06,cancelled
ORD-100627,P010,East,3.0,2026-05-22,completed
ORD-100628,P005,West,5.0,2026-01-08,Completed
ORD-100629,P004,South,3.0,2026-06-15,cancelled
ORD-100630,P009,North,2.0,2026-01-06,Completed
ORD-100631,P010,South,3.0,2026-01-03,COMPLETED
ORD-100632,P007,East,2.0,2026-04-07,cancelled
ORD-100633,P005,West,1.0,2026-06-23,pending
ORD-100634,P006,East,1.0,2026-05-24,cancelled
ORD-100635,P002,East,3.0,2026-03-28,COMPLETED
ORD-100636,P005,South,2.0,2026-02-18,completed
ORD-100637,P010,East,1.0,2026-04-14,cancelled
ORD-100638,P005,West,1.0,2026-03-08,pending
ORD-100639,P010,East,2.0,2026-02-18,pending
ORD-100640,P008,East,2.0,2026-06-21,pending
ORD-100641,P003,North,3.0,2026-03-17,pending
ORD-100642,P003,East,2.0,2026-06-24,COMPLETED
ORD-100643,P004,West,3.0,2026-03-20,COMPLETED
ORD-100644,P005,East,1.0,2026-05-30,cancelled
ORD-100645,P001,North,2.0,2026-06-12,pending
ORD-100646,P002,West,4.0,2026-06-24,completed
ORD-100647,P003,South,5.0,2026-02-05,cancelled
ORD-100648,P003,South,4.0,2026-03-22,COMPLETED
ORD-100649,P003,North,,2026-03-22,COMPLETED
ORD-100650,P004,South,1.0,2026-02-13,Completed
ORD-100651,P010,West,4.0,2026-04-22,cancelled
ORD-100652,P001,South,1.0,2026-01-10,COMPLETED
ORD-100653,P009,North,2.0,2026-02-18,Completed
ORD-100654,P006,South,5.0,2026-03-21,pending
ORD-100655,P005,North,3.0,2026-02-12,COMPLETED
ORD-100656,P008,East,2.0,2026-05-14,COMPLETED
ORD-100657,P008,South,4.0,2026-04-02,completed
ORD-100658,P004,South,1.0,2026-02-27,pending
ORD-100659,P009,North,1.0,2026-02-13,cancelled
ORD-100660,P005,North,1.0,2026-05-17,completed
ORD-100661,P001,North,4.0,2026-01-13,completed
ORD-100662,P009,West,2.0,2026-03-06,completed
ORD-100663,P005,North,3.0,2026-04-18,pending
ORD-100664,P010,South,1.0,2026-06-29,pending
ORD-100665,P010,East,1.0,2026-01-31,cancelled
ORD-100666,P004,South,5.0,2026-06-05,Completed
ORD-100667,P006,West,1.0,2026-06-30,pending
ORD-100668,P008,West,1.0,2026-02-23,completed
ORD-100669,P002,West,1.0,2026-01-29,pending
ORD-100670,P002,East,4.0,2026-01-26,COMPLETED
ORD-100671,P005,North,2.0,2026-04-29,completed
ORD-100672,P005,East,1.0,2026-04-03,completed
ORD-100673,P001,South,2.0,2026-01-03,COMPLETED
ORD-100674,P006,East,1.0,2026-04-23,COMPLETED
ORD-100675,P006,North,4.0,2026-02-16,COMPLETED
ORD-100676,P007,West,2.0,2026-06-26,completed
ORD-100677,P003,North,2.0,2026-06-28,completed
ORD-100678,P007,West,4.0,2026-06-01,Completed
ORD-100679,P010,East,2.0,2026-04-08,cancelled
ORD-100680,P008,West,1.0,2026-01-29,COMPLETED
ORD-100681,P006,South,3.0,2026-01-04,pending
ORD-100682,P009,North,2.0,2026-06-26,cancelled
ORD-100683,P006,West,5.0,2026-06-19,pending
ORD-100684,P001,South,4.0,2026-01-03,cancelled
ORD-100685,P003,West,3.0,2026-01-20,COMPLETED
ORD-100686,P001,South,4.0,2026-05-10,cancelled
ORD-100687,P004,West,5.0,2026-01-21,cancelled
ORD-100688,P002,West,4.0,2026-05-08,completed
ORD-100689,P002,West,5.0,2026-04-14,completed
ORD-100690,P002,East,5.0,2026-06-04,Completed
ORD-100691,P008,East,2.0,2026-03-29,cancelled
ORD-100692,P006,West,3.0,2026-05-24,cancelled
ORD-100693,P002,South,,2026-01-25,COMPLETED
ORD-100694,P005,East,1.0,2026-05-21,Completed
ORD-100695,P008,West,5.0,2026-02-05,Completed
ORD-100696,P004,West,2.0,2026-01-31,COMPLETED
ORD-100697,P002,North,5.0,2026-04-17,completed
ORD-100698,P008,South,1.0,2026-04-28,pending
ORD-100699,P001,West,4.0,2026-05-22,pending
ORD-100700,P003,South,2.0,2026-06-27,completed
ORD-100701,P007,East,4.0,2026-06-18,cancelled
ORD-100702,P010,South,3.0,2026-06-27,COMPLETED
ORD-100703,P008,South,5.0,2026-02-04,COMPLETED
ORD-100704,P009,South,5.0,2026-03-22,COMPLETED
ORD-100705,P006,South,2.0,2026-06-22,pending
ORD-100706,P009,East,3.0,2026-06-27,pending
ORD-100707,P008,West,5.0,2026-05-30,COMPLETED
ORD-100708,P007,North,,2026-01-04,Completed
ORD-100709,P001,North,2.0,2026-06-21,COMPLETED
ORD-100710,P005,North,3.0,2026-02-07,Completed
ORD-100711,P009,East,1.0,2026-01-09,pending
ORD-100712,P009,West,3.0,2026-02-27,completed
ORD-100713,P007,West,3.0,2026-04-10,pending
ORD-100714,P001,East,4.0,2026-01-04,Completed
ORD-100715,P006,South,2.0,2026-05-31,COMPLETED
ORD-100716,P008,North,2.0,2026-02-15,pending
ORD-100717,P002,North,5.0,2026-04-07,COMPLETED
ORD-100718,P003,East,,2026-02-11,cancelled
ORD-100719,P003,South,5.0,2026-01-11,completed
ORD-100720,P010,East,5.0,2026-06-19,pending
ORD-100721,P006,East,2.0,2026-01-19,pending
ORD-100722,P002,South,5.0,2026-05-10,cancelled
ORD-100723,P002,South,3.0,2026-03-31,COMPLETED
ORD-100724,P006,South,5.0,2026-03-17,pending
ORD-100725,P008,North,3.0,2026-05-24,cancelled
ORD-100726,P004,South,3.0,2026-06-14,cancelled
ORD-100727,P002,East,3.0,2026-04-09,completed
ORD-100728,P009,West,3.0,2026-04-06,Completed
ORD-100729,P006,North,2.0,2026-05-12,pending
ORD-100730,P009,North,2.0,2026-01-02,cancelled
ORD-100731,P002,West,1.0,2026-02-22,Completed
ORD-100732,P001,East,1.0,2026-04-28,completed
ORD-100733,P003,North,2.0,2026-03-06,COMPLETED
ORD-100734,P007,West,4.0,2026-04-10,COMPLETED
ORD-100735,P001,North,5.0,2026-04-10,completed
ORD-100736,P010,North,5.0,2026-01-12,completed
ORD-100737,P005,East,3.0,2026-06-25,cancelled
ORD-100738,P007,North,5.0,2026-04-12,Completed
ORD-100739,P003,East,2.0,2026-04-11,COMPLETED
ORD-100740,P006,South,1.0,2026-01-03,pending
ORD-100741,P010,North,3.0,2026-04-11,Completed
ORD-100742,P007,South,2.0,2026-06-15,pending
ORD-100743,P005,North,5.0,2026-02-19,completed
ORD-100744,P009,North,1.0,2026-04-29,COMPLETED
ORD-100745,P002,West,3.0,2026-02-20,Completed
ORD-100746,P004,East,2.0,2026-01-26,COMPLETED
ORD-100747,P008,East,3.0,2026-04-26,pending
ORD-100748,P003,East,4.0,2026-05-25,Completed
ORD-100749,P001,South,4.0,2026-03-22,COMPLETED
ORD-100750,P006,East,4.0,2026-02-04,cancelled
ORD-100751,P006,West,2.0,2026-03-20,pending
ORD-100752,P002,South,2.0,2026-03-13,COMPLETED
ORD-100753,P002,North,1.0,2026-01-20,pending
ORD-100754,P010,South,5.0,2026-04-14,COMPLETED
ORD-100755,P009,West,2.0,2026-05-19,COMPLETED
ORD-100756,P007,East,5.0,2026-02-27,pending
ORD-100757,P002,East,2.0,2026-04-12,pending
ORD-100758,P003,South,2.0,2026-05-12,pending
ORD-100759,P010,South,4.0,2026-06-18,COMPLETED
ORD-100760,P001,West,3.0,2026-02-26,COMPLETED
ORD-100761,P004,South,3.0,2026-01-11,cancelled
ORD-100762,P008,North,3.0,2026-04-27,completed
ORD-100763,P009,East,3.0,2026-06-12,pending
ORD-100764,P009,South,4.0,2026-05-26,COMPLETED
ORD-100765,P010,North,4.0,2026-06-17,Completed
ORD-100766,P009,East,3.0,2026-04-14,cancelled
ORD-100767,P008,North,2.0,2026-06-04,cancelled
ORD-100768,P003,North,3.0,2026-02-28,Completed
ORD-100769,P003,South,1.0,2026-02-17,Completed
ORD-100770,P007,North,4.0,2026-03-26,cancelled
ORD-100771,P004,South,4.0,2026-06-01,completed
ORD-100772,P004,South,2.0,2026-01-12,Completed
ORD-100773,P009,South,3.0,2026-01-11,Completed
ORD-100774,P009,North,3.0,2026-04-14,completed
ORD-100775,P004,West,2.0,2026-04-25,Completed
ORD-100776,P007,South,2.0,2026-06-03,pending
ORD-100777,P009,South,3.0,2026-03-09,cancelled
ORD-100778,P010,North,4.0,2026-06-01,Completed
ORD-100779,P002,South,5.0,2026-01-05,cancelled
ORD-100780,P003,North,5.0,2026-06-05,pending
ORD-100781,P001,North,2.0,2026-05-17,pending
ORD-100782,P009,West,3.0,2026-01-01,completed
ORD-100783,P009,South,4.0,2026-04-20,cancelled
ORD-100784,P006,North,3.0,2026-05-31,cancelled
ORD-100785,P004,East,5.0,2026-01-22,cancelled
ORD-100786,P005,North,1.0,2026-02-18,pending
ORD-100787,P009,North,2.0,2026-01-31,COMPLETED
ORD-100788,P007,North,5.0,2026-04-03,COMPLETED
ORD-100789,P005,West,5.0,2026-05-18,COMPLETED
ORD-100790,P007,West,5.0,2026-02-22,cancelled
ORD-100791,P003,West,3.0,2026-04-05,pending
ORD-100792,P006,West,1.0,2026-06-30,Completed
ORD-100793,P008,South,5.0,2026-06-29,cancelled
ORD-100794,P006,North,1.0,2026-05-21,completed
ORD-100795,P003,West,3.0,2026-05-01,Completed
ORD-100796,P006,North,4.0,2026-01-21,pending
ORD-100797,P009,North,2.0,2026-03-15,cancelled
ORD-100798,P008,South,5.0,2026-01-03,COMPLETED
ORD-100799,P004,South,1.0,2026-01-09,COMPLETED
ORD-100800,P004,North,1.0,2026-06-17,COMPLETED
ORD-100801,P007,West,2.0,2026-04-01,pending
ORD-100802,P001,North,5.0,2026-06-30,COMPLETED
ORD-100803,P009,East,3.0,2026-05-30,Completed
ORD-100804,P010,West,5.0,2026-02-19,completed
ORD-100805,P005,West,5.0,2026-02-14,completed
ORD-100806,P009,East,5.0,2026-03-17,COMPLETED
ORD-100807,P009,East,4.0,2026-05-28,pending
ORD-100808,P008,East,4.0,2026-03-04,cancelled
ORD-100809,P010,West,1.0,2026-01-08,cancelled
ORD-100810,P004,South,4.0,2026-06-23,COMPLETED
ORD-100811,P009,North,3.0,2026-05-18,Completed
ORD-100812,P005,West,3.0,2026-01-24,completed
ORD-100813,P009,West,2.0,2026-02-15,pending
ORD-100814,P005,South,2.0,2026-02-16,Completed
ORD-100815,P004,South,2.0,2026-03-09,pending
ORD-100816,P006,North,1.0,2026-02-09,cancelled
ORD-100817,P010,North,3.0,2026-01-02,pending
ORD-100818,P006,East,5.0,2026-05-07,COMPLETED
ORD-100819,P007,South,4.0,2026-02-26,cancelled
ORD-100820,P009,East,2.0,2026-01-09,cancelled
ORD-100821,P002,West,1.0,2026-06-28,completed
ORD-100822,P004,North,5.0,2026-04-08,COMPLETED
ORD-100823,P003,East,4.0,2026-05-21,pending
ORD-100824,P006,South,2.0,2026-04-04,cancelled
ORD-100825,P006,West,2.0,2026-04-04,pending
ORD-100826,P003,South,3.0,2026-05-28,Completed
ORD-100827,P009,West,2.0,2026-04-21,cancelled
ORD-100828,P001,West,5.0,2026-02-15,pending
ORD-100829,P006,East,5.0,2026-05-05,completed
ORD-100830,P007,South,3.0,2026-01-26,cancelled
ORD-100831,P002,East,3.0,2026-04-26,pending
ORD-100832,P009,East,,2026-03-07,completed
ORD-100833,P006,South,5.0,2026-06-23,Completed
ORD-100834,P005,East,4.0,2026-04-01,cancelled
ORD-100835,P002,East,2.0,2026-04-08,Completed
ORD-100836,P006,West,1.0,2026-04-18,completed
ORD-100837,P003,South,3.0,2026-03-29,COMPLETED
ORD-100838,P010,West,4.0,2026-06-15,COMPLETED
ORD-100839,P010,West,2.0,2026-05-14,completed
ORD-100840,P003,East,1.0,2026-03-02,Completed
ORD-100841,P003,North,4.0,2026-04-12,pending
ORD-100842,P001,West,1.0,2026-01-07,completed
ORD-100843,P005,South,4.0,2026-06-08,COMPLETED
ORD-100844,P004,East,2.0,2026-03-05,Completed
ORD-100845,P009,North,3.0,2026-02-13,COMPLETED
ORD-100846,P008,East,2.0,2026-04-30,pending
ORD-100847,P003,West,5.0,2026-06-01,cancelled
ORD-100848,P009,East,4.0,2026-06-13,pending
ORD-100849,P004,West,4.0,2026-01-23,COMPLETED
ORD-100850,P003,North,,2026-03-19,Completed
ORD-100851,P006,West,4.0,2026-03-15,cancelled
ORD-100852,P005,West,5.0,2026-01-03,Completed
ORD-100853,P001,East,5.0,2026-05-21,cancelled
ORD-100854,P007,South,4.0,2026-03-05,cancelled
ORD-100855,P004,North,2.0,2026-03-09,pending
ORD-100856,P010,East,5.0,2026-06-27,COMPLETED
ORD-100857,P007,North,3.0,2026-02-18,completed
ORD-100858,P008,West,5.0,2026-06-08,cancelled
ORD-100859,P004,North,5.0,2026-03-24,completed
ORD-100860,P003,East,4.0,2026-01-27,completed
ORD-100861,P004,South,,2026-01-24,Completed
ORD-100862,P006,East,4.0,2026-04-18,COMPLETED
ORD-100863,P008,North,2.0,2026-06-28,completed
ORD-100864,P005,North,2.0,2026-04-11,Completed
ORD-100865,P005,North,2.0,2026-04-08,cancelled
ORD-100866,P008,North,1.0,2026-03-05,pending
ORD-100867,P004,West,3.0,2026-05-02,COMPLETED
ORD-100868,P003,North,5.0,2026-06-11,pending
ORD-100869,P002,West,2.0,2026-03-06,COMPLETED
ORD-100870,P001,South,2.0,2026-06-20,cancelled
ORD-100871,P006,South,5.0,2026-01-04,completed
ORD-100872,P007,North,5.0,2026-03-04,cancelled
ORD-100873,P010,East,2.0,2026-02-09,Completed
ORD-100874,P008,East,1.0,2026-01-24,completed
ORD-100875,P006,South,1.0,2026-06-15,Completed
ORD-100876,P008,East,3.0,2026-03-01,cancelled
ORD-100877,P004,West,2.0,2026-01-06,COMPLETED
ORD-100878,P001,West,5.0,2026-05-05,cancelled
ORD-100879,P004,South,3.0,2026-05-26,cancelled
ORD-100880,P005,South,2.0,2026-06-03,cancelled
ORD-100881,P005,East,5.0,2026-03-09,cancelled
ORD-100882,P003,East,2.0,2026-01-05,COMPLETED
ORD-100883,P002,West,4.0,2026-06-18,pending
ORD-100884,P003,East,3.0,2026-06-06,completed
ORD-100885,P002,North,2.0,2026-05-14,Completed
ORD-100886,P001,North,1.0,2026-02-21,completed
ORD-100887,P010,West,5.0,2026-06-14,pending
ORD-100888,P010,North,5.0,2026-03-07,completed
ORD-100889,P001,West,1.0,2026-02-23,cancelled
ORD-100890,P001,West,1.0,2026-04-03,pending
ORD-100891,P005,North,3.0,2026-05-16,completed
ORD-100892,P004,North,2.0,2026-05-13,pending
ORD-100893,P007,South,2.0,2026-02-18,pending
ORD-100894,P003,West,5.0,2026-05-23,COMPLETED
ORD-100895,P008,West,2.0,2026-06-29,Completed
ORD-100896,P009,East,5.0,2026-04-13,pending
ORD-100897,P008,East,3.0,2026-04-01,COMPLETED
ORD-100898,P007,West,3.0,2026-06-12,pending
ORD-100899,P004,South,5.0,2026-05-25,COMPLETED
ORD-100900,P006,West,1.0,2026-04-26,completed
ORD-100901,P005,North,3.0,2026-06-02,completed
ORD-100902,P005,South,1.0,2026-02-26,COMPLETED
ORD-100903,P009,South,4.0,2026-05-11,COMPLETED
ORD-100904,P003,East,5.0,2026-02-05,Completed
ORD-100905,P004,East,4.0,2026-03-07,pending
ORD-100906,P004,East,2.0,2026-01-20,cancelled
ORD-100907,P010,East,5.0,2026-01-25,cancelled
ORD-100908,P002,East,4.0,2026-01-15,cancelled
ORD-100909,P002,North,4.0,2026-02-28,completed
ORD-100910,P005,North,5.0,2026-05-15,Completed
ORD-100911,P006,South,4.0,2026-05-09,cancelled
ORD-100912,P010,North,3.0,2026-05-28,cancelled
ORD-100913,P003,East,5.0,2026-02-03,completed
ORD-100914,P009,East,5.0,2026-04-13,cancelled
ORD-100915,P003,West,4.0,2026-02-04,cancelled
ORD-100916,P010,South,3.0,2026-02-20,cancelled
ORD-100917,P006,North,4.0,2026-06-25,cancelled
ORD-100918,P006,South,5.0,2026-03-31,completed
ORD-100919,P005,East,4.0,2026-02-13,pending
ORD-100920,P003,North,2.0,2026-04-23,Completed
ORD-100921,P006,North,1.0,2026-02-09,Completed
ORD-100922,P010,East,,2026-02-07,completed
ORD-100923,P005,West,,2026-04-26,Completed
ORD-100924,P009,South,3.0,2026-02-24,pending
ORD-100925,P008,South,1.0,2026-06-09,cancelled
ORD-100926,P010,North,1.0,2026-06-19,COMPLETED
ORD-100927,P004,East,1.0,2026-06-28,completed
ORD-100928,P007,East,3.0,2026-06-19,completed
ORD-100929,P001,West,4.0,2026-03-16,pending
ORD-100930,P002,West,5.0,2026-03-22,completed
ORD-100931,P003,West,1.0,2026-02-20,completed
ORD-100932,P004,East,4.0,2026-05-16,Completed
ORD-100933,P001,East,3.0,2026-03-30,Completed
ORD-100934,P009,North,4.0,2026-03-12,completed
ORD-100935,P009,South,4.0,2026-03-13,Completed
ORD-100936,P002,South,5.0,2026-04-08,Completed
ORD-100937,P007,East,2.0,2026-03-21,Completed
ORD-100938,P003,South,3.0,2026-05-29,pending
ORD-100939,P003,South,5.0,2026-04-21,Completed
ORD-100940,P006,North,2.0,2026-01-18,completed
ORD-100941,P006,West,3.0,2026-04-16,Completed
ORD-100942,P004,South,5.0,2026-01-28,pending
ORD-100943,P005,South,2.0,2026-06-05,completed
ORD-100944,P006,West,5.0,2026-01-21,cancelled
ORD-100945,P006,West,2.0,2026-02-17,Completed
ORD-100946,P004,North,1.0,2026-02-27,COMPLETED
ORD-100947,P007,South,1.0,2026-02-26,Completed
ORD-100948,P008,West,4.0,2026-06-07,Completed
ORD-100949,P007,North,4.0,2026-04-14,COMPLETED
ORD-100950,P007,North,4.0,2026-06-06,cancelled
ORD-100951,P001,West,1.0,2026-03-04,pending
ORD-100952,P007,North,4.0,2026-05-13,cancelled
ORD-100953,P005,West,3.0,2026-03-15,pending
ORD-100954,P001,South,4.0,2026-06-26,completed
ORD-100955,P009,South,5.0,2026-01-29,Completed
ORD-100956,P007,East,2.0,2026-04-16,cancelled
ORD-100957,P010,West,3.0,2026-02-21,Completed
ORD-100958,P002,North,3.0,2026-01-24,completed
ORD-100959,P009,South,4.0,2026-04-09,completed
ORD-100960,P003,South,2.0,2026-03-27,Completed
ORD-100961,P001,East,4.0,2026-04-18,COMPLETED
ORD-100962,P003,South,1.0,2026-01-31,pending
ORD-100963,P005,West,4.0,2026-01-04,pending
ORD-100964,P001,West,5.0,2026-06-05,cancelled
ORD-100965,P008,West,5.0,2026-04-15,completed
ORD-100966,P004,East,5.0,2026-05-21,Completed
ORD-100967,P001,South,3.0,2026-02-17,completed
ORD-100968,P003,East,1.0,2026-01-09,completed
ORD-100969,P002,South,3.0,2026-04-17,pending
ORD-100970,P010,South,5.0,2026-05-27,COMPLETED
ORD-100971,P001,East,4.0,2026-01-24,completed
ORD-100972,P007,North,2.0,2026-05-21,completed
ORD-100973,P005,West,2.0,2026-03-26,pending
ORD-100974,P001,North,5.0,2026-01-28,COMPLETED
ORD-100975,P007,East,5.0,2026-06-05,pending
ORD-100976,P006,West,4.0,2026-02-03,cancelled
ORD-100977,P003,South,2.0,2026-06-06,completed
ORD-100978,P002,West,1.0,2026-01-07,Completed
ORD-100979,P010,West,3.0,2026-04-17,pending
ORD-100980,P004,South,3.0,2026-01-03,completed
ORD-100981,P005,East,1.0,2026-03-18,COMPLETED
ORD-100982,P006,North,2.0,2026-04-12,COMPLETED
ORD-100983,P006,West,1.0,2026-06-22,Completed
ORD-100984,P008,West,5.0,2026-02-09,COMPLETED
ORD-100985,P008,North,3.0,2026-04-16,pending
ORD-100986,P006,North,3.0,2026-05-23,COMPLETED
ORD-100987,P002,East,3.0,2026-02-08,cancelled
ORD-100988,P009,West,1.0,2026-02-12,COMPLETED
ORD-100989,P006,East,4.0,2026-01-09,Completed
ORD-100990,P006,East,3.0,2026-04-26,Completed
ORD-100991,P002,North,1.0,2026-04-06,cancelled
ORD-100992,P009,West,2.0,2026-01-07,Completed
ORD-100993,P006,East,2.0,2026-05-04,completed
ORD-100994,P009,South,1.0,2026-06-23,cancelled
ORD-100995,P007,North,,2026-05-14,completed
ORD-100996,P010,East,1.0,2026-01-23,completed
ORD-100997,P009,East,,2026-06-18,COMPLETED
ORD-100998,P004,South,3.0,2026-03-24,pending
ORD-100999,P006,North,2.0,2026-04-23,COMPLETED
ORD-101000,P002,North,3.0,2026-01-04,pending
ORD-101001,P006,South,3.0,2026-03-11,pending
ORD-101002,P004,North,3.0,2026-02-13,pending
ORD-101003,P008,South,,2026-01-13,completed
ORD-101004,P002,North,4.0,2026-04-09,Completed
ORD-101005,P010,West,3.0,2026-06-01,COMPLETED
ORD-101006,P004,North,4.0,2026-06-21,pending
ORD-101007,P003,West,3.0,2026-01-24,cancelled
ORD-101008,P008,South,5.0,2026-03-01,COMPLETED
ORD-101009,P006,South,3.0,2026-04-11,COMPLETED
ORD-101010,P008,North,1.0,2026-05-05,COMPLETED
ORD-101011,P008,South,3.0,2026-04-29,pending
ORD-101012,P010,North,1.0,2026-02-02,COMPLETED
ORD-101013,P009,North,5.0,2026-06-16,cancelled
ORD-101014,P007,West,2.0,2026-06-01,pending
ORD-101015,P003,West,2.0,2026-05-04,pending
ORD-101016,P007,East,2.0,2026-04-22,Completed
ORD-101017,P002,West,5.0,2026-05-27,cancelled
ORD-101018,P006,North,2.0,2026-05-23,COMPLETED
ORD-101019,P007,North,5.0,2026-01-18,cancelled
ORD-101020,P006,North,2.0,2026-05-07,pending
ORD-101021,P001,South,3.0,2026-02-07,cancelled
ORD-101022,P010,West,3.0,2026-05-28,COMPLETED
ORD-101023,P010,East,4.0,2026-06-23,COMPLETED
ORD-101024,P002,North,5.0,2026-05-30,cancelled
ORD-101025,P003,North,5.0,2026-03-17,completed
ORD-101026,P001,East,3.0,2026-06-30,completed
ORD-101027,P004,West,4.0,2026-04-21,cancelled
ORD-101028,P007,South,4.0,2026-04-22,Completed
ORD-101029,P004,West,3.0,2026-05-23,cancelled
ORD-101030,P003,South,1.0,2026-03-15,completed
ORD-101031,P003,West,2.0,2026-05-05,completed
ORD-101032,P003,West,5.0,2026-06-14,cancelled
ORD-101033,P010,West,5.0,2026-02-16,cancelled
ORD-101034,P007,South,5.0,2026-04-01,completed
ORD-101035,P010,South,3.0,2026-05-08,cancelled
ORD-101036,P009,East,1.0,2026-05-28,pending
ORD-101037,P008,East,4.0,2026-06-30,completed
ORD-101038,P003,East,1.0,2026-05-15,pending
ORD-101039,P010,South,1.0,2026-01-23,pending
ORD-101040,P010,North,5.0,2026-03-21,completed
ORD-101041,P008,West,3.0,2026-04-27,cancelled
ORD-101042,P006,East,5.0,2026-03-17,COMPLETED
ORD-101043,P010,North,5.0,2026-03-08,Completed
ORD-101044,P010,East,5.0,2026-01-14,completed
ORD-101045,P005,North,1.0,2026-05-05,COMPLETED
ORD-101046,P005,East,3.0,2026-02-03,completed
ORD-101047,P002,South,2.0,2026-06-04,cancelled
ORD-101048,P006,East,2.0,2026-02-14,cancelled
ORD-101049,P003,North,1.0,2026-05-16,Completed
ORD-101050,P010,West,4.0,2026-02-09,cancelled
ORD-101051,P004,West,2.0,2026-06-19,Completed
ORD-101052,P010,North,1.0,2026-03-30,completed
ORD-101053,P003,West,4.0,2026-04-29,pending
ORD-101054,P004,West,2.0,2026-04-08,pending
ORD-101055,P007,East,4.0,2026-01-04,cancelled
ORD-101056,P006,North,5.0,2026-05-16,COMPLETED
ORD-101057,P007,East,3.0,2026-06-06,completed
ORD-101058,P005,West,2.0,2026-06-17,pending
ORD-101059,P004,East,2.0,2026-05-14,COMPLETED
ORD-101060,P009,North,1.0,2026-01-03,cancelled
ORD-101061,P002,North,3.0,2026-05-15,Completed
ORD-101062,P005,South,5.0,2026-03-06,completed
ORD-101063,P001,South,1.0,2026-06-02,completed
ORD-101064,P002,South,5.0,2026-06-04,Completed
ORD-101065,P002,South,4.0,2026-06-28,completed
ORD-101066,P008,West,3.0,2026-03-12,COMPLETED
ORD-101067,P003,East,4.0,2026-01-19,cancelled
ORD-101068,P006,East,3.0,2026-01-16,Completed
ORD-101069,P008,West,2.0,2026-01-18,pending
ORD-101070,P007,West,5.0,2026-02-15,cancelled
ORD-101071,P004,North,3.0,2026-06-07,completed
ORD-101072,P001,North,3.0,2026-01-19,cancelled
ORD-101073,P001,South,1.0,2026-05-08,completed
ORD-101074,P007,South,4.0,2026-03-10,pending
ORD-101075,P001,West,4.0,2026-05-12,completed
ORD-101076,P009,North,4.0,2026-02-27,completed
ORD-101077,P010,East,3.0,2026-05-18,cancelled
ORD-101078,P001,North,3.0,2026-06-11,completed
ORD-101079,P008,South,1.0,2026-03-16,cancelled
ORD-101080,P004,West,3.0,2026-03-18,cancelled
ORD-101081,P002,West,2.0,2026-06-11,completed
ORD-101082,P004,South,1.0,2026-01-07,pending
ORD-101083,P005,West,1.0,2026-05-08,completed
ORD-101084,P006,East,1.0,2026-01-15,cancelled
ORD-101085,P002,West,5.0,2026-02-24,Completed
ORD-101086,P010,North,2.0,2026-03-01,cancelled
ORD-101087,P001,North,2.0,2026-05-01,completed
ORD-101088,P003,North,1.0,2026-06-11,cancelled
ORD-101089,P010,North,1.0,2026-02-13,completed
ORD-101090,P008,South,2.0,2026-06-02,cancelled
ORD-101091,P006,West,5.0,2026-06-23,pending
ORD-101092,P003,South,5.0,2026-03-24,Completed
ORD-101093,P006,North,4.0,2026-01-17,Completed
ORD-101094,P006,South,5.0,2026-05-22,completed
ORD-101095,P003,West,1.0,2026-01-26,cancelled
ORD-101096,P002,North,1.0,2026-01-02,pending
ORD-101097,P005,West,2.0,2026-04-17,Completed
ORD-101098,P005,West,2.0,2026-05-14,pending
ORD-101099,P001,South,5.0,2026-06-02,completed
ORD-101100,P005,West,,2026-03-31,Completed
ORD-101101,P004,North,5.0,2026-01-31,pending
ORD-101102,P004,South,2.0,2026-04-29,completed
ORD-101103,P003,West,2.0,2026-06-25,completed
ORD-101104,P001,East,4.0,2026-06-15,COMPLETED
ORD-101105,P006,West,1.0,2026-06-07,pending
ORD-101106,P003,North,1.0,2026-02-10,completed
ORD-101107,P004,East,3.0,2026-04-24,Completed
ORD-101108,P002,South,4.0,2026-03-25,Completed
ORD-101109,P007,North,4.0,2026-02-26,completed
ORD-101110,P007,South,4.0,2026-02-07,Completed
ORD-101111,P007,South,2.0,2026-04-06,COMPLETED
ORD-101112,P005,East,5.0,2026-02-21,completed
ORD-101113,P005,North,4.0,2026-02-04,cancelled
ORD-101114,P003,South,5.0,2026-03-29,Completed
ORD-101115,P010,South,5.0,2026-02-13,cancelled
ORD-101116,P004,West,3.0,2026-06-01,completed
ORD-101117,P007,South,5.0,2026-03-05,Completed
ORD-101118,P010,North,1.0,2026-02-08,completed
ORD-101119,P008,North,4.0,2026-05-10,cancelled
ORD-101120,P002,West,5.0,2026-04-26,completed
ORD-101121,P007,South,2.0,2026-02-25,completed
ORD-101122,P001,East,4.0,2026-05-03,pending
ORD-101123,P010,West,2.0,2026-01-07,cancelled
ORD-101124,P003,West,1.0,2026-04-05,completed
ORD-101125,P007,East,3.0,2026-06-26,cancelled
ORD-101126,P005,South,1.0,2026-06-28,pending
ORD-101127,P006,East,1.0,2026-01-15,cancelled
ORD-101128,P006,North,2.0,2026-04-30,pending
ORD-101129,P002,South,3.0,2026-05-24,Completed
ORD-101130,P009,West,5.0,2026-01-30,Completed
ORD-101131,P004,East,5.0,2026-03-24,cancelled
ORD-101132,P005,North,4.0,2026-01-14,cancelled
ORD-101133,P009,North,5.0,2026-05-15,pending
ORD-101134,P005,East,1.0,2026-04-26,Completed
ORD-101135,P008,North,2.0,2026-01-23,COMPLETED
ORD-101136,P002,South,2.0,2026-01-28,cancelled
ORD-101137,P003,North,5.0,2026-02-22,Completed
ORD-101138,P008,West,1.0,2026-03-30,COMPLETED
ORD-101139,P004,North,2.0,2026-01-17,pending
ORD-101140,P006,East,3.0,2026-04-16,cancelled
ORD-101141,P010,West,5.0,2026-06-20,Completed
ORD-101142,P005,East,3.0,2026-02-13,COMPLETED
ORD-101143,P001,East,2.0,2026-02-07,pending
ORD-101144,P003,East,2.0,2026-05-18,Completed
ORD-101145,P003,North,3.0,2026-03-02,pending
ORD-101146,P003,East,2.0,2026-04-23,pending
ORD-101147,P001,East,2.0,2026-06-20,COMPLETED
ORD-101148,P008,South,1.0,2026-05-19,completed
ORD-101149,P007,South,3.0,2026-05-08,Completed
ORD-101150,P001,East,3.0,2026-05-20,cancelled
ORD-101151,P005,South,4.0,2026-05-27,COMPLETED
ORD-101152,P002,North,5.0,2026-05-03,completed
ORD-101153,P005,West,2.0,2026-01-07,cancelled
ORD-101154,P006,East,2.0,2026-01-24,pending
ORD-101155,P009,East,1.0,2026-02-26,pending
ORD-101156,P008,North,4.0,2026-06-23,Completed
ORD-101157,P008,North,3.0,2026-03-23,cancelled
ORD-101158,P003,East,1.0,2026-04-20,COMPLETED
ORD-101159,P006,East,5.0,2026-03-31,completed
ORD-101160,P004,West,3.0,2026-04-24,Completed
ORD-101161,P007,South,5.0,2026-04-17,completed
ORD-101162,P003,East,5.0,2026-02-23,COMPLETED
ORD-101163,P002,West,4.0,2026-06-01,COMPLETED
ORD-101164,P007,West,2.0,2026-02-14,Completed
ORD-101165,P003,East,1.0,2026-04-08,COMPLETED
ORD-101166,P010,West,4.0,2026-03-19,Completed
ORD-101167,P001,South,4.0,2026-01-01,completed
ORD-101168,P005,South,2.0,2026-04-17,completed
ORD-101169,P002,West,1.0,2026-03-12,pending
ORD-101170,P006,West,3.0,2026-05-29,cancelled
ORD-101171,P002,North,2.0,2026-04-06,pending
ORD-101172,P001,East,2.0,2026-02-07,COMPLETED
ORD-101173,P003,East,3.0,2026-01-14,completed
ORD-101174,P005,North,2.0,2026-03-16,completed
ORD-101175,P010,East,3.0,2026-02-12,COMPLETED
ORD-101176,P006,East,1.0,2026-01-25,Completed
ORD-101177,P009,East,4.0,2026-03-14,COMPLETED
ORD-101178,P003,South,2.0,2026-01-27,Completed
ORD-101179,P009,North,1.0,2026-06-07,completed
ORD-101180,P003,West,3.0,2026-01-05,Completed
ORD-101181,P008,East,3.0,2026-06-02,completed
ORD-101182,P002,South,2.0,2026-02-26,Completed
ORD-101183,P005,South,1.0,2026-02-02,cancelled
ORD-101184,P002,North,4.0,2026-01-20,completed
ORD-101185,P004,North,5.0,2026-01-28,pending
ORD-101186,P001,North,1.0,2026-05-01,completed
ORD-101187,P005,North,1.0,2026-06-20,pending
ORD-101188,P004,South,3.0,2026-05-31,completed
ORD-101189,P002,East,3.0,2026-02-07,COMPLETED
ORD-101190,P003,South,1.0,2026-05-09,completed
ORD-101191,P010,South,3.0,2026-01-04,Completed
ORD-101192,P009,North,5.0,2026-01-02,cancelled
ORD-101193,P006,South,1.0,2026-06-28,Completed
ORD-101194,P006,West,2.0,2026-04-08,cancelled
ORD-101195,P002,North,5.0,2026-03-22,Completed
ORD-101196,P008,East,1.0,2026-04-03,completed
ORD-101197,P006,North,4.0,2026-05-07,pending
ORD-101198,P005,West,4.0,2026-06-25,COMPLETED
ORD-101199,P007,North,4.0,2026-02-18,COMPLETED
ORD-101200,P003,West,4.0,2026-01-04,cancelled
ORD-101201,P009,North,4.0,2026-06-18,cancelled
ORD-101202,P010,South,2.0,2026-01-27,COMPLETED
ORD-101203,P004,West,4.0,2026-06-02,cancelled
ORD-101204,P005,East,4.0,2026-05-29,COMPLETED
ORD-101205,P008,West,5.0,2026-06-20,COMPLETED
ORD-101206,P003,North,4.0,2026-04-27,cancelled
ORD-101207,P004,South,,2026-06-10,completed
ORD-101208,P002,North,4.0,2026-05-08,pending
ORD-101209,P006,East,1.0,2026-02-09,completed
ORD-101210,P009,West,4.0,2026-05-07,cancelled
ORD-101211,P009,East,5.0,2026-03-08,pending
ORD-101212,P001,West,1.0,2026-01-09,cancelled
ORD-101213,P008,West,1.0,2026-03-22,completed
ORD-101214,P003,East,2.0,2026-05-23,cancelled
ORD-101215,P007,East,4.0,2026-02-04,completed
ORD-101216,P010,West,5.0,2026-06-22,pending
ORD-101217,P008,South,4.0,2026-05-02,COMPLETED
ORD-101218,P008,West,3.0,2026-06-01,COMPLETED
ORD-101219,P006,North,2.0,2026-01-16,COMPLETED
ORD-101220,P006,North,3.0,2026-05-30,cancelled
ORD-101221,P002,East,4.0,2026-04-20,COMPLETED
ORD-101222,P001,South,3.0,2026-06-19,pending
ORD-101223,P002,North,1.0,2026-06-26,COMPLETED
ORD-101224,P003,East,4.0,2026-01-06,pending
ORD-101225,P009,East,,2026-04-18,cancelled
ORD-101226,P010,East,4.0,2026-01-06,COMPLETED
ORD-101227,P010,West,2.0,2026-01-26,COMPLETED
ORD-101228,P008,East,3.0,2026-05-09,COMPLETED
ORD-101229,P007,West,1.0,2026-02-21,pending
ORD-101230,P004,East,5.0,2026-03-15,cancelled
ORD-101231,P004,North,5.0,2026-06-09,completed
ORD-101232,P010,East,5.0,2026-03-28,cancelled
ORD-101233,P007,East,3.0,2026-02-23,pending
ORD-101234,P005,East,4.0,2026-04-21,COMPLETED
ORD-101235,P010,West,5.0,2026-05-12,Completed
ORD-101236,P001,South,2.0,2026-06-10,cancelled
ORD-101237,P005,West,1.0,2026-06-13,pending
ORD-101238,P004,West,2.0,2026-04-04,COMPLETED
ORD-101239,P007,East,1.0,2026-04-16,Completed
ORD-101240,P007,East,3.0,2026-03-10,pending
ORD-101241,P004,South,2.0,2026-04-14,completed
ORD-101242,P004,West,4.0,2026-03-21,cancelled
ORD-101243,P001,South,1.0,2026-02-21,COMPLETED
ORD-101244,P005,South,1.0,2026-06-18,cancelled
ORD-101245,P001,North,3.0,2026-01-15,completed
ORD-101246,P007,North,2.0,2026-04-04,Completed
ORD-101247,P002,North,5.0,2026-05-27,pending
ORD-101248,P005,North,1.0,2026-05-08,COMPLETED
ORD-101249,P006,West,2.0,2026-05-30,cancelled
ORD-101250,P004,North,3.0,2026-02-06,cancelled
ORD-101251,P007,North,3.0,2026-03-07,completed
ORD-101252,P006,West,2.0,2026-05-20,COMPLETED
ORD-101253,P003,West,3.0,2026-04-03,completed
ORD-101254,P010,North,2.0,2026-01-09,COMPLETED
ORD-101255,P009,East,3.0,2026-04-09,completed
ORD-101256,P009,West,4.0,2026-03-02,COMPLETED
ORD-101257,P005,South,2.0,2026-01-24,cancelled
ORD-101258,P006,West,3.0,2026-06-14,completed
ORD-101259,P008,West,3.0,2026-05-01,cancelled
ORD-101260,P002,East,3.0,2026-02-11,cancelled
ORD-101261,P010,East,1.0,2026-05-21,completed
ORD-101262,P003,West,2.0,2026-06-11,completed
ORD-101263,P007,East,1.0,2026-02-21,completed
ORD-101264,P003,South,4.0,2026-03-05,COMPLETED
ORD-101265,P008,South,5.0,2026-05-03,COMPLETED
ORD-101266,P005,North,2.0,2026-02-20,cancelled
ORD-101267,P007,South,,2026-05-27,completed
ORD-101268,P009,South,4.0,2026-06-15,Completed
ORD-101269,P005,South,5.0,2026-06-29,cancelled
ORD-101270,P010,South,3.0,2026-03-08,Completed
ORD-101271,P010,North,4.0,2026-01-31,cancelled
ORD-101272,P008,South,2.0,2026-01-31,COMPLETED
ORD-101273,P005,West,2.0,2026-05-07,pending
ORD-101274,P004,South,4.0,2026-03-14,Completed
ORD-101275,P001,East,4.0,2026-03-16,Completed
ORD-101276,P006,West,4.0,2026-05-30,Completed
ORD-101277,P006,West,4.0,2026-06-27,cancelled
ORD-101278,P010,North,1.0,2026-03-07,completed
ORD-101279,P006,West,5.0,2026-03-02,pending
ORD-101280,P001,East,4.0,2026-01-02,COMPLETED
ORD-101281,P007,East,5.0,2026-06-21,completed
ORD-101282,P010,East,4.0,2026-02-15,COMPLETED
ORD-101283,P008,North,5.0,2026-02-03,cancelled
ORD-101284,P003,North,2.0,2026-03-08,cancelled
ORD-101285,P005,West,3.0,2026-04-03,pending
ORD-101286,P005,East,2.0,2026-05-13,COMPLETED
ORD-101287,P008,West,2.0,2026-02-08,completed
ORD-101288,P004,North,2.0,2026-02-16,cancelled
ORD-101289,P007,West,3.0,2026-01-30,pending
ORD-101290,P008,West,2.0,2026-04-28,completed
ORD-101291,P006,South,2.0,2026-01-24,Completed
ORD-101292,P009,South,1.0,2026-03-11,pending
ORD-101293,P010,West,2.0,2026-02-16,cancelled
ORD-101294,P002,North,1.0,2026-03-26,cancelled
ORD-101295,P006,North,2.0,2026-06-01,completed
ORD-101296,P002,West,3.0,2026-04-28,pending
ORD-101297,P001,North,4.0,2026-03-26,COMPLETED
ORD-101298,P010,South,3.0,2026-02-03,COMPLETED
ORD-101299,P001,West,3.0,2026-01-19,Completed
ORD-101300,P004,North,,2026-04-13,Completed
ORD-101301,P003,West,2.0,2026-04-10,completed
ORD-101302,P005,West,3.0,2026-05-06,pending
ORD-101303,P003,North,5.0,2026-04-02,Completed
ORD-101304,P008,West,5.0,2026-04-25,pending
ORD-101305,P007,West,5.0,2026-01-24,Completed
ORD-101306,P007,West,5.0,2026-06-11,COMPLETED
ORD-101307,P008,South,2.0,2026-06-23,cancelled
ORD-101308,P009,North,4.0,2026-06-11,completed
ORD-101309,P008,South,3.0,2026-03-18,Completed
ORD-101310,P009,East,5.0,2026-04-20,completed
ORD-101311,P001,North,4.0,2026-05-12,completed
ORD-101312,P008,East,5.0,2026-06-19,completed
ORD-101313,P009,North,4.0,2026-01-05,Completed
ORD-101314,P003,North,3.0,2026-04-11,COMPLETED
ORD-101315,P010,West,3.0,2026-04-27,COMPLETED
ORD-101316,P003,South,5.0,2026-02-24,COMPLETED
ORD-101317,P002,North,,2026-04-22,completed
ORD-101318,P001,West,4.0,2026-02-13,pending
ORD-101319,P008,East,4.0,2026-03-19,COMPLETED
ORD-101320,P002,South,,2026-02-02,completed
ORD-101321,P001,South,2.0,2026-06-28,cancelled
ORD-101322,P003,South,5.0,2026-06-16,Completed
ORD-101323,P002,West,4.0,2026-03-19,completed
ORD-101324,P002,South,4.0,2026-02-12,cancelled
ORD-101325,P008,West,2.0,2026-01-06,COMPLETED
ORD-101326,P010,North,1.0,2026-04-11,cancelled
ORD-101327,P007,East,4.0,2026-05-07,cancelled
ORD-101328,P009,West,1.0,2026-06-01,pending
ORD-101329,P001,East,3.0,2026-04-19,cancelled
ORD-101330,P008,West,3.0,2026-01-30,cancelled
ORD-101331,P007,South,2.0,2026-01-06,cancelled
ORD-101332,P006,South,5.0,2026-04-23,COMPLETED
ORD-101333,P010,West,3.0,2026-06-18,cancelled
ORD-101334,P007,East,2.0,2026-06-22,pending
ORD-101335,P004,North,2.0,2026-03-14,Completed
ORD-101336,P004,West,4.0,2026-02-10,cancelled
ORD-101337,P005,South,1.0,2026-03-02,COMPLETED
ORD-101338,P005,South,5.0,2026-04-02,completed
ORD-101339,P002,West,2.0,2026-03-28,completed
ORD-101340,P009,West,3.0,2026-02-27,COMPLETED
ORD-101341,P001,East,5.0,2026-05-23,pending
ORD-101342,P002,North,4.0,2026-06-30,cancelled
ORD-101343,P002,North,1.0,2026-01-28,pending
ORD-101344,P002,North,3.0,2026-02-12,Completed
ORD-101345,P005,West,1.0,2026-04-24,Completed
ORD-101346,P006,South,2.0,2026-03-27,cancelled
ORD-101347,P007,South,4.0,2026-01-02,COMPLETED
ORD-101348,P005,South,3.0,2026-05-10,cancelled
ORD-101349,P006,South,5.0,2026-06-11,cancelled
ORD-101350,P004,West,4.0,2026-02-05,cancelled
ORD-101351,P009,East,4.0,2026-06-24,Completed
ORD-101352,P001,North,3.0,2026-05-13,cancelled
ORD-101353,P003,North,1.0,2026-04-22,Completed
ORD-101354,P010,East,5.0,2026-01-15,COMPLETED
ORD-101355,P006,North,5.0,2026-03-30,pending
ORD-101356,P003,West,2.0,2026-06-29,pending
ORD-101357,P010,West,4.0,2026-06-08,Completed
ORD-101358,P005,North,4.0,2026-01-22,Completed
ORD-101359,P009,East,5.0,2026-05-19,pending
ORD-101360,P005,East,2.0,2026-05-14,completed
ORD-101361,P001,East,3.0,2026-05-19,cancelled
ORD-101362,P009,North,3.0,2026-01-29,pending
ORD-101363,P006,North,1.0,2026-02-01,cancelled
ORD-101364,P005,North,2.0,2026-05-27,pending
ORD-101365,P010,South,3.0,2026-06-10,pending
ORD-101366,P003,South,5.0,2026-04-07,pending
ORD-101367,P004,West,4.0,2026-04-03,cancelled
ORD-101368,P002,North,2.0,2026-01-24,cancelled
ORD-101369,P004,North,5.0,2026-04-25,cancelled
ORD-101370,P010,West,5.0,2026-05-24,cancelled
ORD-101371,P007,West,4.0,2026-04-23,Completed
ORD-101372,P003,South,4.0,2026-05-10,Completed
ORD-101373,P009,North,4.0,2026-05-16,cancelled
ORD-101374,P001,East,1.0,2026-02-10,pending
ORD-101375,P007,North,3.0,2026-01-29,completed
ORD-101376,P009,North,3.0,2026-02-09,COMPLETED
ORD-101377,P005,North,2.0,2026-05-05,pending
ORD-101378,P007,East,2.0,2026-01-13,Completed
ORD-101379,P008,North,1.0,2026-01-01,completed
ORD-101380,P007,East,3.0,2026-05-04,cancelled
ORD-101381,P008,South,5.0,2026-06-05,cancelled
ORD-101382,P008,West,3.0,2026-06-20,completed
ORD-101383,P010,West,4.0,2026-06-20,COMPLETED
ORD-101384,P009,West,1.0,2026-01-12,Completed
ORD-101385,P001,East,1.0,2026-05-27,pending
ORD-101386,P002,North,5.0,2026-02-19,Completed
ORD-101387,P008,North,5.0,2026-05-09,Completed
ORD-101388,P001,South,5.0,2026-03-12,cancelled
ORD-101389,P002,East,1.0,2026-05-17,cancelled
ORD-101390,P001,West,1.0,2026-03-29,pending
ORD-101391,P006,East,1.0,2026-04-08,pending
ORD-101392,P003,South,1.0,2026-03-15,Completed
ORD-101393,P005,South,3.0,2026-04-15,Completed
ORD-101394,P001,East,3.0,2026-01-15,Completed
ORD-101395,P007,East,1.0,2026-03-24,completed
ORD-101396,P004,South,5.0,2026-03-03,cancelled
ORD-101397,P002,North,5.0,2026-03-10,cancelled
ORD-101398,P002,North,2.0,2026-05-04,completed
ORD-101399,P005,North,5.0,2026-05-22,Completed
ORD-101400,P005,West,5.0,2026-05-26,Completed
ORD-101401,P003,South,5.0,2026-04-06,cancelled
ORD-101402,P009,North,,2026-04-26,cancelled
ORD-101403,P010,South,,2026-03-16,cancelled
ORD-101404,P005,East,4.0,2026-06-03,COMPLETED
ORD-101405,P004,East,5.0,2026-05-30,pending
ORD-101406,P002,North,1.0,2026-03-18,Completed
ORD-101407,P009,West,5.0,2026-03-13,COMPLETED
ORD-101408,P006,East,4.0,2026-06-12,COMPLETED
ORD-101409,P004,East,4.0,2026-06-19,pending
ORD-101410,P006,South,1.0,2026-01-05,pending
ORD-101411,P008,North,4.0,2026-01-02,pending
ORD-101412,P008,North,1.0,2026-04-11,pending
ORD-101413,P001,West,3.0,2026-06-21,cancelled
ORD-101414,P010,West,1.0,2026-04-02,completed
ORD-101415,P008,South,2.0,2026-04-05,completed
ORD-101416,P005,East,5.0,2026-06-24,COMPLETED
ORD-101417,P004,West,1.0,2026-03-01,COMPLETED
ORD-101418,P008,South,,2026-06-30,cancelled
ORD-101419,P002,West,2.0,2026-03-13,pending
ORD-101420,P010,South,2.0,2026-05-25,completed
ORD-101421,P003,South,3.0,2026-03-08,Completed
ORD-101422,P001,East,4.0,2026-06-27,completed
ORD-101423,P007,North,3.0,2026-06-14,cancelled
ORD-101424,P007,North,4.0,2026-03-12,cancelled
ORD-101425,P006,North,2.0,2026-05-13,completed
ORD-101426,P005,West,4.0,2026-04-18,Completed
ORD-101427,P006,North,2.0,2026-01-21,cancelled
ORD-101428,P002,South,3.0,2026-03-05,completed
ORD-101429,P002,West,1.0,2026-01-08,pending
ORD-101430,P006,South,2.0,2026-03-06,COMPLETED
ORD-101431,P001,South,5.0,2026-03-27,pending
ORD-101432,P008,West,1.0,2026-01-25,completed
ORD-101433,P001,East,1.0,2026-04-07,Completed
ORD-101434,P001,North,4.0,2026-04-24,completed
ORD-101435,P002,North,3.0,2026-06-23,cancelled
ORD-101436,P007,West,5.0,2026-01-25,pending
ORD-101437,P001,West,4.0,2026-04-27,pending
ORD-101438,P010,East,1.0,2026-01-26,cancelled
ORD-101439,P009,South,1.0,2026-03-26,pending
ORD-101440,P002,South,2.0,2026-06-01,pending
ORD-101441,P005,West,5.0,2026-04-01,cancelled
ORD-101442,P003,South,1.0,2026-03-04,Completed
ORD-101443,P005,West,3.0,2026-05-30,COMPLETED
ORD-101444,P010,South,3.0,2026-05-19,pending
ORD-101445,P006,East,5.0,2026-03-16,pending
ORD-101446,P003,South,5.0,2026-01-15,completed
ORD-101447,P007,South,2.0,2026-03-30,completed
ORD-101448,P006,West,4.0,2026-02-18,pending
ORD-101449,P006,East,4.0,2026-05-29,COMPLETED
ORD-101450,P003,West,1.0,2026-01-27,cancelled
ORD-101451,P004,South,4.0,2026-01-01,pending
ORD-101452,P004,West,3.0,2026-03-03,cancelled
ORD-101453,P004,South,1.0,2026-04-13,COMPLETED
ORD-101454,P001,East,1.0,2026-01-19,Completed
ORD-101455,P005,South,3.0,2026-04-23,completed
ORD-101456,P001,South,2.0,2026-02-20,COMPLETED
ORD-101457,P003,South,1.0,2026-03-28,Completed
ORD-101458,P005,North,2.0,2026-01-26,cancelled
ORD-101459,P002,South,2.0,2026-03-28,COMPLETED
ORD-101460,P006,South,5.0,2026-06-19,cancelled
ORD-101461,P002,South,2.0,2026-01-31,Completed
ORD-101462,P004,West,3.0,2026-05-17,pending
ORD-101463,P007,South,5.0,2026-06-12,pending
ORD-101464,P004,East,3.0,2026-05-18,Completed
ORD-101465,P001,East,5.0,2026-06-11,pending
ORD-101466,P008,North,5.0,2026-02-23,completed
ORD-101467,P003,West,5.0,2026-05-11,COMPLETED
ORD-101468,P008,West,3.0,2026-05-13,pending
ORD-101469,P008,West,4.0,2026-05-07,pending
ORD-101470,P001,South,4.0,2026-02-23,Completed
ORD-101471,P007,East,4.0,2026-02-25,pending
ORD-101472,P003,East,2.0,2026-04-06,completed
ORD-101473,P005,East,1.0,2026-04-24,cancelled
ORD-101474,P009,East,4.0,2026-06-09,cancelled
ORD-101475,P007,West,4.0,2026-04-05,completed
ORD-101476,P003,South,1.0,2026-04-24,COMPLETED
ORD-101477,P002,North,2.0,2026-03-17,completed
ORD-101478,P002,East,2.0,2026-01-19,COMPLETED
ORD-101479,P004,East,3.0,2026-06-22,Completed
ORD-101480,P010,East,,2026-02-05,COMPLETED
ORD-101481,P005,West,5.0,2026-03-30,completed
ORD-101482,P008,South,2.0,2026-06-17,Completed
ORD-101483,P004,South,5.0,2026-05-02,cancelled
ORD-101484,P008,North,2.0,2026-03-29,cancelled
ORD-101485,P007,West,5.0,2026-02-23,completed
ORD-101486,P006,South,1.0,2026-02-05,cancelled
ORD-101487,P006,South,4.0,2026-03-28,pending
ORD-101488,P005,North,1.0,2026-03-25,Completed
ORD-101489,P003,West,2.0,2026-03-26,cancelled
ORD-101490,P002,West,1.0,2026-05-17,COMPLETED
ORD-101491,P010,East,1.0,2026-04-26,pending
ORD-101492,P003,West,,2026-01-09,Completed
ORD-101493,P002,East,3.0,2026-04-09,pending
ORD-101494,P002,North,1.0,2026-04-27,Completed
ORD-101495,P006,West,1.0,2026-04-16,Completed
ORD-101496,P009,West,4.0,2026-04-18,Completed
ORD-101497,P003,East,4.0,2026-02-22,Completed
ORD-101498,P010,East,5.0,2026-05-28,cancelled
ORD-101499,P005,North,4.0,2026-02-21,completed
ORD-101500,P007,South,5.0,2026-06-04,cancelled
ORD-101501,P008,North,3.0,2026-04-29,cancelled
ORD-101502,P006,East,2.0,2026-06-29,cancelled
ORD-101503,P004,West,2.0,2026-02-15,pending
ORD-101504,P002,North,2.0,2026-04-11,COMPLETED
ORD-101505,P009,North,2.0,2026-03-16,cancelled
ORD-101506,P007,North,1.0,2026-05-22,completed
ORD-101507,P009,West,3.0,2026-03-25,Completed
ORD-101508,P009,West,,2026-01-12,cancelled
ORD-101509,P007,West,4.0,2026-03-29,completed
ORD-101510,P001,North,2.0,2026-03-06,COMPLETED
ORD-101511,P008,West,5.0,2026-05-05,Completed
ORD-101512,P008,West,2.0,2026-02-05,Completed
ORD-101513,P001,North,1.0,2026-06-05,pending
ORD-101514,P007,North,1.0,2026-02-13,COMPLETED
ORD-101515,P003,East,1.0,2026-04-23,pending
ORD-101516,P004,North,5.0,2026-04-24,completed
ORD-101517,P007,East,5.0,2026-06-26,completed
ORD-101518,P001,South,3.0,2026-04-07,Completed
ORD-101519,P004,North,1.0,2026-01-24,COMPLETED
ORD-101520,P004,North,1.0,2026-06-24,Completed
ORD-101521,P003,West,3.0,2026-01-12,COMPLETED
ORD-101522,P009,South,5.0,2026-06-10,cancelled
ORD-101523,P007,South,3.0,2026-01-31,COMPLETED
ORD-101524,P003,West,1.0,2026-01-04,cancelled
ORD-101525,P004,South,3.0,2026-04-28,pending
ORD-101526,P006,North,4.0,2026-01-12,COMPLETED
ORD-101527,P010,North,5.0,2026-05-08,Completed
ORD-101528,P005,East,4.0,2026-01-25,Completed
ORD-101529,P006,East,4.0,2026-02-14,completed
ORD-101530,P006,West,2.0,2026-01-05,pending
ORD-101531,P010,North,5.0,2026-06-30,completed
ORD-101532,P005,West,5.0,2026-03-02,completed
ORD-101533,P001,East,2.0,2026-02-05,Completed
ORD-101534,P007,North,5.0,2026-02-22,cancelled
ORD-101535,P006,East,1.0,2026-02-04,pending
ORD-101536,P007,East,2.0,2026-06-15,COMPLETED
ORD-101537,P006,South,2.0,2026-03-04,Completed
ORD-101538,P010,East,1.0,2026-04-08,completed
ORD-101539,P008,South,2.0,2026-01-18,Completed
ORD-101540,P003,South,2.0,2026-01-24,Completed
ORD-101541,P009,West,3.0,2026-01-21,Completed
ORD-101542,P004,West,2.0,2026-03-04,COMPLETED
ORD-101543,P005,West,2.0,2026-05-28,COMPLETED
ORD-101544,P008,East,2.0,2026-01-21,cancelled
ORD-101545,P008,West,4.0,2026-04-19,completed
ORD-101546,P007,North,3.0,2026-04-20,pending
ORD-101547,P009,South,4.0,2026-02-09,COMPLETED
ORD-101548,P008,West,4.0,2026-03-14,completed
ORD-101549,P006,West,2.0,2026-02-04,completed
ORD-101550,P001,East,4.0,2026-05-09,cancelled
ORD-101551,P006,West,5.0,2026-04-09,completed
ORD-101552,P007,North,5.0,2026-01-10,Completed
ORD-101553,P004,East,3.0,2026-04-22,pending
ORD-101554,P008,East,4.0,2026-06-12,cancelled
ORD-101555,P004,West,3.0,2026-03-04,completed
ORD-101556,P003,West,2.0,2026-03-08,COMPLETED
ORD-101557,P004,South,,2026-06-04,completed
ORD-101558,P007,North,2.0,2026-04-12,cancelled
ORD-101559,P003,East,5.0,2026-04-20,pending
ORD-101560,P007,East,1.0,2026-05-31,completed
ORD-101561,P010,South,2.0,2026-03-30,cancelled
ORD-101562,P005,South,1.0,2026-01-02,completed
ORD-101563,P002,West,3.0,2026-06-28,cancelled
ORD-101564,P003,East,2.0,2026-02-15,Completed
ORD-101565,P008,North,2.0,2026-02-16,Completed
ORD-101566,P004,South,2.0,2026-01-16,COMPLETED
ORD-101567,P007,North,2.0,2026-04-23,completed
ORD-101568,P005,West,1.0,2026-01-22,COMPLETED
ORD-101569,P001,South,1.0,2026-05-30,completed
ORD-101570,P001,North,1.0,2026-03-10,completed
ORD-101571,P004,North,5.0,2026-05-14,COMPLETED
ORD-101572,P008,East,3.0,2026-05-02,COMPLETED
ORD-101573,P006,South,4.0,2026-03-22,cancelled
ORD-101574,P010,East,1.0,2026-01-15,completed
ORD-101575,P008,West,2.0,2026-06-28,completed
ORD-101576,P010,East,2.0,2026-02-01,COMPLETED
ORD-101577,P008,West,2.0,2026-06-08,completed
ORD-101578,P006,East,3.0,2026-01-05,cancelled
ORD-101579,P004,West,5.0,2026-06-05,completed
ORD-101580,P006,West,1.0,2026-04-20,cancelled
ORD-101581,P005,South,5.0,2026-06-05,pending
ORD-101582,P009,South,1.0,2026-01-09,COMPLETED
ORD-101583,P009,South,1.0,2026-04-30,cancelled
ORD-101584,P009,South,1.0,2026-03-03,completed
ORD-101585,P007,South,3.0,2026-01-08,cancelled
ORD-101586,P005,East,1.0,2026-02-26,Completed
ORD-101587,P009,West,3.0,2026-06-12,Completed
ORD-101588,P010,North,4.0,2026-06-03,cancelled
ORD-101589,P009,South,1.0,2026-04-22,COMPLETED
ORD-101590,P002,North,5.0,2026-01-29,Completed
ORD-101591,P002,East,3.0,2026-05-27,cancelled
ORD-101592,P010,East,5.0,2026-01-01,Completed
ORD-101593,P007,East,2.0,2026-04-19,pending
ORD-101594,P010,South,1.0,2026-06-01,pending
ORD-101595,P008,South,3.0,2026-03-22,Completed
ORD-101596,P008,West,3.0,2026-06-24,Completed
ORD-101597,P001,East,1.0,2026-06-03,COMPLETED
ORD-101598,P010,South,4.0,2026-05-03,completed
ORD-101599,P006,South,2.0,2026-02-09,completed
ORD-101600,P003,West,2.0,2026-05-05,completed
ORD-101601,P009,East,4.0,2026-04-11,COMPLETED
ORD-101602,P007,North,3.0,2026-04-11,COMPLETED
ORD-101603,P004,West,3.0,2026-06-29,pending
ORD-101604,P001,West,5.0,2026-03-19,Completed
ORD-101605,P008,West,2.0,2026-06-28,Completed
ORD-101606,P004,North,5.0,2026-02-20,completed
ORD-101607,P003,West,2.0,2026-04-07,completed
ORD-101608,P002,West,1.0,2026-04-02,completed
ORD-101609,P009,East,2.0,2026-06-16,cancelled
ORD-101610,P004,North,4.0,2026-01-09,COMPLETED
ORD-101611,P010,West,1.0,2026-02-14,cancelled
ORD-101612,P007,West,1.0,2026-03-12,completed
ORD-101613,P002,West,5.0,2026-02-01,Completed
ORD-101614,P001,West,1.0,2026-05-31,pending
ORD-101615,P003,West,4.0,2026-04-09,COMPLETED
ORD-101616,P010,North,5.0,2026-02-02,Completed
ORD-101617,P007,North,5.0,2026-06-29,pending
ORD-101618,P008,North,2.0,2026-01-17,completed
ORD-101619,P003,South,,2026-06-03,cancelled
ORD-101620,P006,North,2.0,2026-02-01,Completed
ORD-101621,P002,East,1.0,2026-05-24,completed
ORD-101622,P002,East,5.0,2026-05-10,Completed
ORD-101623,P007,North,1.0,2026-06-18,pending
ORD-101624,P005,West,4.0,2026-06-18,COMPLETED
ORD-101625,P009,South,1.0,2026-04-01,Completed
ORD-101626,P001,South,2.0,2026-02-18,Completed
ORD-101627,P010,South,3.0,2026-05-22,Completed
ORD-101628,P010,North,3.0,2026-04-19,cancelled
ORD-101629,P003,West,3.0,2026-04-13,cancelled
ORD-101630,P003,South,3.0,2026-05-18,Completed
ORD-101631,P006,South,2.0,2026-05-25,COMPLETED
ORD-101632,P007,North,2.0,2026-04-08,completed
ORD-101633,P005,North,4.0,2026-02-01,completed
ORD-101634,P006,North,3.0,2026-06-13,COMPLETED
ORD-101635,P003,East,,2026-02-27,cancelled
ORD-101636,P004,North,1.0,2026-04-07,Completed
ORD-101637,P009,West,3.0,2026-03-20,pending
ORD-101638,P005,East,1.0,2026-05-22,Completed
ORD-101639,P006,South,5.0,2026-04-10,pending
ORD-101640,P010,West,3.0,2026-04-14,completed
ORD-101641,P009,South,5.0,2026-02-09,COMPLETED
ORD-101642,P001,East,2.0,2026-06-13,pending
ORD-101643,P007,West,3.0,2026-06-30,cancelled
ORD-101644,P009,East,5.0,2026-03-15,Completed
ORD-101645,P005,North,4.0,2026-06-12,COMPLETED
ORD-101646,P002,North,2.0,2026-06-12,completed
ORD-101647,P003,North,3.0,2026-05-28,pending
ORD-101648,P008,West,2.0,2026-01-03,cancelled
ORD-101649,P008,North,5.0,2026-05-12,Completed
ORD-101650,P001,East,5.0,2026-04-19,pending
ORD-101651,P001,West,5.0,2026-06-05,Completed
ORD-101652,P003,East,5.0,2026-01-20,COMPLETED
ORD-101653,P001,West,3.0,2026-04-19,completed
ORD-101654,P006,South,1.0,2026-06-23,COMPLETED
ORD-101655,P005,East,1.0,2026-05-04,pending
ORD-101656,P007,East,5.0,2026-02-25,completed
ORD-101657,P008,West,1.0,2026-06-08,pending
ORD-101658,P008,East,1.0,2026-03-26,COMPLETED
ORD-101659,P003,East,,2026-04-13,cancelled
ORD-101660,P008,North,2.0,2026-02-20,cancelled
ORD-101661,P002,North,3.0,2026-05-05,Completed
ORD-101662,P008,East,4.0,2026-04-12,Completed
ORD-101663,P009,North,4.0,2026-03-10,Completed
ORD-101664,P003,West,,2026-04-01,Completed
ORD-101665,P002,East,4.0,2026-02-18,cancelled
ORD-101666,P006,South,4.0,2026-01-09,COMPLETED
ORD-101667,P002,West,2.0,2026-04-18,COMPLETED
ORD-101668,P007,West,1.0,2026-05-09,completed
ORD-101669,P003,East,2.0,2026-02-09,completed
ORD-101670,P006,North,3.0,2026-04-20,COMPLETED
ORD-101671,P008,West,2.0,2026-01-22,pending
ORD-101672,P003,East,3.0,2026-03-05,Completed
ORD-101673,P007,West,1.0,2026-02-20,pending
ORD-101674,P010,South,5.0,2026-02-16,Completed
ORD-101675,P004,South,3.0,2026-01-31,Completed
ORD-101676,P003,North,1.0,2026-04-20,completed
ORD-101677,P007,East,2.0,2026-04-15,Completed
ORD-101678,P006,West,4.0,2026-04-20,completed
ORD-101679,P005,East,3.0,2026-01-29,cancelled
ORD-101680,P004,North,1.0,2026-03-23,completed
ORD-101681,P006,East,5.0,2026-02-24,completed
ORD-101682,P007,East,3.0,2026-02-17,COMPLETED
ORD-101683,P005,North,5.0,2026-01-29,Completed
ORD-101684,P006,East,5.0,2026-04-03,pending
ORD-101685,P010,South,2.0,2026-04-06,pending
ORD-101686,P007,North,5.0,2026-01-23,completed
ORD-101687,P001,South,4.0,2026-05-31,completed
ORD-101688,P002,East,4.0,2026-05-20,Completed
ORD-101689,P009,North,4.0,2026-02-09,pending
ORD-101690,P005,East,4.0,2026-05-24,completed
ORD-101691,P007,West,5.0,2026-01-18,completed
ORD-101692,P003,East,2.0,2026-06-03,COMPLETED
ORD-101693,P001,North,2.0,2026-05-25,cancelled
ORD-101694,P008,North,5.0,2026-06-25,cancelled
ORD-101695,P009,West,2.0,2026-04-10,Completed
ORD-101696,P001,South,1.0,2026-02-10,pending
ORD-101697,P008,East,2.0,2026-05-09,COMPLETED
ORD-101698,P005,North,1.0,2026-05-22,pending
ORD-101699,P004,North,3.0,2026-03-16,Completed
ORD-101700,P005,South,2.0,2026-01-14,pending
ORD-101701,P002,East,3.0,2026-01-01,COMPLETED
ORD-101702,P002,East,4.0,2026-06-30,pending
ORD-101703,P005,North,1.0,2026-03-25,COMPLETED
ORD-101704,P004,South,1.0,2026-03-13,pending
ORD-101705,P010,West,3.0,2026-01-28,pending
ORD-101706,P009,West,3.0,2026-02-22,Completed
ORD-101707,P010,West,2.0,2026-06-11,cancelled
ORD-101708,P006,West,2.0,2026-02-07,cancelled
ORD-101709,P003,South,2.0,2026-02-15,COMPLETED
ORD-101710,P001,South,4.0,2026-03-21,pending
ORD-101711,P004,South,2.0,2026-01-18,cancelled
ORD-101712,P007,South,1.0,2026-01-26,pending
ORD-101713,P002,West,,2026-04-07,completed
ORD-101714,P001,South,3.0,2026-02-03,Completed
ORD-101715,P010,North,1.0,2026-01-04,pending
ORD-101716,P006,South,5.0,2026-01-22,cancelled
ORD-101717,P003,East,2.0,2026-03-20,completed
ORD-101718,P009,East,1.0,2026-06-27,completed
ORD-101719,P001,East,4.0,2026-01-27,Completed
ORD-101720,P001,North,4.0,2026-02-27,Completed
ORD-101721,P006,East,4.0,2026-06-17,completed
ORD-101722,P008,North,3.0,2026-02-13,COMPLETED
ORD-101723,P002,East,1.0,2026-06-07,completed
ORD-101724,P010,South,3.0,2026-02-08,pending
ORD-101725,P003,West,3.0,2026-06-23,pending
ORD-101726,P005,North,4.0,2026-03-31,COMPLETED
ORD-101727,P005,North,2.0,2026-01-20,Completed
ORD-101728,P006,West,4.0,2026-02-07,completed
ORD-101729,P002,West,3.0,2026-05-28,Completed
ORD-101730,P002,South,4.0,2026-03-24,COMPLETED
ORD-101731,P006,West,4.0,2026-05-07,pending
ORD-101732,P006,South,5.0,2026-02-05,cancelled
ORD-101733,P009,West,2.0,2026-05-17,cancelled
ORD-101734,P002,West,2.0,2026-05-29,completed
ORD-101735,P004,North,1.0,2026-04-03,COMPLETED
ORD-101736,P009,South,1.0,2026-05-02,COMPLETED
ORD-101737,P006,East,5.0,2026-02-05,cancelled
ORD-101738,P004,South,2.0,2026-02-23,completed
ORD-101739,P003,North,4.0,2026-04-07,COMPLETED
ORD-101740,P001,North,1.0,2026-06-29,cancelled
ORD-101741,P010,North,2.0,2026-02-10,completed
ORD-101742,P004,North,4.0,2026-01-20,Completed
ORD-101743,P003,South,3.0,2026-05-01,cancelled
ORD-101744,P007,West,1.0,2026-03-28,COMPLETED
ORD-101745,P002,North,1.0,2026-02-09,pending
ORD-101746,P003,South,,2026-05-09,cancelled
ORD-101747,P008,East,5.0,2026-05-22,COMPLETED
ORD-101748,P004,South,1.0,2026-04-19,pending
ORD-101749,P007,South,1.0,2026-02-02,Completed
ORD-101750,P007,North,4.0,2026-02-17,cancelled
ORD-101751,P006,West,2.0,2026-06-17,completed
ORD-101752,P006,West,1.0,2026-06-15,completed
ORD-101753,P002,East,,2026-04-03,COMPLETED
ORD-101754,P003,North,5.0,2026-05-19,completed
ORD-101755,P005,South,1.0,2026-02-18,Completed
ORD-101756,P005,North,4.0,2026-01-22,completed
ORD-101757,P001,North,1.0,2026-03-22,COMPLETED
ORD-101758,P005,South,4.0,2026-04-12,COMPLETED
ORD-101759,P003,North,5.0,2026-06-29,completed
ORD-101760,P009,North,4.0,2026-02-08,cancelled
ORD-101761,P010,East,4.0,2026-01-10,completed
ORD-101762,P002,South,2.0,2026-03-01,Completed
ORD-101763,P009,East,2.0,2026-05-13,COMPLETED
ORD-101764,P005,West,4.0,2026-04-03,Completed
ORD-101765,P004,North,5.0,2026-06-06,cancelled
ORD-101766,P002,South,3.0,2026-01-04,pending
ORD-101767,P002,North,2.0,2026-05-08,COMPLETED
ORD-101768,P003,East,3.0,2026-01-18,completed
ORD-101769,P002,West,4.0,2026-02-15,COMPLETED
ORD-101770,P008,South,5.0,2026-06-16,cancelled
ORD-101771,P001,East,5.0,2026-04-04,Completed
ORD-101772,P008,East,4.0,2026-04-04,pending
ORD-101773,P008,North,1.0,2026-03-09,Completed
ORD-101774,P009,South,3.0,2026-01-03,cancelled
ORD-101775,P003,West,2.0,2026-05-26,cancelled
ORD-101776,P008,North,4.0,2026-06-21,pending
ORD-101777,P008,North,1.0,2026-01-28,cancelled
ORD-101778,P007,West,3.0,2026-02-21,COMPLETED
ORD-101779,P010,South,4.0,2026-05-05,completed
ORD-101780,P005,North,4.0,2026-04-27,Completed
ORD-101781,P004,North,4.0,2026-03-23,completed
ORD-101782,P006,West,2.0,2026-04-21,completed
ORD-101783,P007,East,1.0,2026-03-11,Completed
ORD-101784,P002,West,4.0,2026-03-12,cancelled
ORD-101785,P009,East,1.0,2026-02-24,completed
ORD-101786,P007,East,3.0,2026-03-29,cancelled
ORD-101787,P008,South,4.0,2026-05-02,COMPLETED
ORD-101788,P010,North,5.0,2026-04-10,Completed
ORD-101789,P002,South,3.0,2026-06-20,completed
ORD-101790,P003,South,3.0,2026-04-28,completed
ORD-101791,P007,North,2.0,2026-03-09,cancelled
ORD-101792,P010,North,2.0,2026-01-25,cancelled
ORD-101793,P009,West,2.0,2026-02-12,Completed
ORD-101794,P010,East,1.0,2026-01-04,COMPLETED
ORD-101795,P005,North,4.0,2026-05-09,cancelled
ORD-101796,P007,East,4.0,2026-04-01,pending
ORD-101797,P006,South,3.0,2026-01-30,Completed
ORD-101798,P009,South,4.0,2026-06-02,COMPLETED
ORD-101799,P007,East,1.0,2026-06-12,completed
ORD-101800,P002,North,4.0,2026-01-23,completed
ORD-101801,P008,North,5.0,2026-06-09,pending
ORD-101802,P001,East,2.0,2026-06-20,Completed
ORD-101803,P008,West,4.0,2026-05-22,completed
ORD-101804,P006,West,4.0,2026-04-29,completed
ORD-101805,P006,East,3.0,2026-02-27,COMPLETED
ORD-101806,P007,South,,2026-06-22,cancelled
ORD-101807,P001,North,3.0,2026-01-04,pending
ORD-101808,P010,East,5.0,2026-03-23,cancelled
ORD-101809,P004,West,4.0,2026-05-23,completed
ORD-101810,P010,South,4.0,2026-04-20,Completed
ORD-101811,P007,South,1.0,2026-03-23,Completed
ORD-101812,P009,West,3.0,2026-01-31,pending
ORD-101813,P003,South,1.0,2026-03-24,cancelled
ORD-101814,P001,South,,2026-06-10,pending
ORD-101815,P002,West,,2026-05-27,Completed
ORD-101816,P008,East,2.0,2026-06-12,COMPLETED
ORD-101817,P004,South,4.0,2026-05-18,COMPLETED
ORD-101818,P001,North,1.0,2026-03-12,pending
ORD-101819,P002,West,1.0,2026-01-29,completed
ORD-101820,P003,East,1.0,2026-03-14,completed
ORD-101821,P008,South,4.0,2026-04-03,completed
ORD-101822,P007,West,1.0,2026-01-19,Completed
ORD-101823,P007,East,4.0,2026-04-07,Completed
ORD-101824,P003,North,5.0,2026-03-18,pending
ORD-101825,P001,East,4.0,2026-01-31,pending
ORD-101826,P010,North,3.0,2026-05-20,completed
ORD-101827,P004,North,5.0,2026-06-05,pending
ORD-101828,P003,East,2.0,2026-02-25,completed
ORD-101829,P006,South,2.0,2026-02-05,COMPLETED
ORD-101830,P005,South,3.0,2026-05-04,pending
ORD-101831,P005,West,4.0,2026-04-30,Completed
ORD-101832,P005,South,3.0,2026-02-14,cancelled
ORD-101833,P002,East,2.0,2026-05-30,cancelled
ORD-101834,P007,West,3.0,2026-04-25,COMPLETED
ORD-101835,P010,West,5.0,2026-01-28,COMPLETED
ORD-101836,P006,North,1.0,2026-06-11,pending
ORD-101837,P005,West,5.0,2026-05-31,COMPLETED
ORD-101838,P007,North,3.0,2026-01-08,cancelled
ORD-101839,P003,South,3.0,2026-04-02,COMPLETED
ORD-101840,P003,North,,2026-03-22,completed
ORD-101841,P006,West,3.0,2026-02-24,Completed
ORD-101842,P009,West,2.0,2026-01-17,pending
ORD-101843,P004,East,1.0,2026-01-27,pending
ORD-101844,P007,West,3.0,2026-06-24,Completed
ORD-101845,P004,West,3.0,2026-01-13,cancelled
ORD-101846,P002,West,3.0,2026-02-01,pending
ORD-101847,P007,North,5.0,2026-03-02,completed
ORD-101848,P008,South,4.0,2026-03-14,completed
ORD-101849,P009,North,1.0,2026-05-16,completed
ORD-101850,P008,West,3.0,2026-01-25,COMPLETED
ORD-101851,P006,North,3.0,2026-04-13,cancelled
ORD-101852,P010,West,4.0,2026-01-13,cancelled
ORD-101853,P002,North,,2026-04-06,completed
ORD-101854,P001,North,4.0,2026-02-05,Completed
ORD-101855,P003,South,3.0,2026-01-23,pending
ORD-101856,P001,North,1.0,2026-06-26,completed
ORD-101857,P001,North,5.0,2026-03-19,cancelled
ORD-101858,P005,South,5.0,2026-06-28,cancelled
ORD-101859,P002,East,5.0,2026-02-02,cancelled
ORD-101860,P008,North,2.0,2026-06-21,pending
ORD-101861,P008,West,3.0,2026-06-19,cancelled
ORD-101862,P004,East,1.0,2026-01-24,COMPLETED
ORD-101863,P009,South,1.0,2026-03-04,cancelled
ORD-101864,P001,North,4.0,2026-02-24,cancelled
ORD-101865,P004,North,5.0,2026-05-05,pending
ORD-101866,P009,East,2.0,2026-03-22,pending
ORD-101867,P002,South,4.0,2026-02-03,cancelled
ORD-101868,P010,South,2.0,2026-05-12,completed
ORD-101869,P005,South,5.0,2026-04-19,completed
ORD-101870,P003,North,2.0,2026-04-29,completed
ORD-101871,P008,East,,2026-02-17,pending
ORD-101872,P008,East,5.0,2026-04-01,completed
ORD-101873,P006,South,5.0,2026-04-21,cancelled
ORD-101874,P009,North,3.0,2026-03-27,completed
ORD-101875,P001,West,4.0,2026-06-16,Completed
ORD-101876,P005,West,3.0,2026-02-18,pending
ORD-101877,P010,West,1.0,2026-05-07,Completed
ORD-101878,P002,North,1.0,2026-02-26,pending
ORD-101879,P005,North,3.0,2026-03-03,Completed
ORD-101880,P010,West,1.0,2026-06-29,Completed
ORD-101881,P005,South,2.0,2026-05-07,COMPLETED
ORD-101882,P005,East,1.0,2026-06-30,Completed
ORD-101883,P009,West,2.0,2026-06-29,Completed
ORD-101884,P006,North,3.0,2026-06-24,cancelled
ORD-101885,P003,West,1.0,2026-01-04,Completed
ORD-101886,P005,South,1.0,2026-01-20,pending
ORD-101887,P006,North,2.0,2026-05-02,cancelled
ORD-101888,P002,North,3.0,2026-01-12,Completed
ORD-101889,P009,South,1.0,2026-05-09,completed
ORD-101890,P005,West,3.0,2026-03-27,pending
ORD-101891,P005,West,4.0,2026-06-19,completed
ORD-101892,P006,East,5.0,2026-03-19,cancelled
ORD-101893,P002,North,4.0,2026-03-11,Completed
ORD-101894,P003,West,5.0,2026-04-02,cancelled
ORD-101895,P006,North,4.0,2026-02-22,completed
ORD-101896,P005,West,5.0,2026-06-10,Completed
ORD-101897,P005,East,4.0,2026-06-23,pending
ORD-101898,P007,East,5.0,2026-03-12,pending
ORD-101899,P006,North,4.0,2026-06-06,pending
ORD-101900,P006,North,4.0,2026-03-15,Completed
ORD-101901,P008,South,3.0,2026-06-24,pending
ORD-101902,P009,South,3.0,2026-06-20,completed
ORD-101903,P005,West,3.0,2026-01-04,pending
ORD-101904,P002,West,4.0,2026-01-14,COMPLETED
ORD-101905,P001,East,3.0,2026-01-13,pending
ORD-101906,P009,North,2.0,2026-02-09,Completed
ORD-101907,P007,North,1.0,2026-05-30,cancelled
ORD-101908,P006,West,1.0,2026-03-05,COMPLETED
ORD-101909,P005,East,4.0,2026-06-02,COMPLETED
ORD-101910,P010,South,4.0,2026-02-05,pending
ORD-101911,P004,East,5.0,2026-03-19,cancelled
ORD-101912,P009,West,4.0,2026-02-16,completed
ORD-101913,P003,West,5.0,2026-05-15,COMPLETED
ORD-101914,P008,West,4.0,2026-04-01,cancelled
ORD-101915,P001,North,4.0,2026-05-24,completed
ORD-101916,P003,East,5.0,2026-06-07,pending
ORD-101917,P006,East,4.0,2026-02-02,Completed
ORD-101918,P007,North,5.0,2026-06-21,cancelled
ORD-101919,P001,North,1.0,2026-01-22,COMPLETED
ORD-101920,P010,East,3.0,2026-01-25,completed
ORD-101921,P002,North,5.0,2026-05-30,Completed
ORD-101922,P009,South,2.0,2026-05-07,COMPLETED
ORD-101923,P005,West,2.0,2026-01-02,completed
ORD-101924,P002,South,1.0,2026-01-01,pending
ORD-101925,P002,South,1.0,2026-03-05,pending
ORD-101926,P008,North,3.0,2026-04-11,cancelled
ORD-101927,P008,South,5.0,2026-02-17,COMPLETED
ORD-101928,P010,West,5.0,2026-06-24,completed
ORD-101929,P007,North,2.0,2026-02-07,Completed
ORD-101930,P009,South,3.0,2026-06-29,COMPLETED
ORD-101931,P002,West,3.0,2026-05-31,cancelled
ORD-101932,P007,North,4.0,2026-06-28,Completed
ORD-101933,P001,West,4.0,2026-03-14,completed
ORD-101934,P010,North,5.0,2026-03-19,cancelled
ORD-101935,P001,South,4.0,2026-04-01,COMPLETED
ORD-101936,P001,East,5.0,2026-02-10,Completed
ORD-101937,P006,West,2.0,2026-06-30,Completed
ORD-101938,P006,East,2.0,2026-06-17,COMPLETED
ORD-101939,P005,North,4.0,2026-04-11,cancelled
ORD-101940,P008,South,5.0,2026-06-05,pending
ORD-101941,P005,East,5.0,2026-02-03,COMPLETED
ORD-101942,P010,West,1.0,2026-06-08,Completed
ORD-101943,P004,North,4.0,2026-01-25,COMPLETED
ORD-101944,P004,North,2.0,2026-03-02,cancelled
ORD-101945,P007,North,1.0,2026-01-17,completed
ORD-101946,P002,East,1.0,2026-04-24,Completed
ORD-101947,P006,West,5.0,2026-01-28,pending
ORD-101948,P004,East,3.0,2026-02-20,Completed
ORD-101949,P004,West,2.0,2026-02-11,completed
ORD-101950,P010,North,2.0,2026-01-07,completed
ORD-101951,P006,North,5.0,2026-04-15,cancelled
ORD-101952,P004,West,3.0,2026-02-23,pending
ORD-101953,P009,North,4.0,2026-02-05,completed
ORD-101954,P010,South,3.0,2026-01-21,completed
ORD-101955,P002,South,5.0,2026-05-08,COMPLETED
ORD-101956,P001,East,3.0,2026-02-27,cancelled
ORD-101957,P006,South,1.0,2026-01-18,pending
ORD-101958,P010,East,1.0,2026-03-03,pending
ORD-101959,P002,West,3.0,2026-05-30,completed
ORD-101960,P001,West,3.0,2026-03-28,completed
ORD-101961,P003,East,1.0,2026-02-22,Completed
ORD-101962,P008,North,1.0,2026-01-19,cancelled
ORD-101963,P010,North,4.0,2026-06-06,Completed
ORD-101964,P005,North,5.0,2026-01-11,Completed
ORD-101965,P006,West,2.0,2026-04-21,completed
ORD-101966,P001,South,4.0,2026-01-07,completed
ORD-101967,P009,North,4.0,2026-05-04,Completed
ORD-101968,P007,West,1.0,2026-06-29,cancelled
ORD-101969,P002,East,3.0,2026-06-07,cancelled
ORD-101970,P001,South,1.0,2026-03-02,Completed
ORD-101971,P007,North,1.0,2026-05-18,Completed
ORD-101972,P001,North,2.0,2026-01-20,COMPLETED
ORD-101973,P001,East,2.0,2026-03-22,COMPLETED
ORD-101974,P003,West,1.0,2026-06-05,completed
ORD-101975,P002,South,3.0,2026-03-06,Completed
ORD-101976,P008,East,3.0,2026-03-19,Completed
ORD-101977,P009,East,5.0,2026-03-10,completed
ORD-101978,P001,West,5.0,2026-03-30,cancelled
ORD-101979,P005,South,5.0,2026-01-21,Completed
ORD-101980,P005,South,2.0,2026-05-22,completed
ORD-101981,P004,West,4.0,2026-06-28,completed
ORD-101982,P001,North,5.0,2026-05-08,cancelled
ORD-101983,P005,North,5.0,2026-01-22,cancelled
ORD-101984,P008,West,1.0,2026-01-05,Completed
ORD-101985,P004,South,5.0,2026-04-08,completed
ORD-101986,P005,East,5.0,2026-01-09,COMPLETED
ORD-101987,P005,South,3.0,2026-06-01,pending
ORD-101988,P007,North,5.0,2026-04-20,cancelled
ORD-101989,P005,West,5.0,2026-05-17,pending
ORD-101990,P005,West,2.0,2026-02-11,Completed
ORD-101991,P001,East,2.0,2026-03-13,pending
ORD-101992,P005,West,3.0,2026-03-28,COMPLETED
ORD-101993,P005,East,5.0,2026-06-18,completed
ORD-101994,P002,East,2.0,2026-03-20,cancelled
ORD-101995,P008,West,,2026-01-05,completed
ORD-101996,P006,South,5.0,2026-05-03,completed
ORD-101997,P005,East,4.0,2026-06-06,Completed
ORD-101998,P005,East,2.0,2026-03-12,Completed
ORD-101999,P003,North,1.0,2026-02-07,Completed
ORD-102000,P009,East,2.0,2026-04-23,completed
ORD-102001,P005,North,3.0,2026-03-07,pending
ORD-102002,P001,South,1.0,2026-06-03,pending
ORD-102003,P008,North,3.0,2026-01-29,pending
ORD-102004,P006,West,4.0,2026-06-24,COMPLETED
ORD-102005,P003,East,3.0,2026-01-07,COMPLETED
ORD-102006,P007,East,3.0,2026-06-16,pending
ORD-102007,P001,East,2.0,2026-02-11,pending
ORD-102008,P001,South,5.0,2026-01-28,pending
ORD-102009,P010,South,5.0,2026-03-30,completed
ORD-102010,P003,North,2.0,2026-04-08,pending
ORD-102011,P009,West,1.0,2026-05-28,pending
ORD-102012,P001,West,5.0,2026-06-05,cancelled
ORD-102013,P006,South,3.0,2026-03-10,Completed
ORD-102014,P006,East,3.0,2026-03-04,completed
ORD-102015,P004,West,3.0,2026-04-24,pending
ORD-102016,P009,East,5.0,2026-01-20,Completed
ORD-102017,P008,South,2.0,2026-04-18,pending
ORD-102018,P004,South,3.0,2026-04-15,COMPLETED
ORD-102019,P006,North,5.0,2026-01-31,Completed
ORD-102020,P010,South,4.0,2026-05-07,completed
ORD-102021,P003,West,5.0,2026-01-31,cancelled
ORD-102022,P002,North,1.0,2026-02-02,Completed
ORD-102023,P002,West,3.0,2026-02-03,Completed
ORD-102024,P007,South,1.0,2026-06-28,COMPLETED
ORD-102025,P006,North,1.0,2026-06-01,completed
ORD-102026,P006,West,4.0,2026-04-25,COMPLETED
ORD-102027,P008,South,5.0,2026-06-29,pending
ORD-102028,P002,North,3.0,2026-02-08,cancelled
ORD-102029,P007,West,5.0,2026-03-24,COMPLETED
ORD-102030,P002,East,1.0,2026-03-01,pending
ORD-102031,P009,West,4.0,2026-05-15,COMPLETED
ORD-102032,P003,North,2.0,2026-02-06,cancelled
ORD-102033,P009,East,3.0,2026-03-13,Completed
ORD-102034,P002,East,2.0,2026-03-15,Completed
ORD-102035,P005,North,3.0,2026-03-08,Completed
ORD-102036,P002,South,,2026-02-22,completed
ORD-102037,P009,South,,2026-05-18,completed
ORD-102038,P006,East,5.0,2026-02-22,cancelled
ORD-102039,P008,South,3.0,2026-05-14,completed
ORD-102040,P002,West,1.0,2026-04-24,Completed
ORD-102041,P005,North,1.0,2026-06-21,Completed
ORD-102042,P002,South,3.0,2026-03-25,cancelled
ORD-102043,P009,North,3.0,2026-06-22,completed
ORD-102044,P007,East,5.0,2026-01-26,completed
ORD-102045,P001,South,2.0,2026-03-04,Completed
ORD-102046,P005,South,2.0,2026-05-01,cancelled
ORD-102047,P005,South,1.0,2026-02-03,pending
ORD-102048,P004,West,5.0,2026-01-01,pending
ORD-102049,P004,North,3.0,2026-02-15,pending
ORD-102050,P007,South,4.0,2026-06-11,pending
ORD-102051,P003,South,4.0,2026-03-18,cancelled
ORD-102052,P007,East,3.0,2026-06-03,completed
ORD-102053,P004,East,4.0,2026-01-29,COMPLETED
ORD-102054,P004,West,4.0,2026-06-19,COMPLETED
ORD-102055,P002,West,4.0,2026-03-30,cancelled
ORD-102056,P010,South,,2026-04-16,COMPLETED
ORD-102057,P009,West,3.0,2026-02-25,COMPLETED
ORD-102058,P006,West,4.0,2026-04-16,cancelled
ORD-102059,P005,East,2.0,2026-01-14,COMPLETED
ORD-102060,P001,West,5.0,2026-03-20,Completed
ORD-102061,P009,North,5.0,2026-02-22,pending
ORD-102062,P006,North,1.0,2026-02-03,cancelled
ORD-102063,P002,East,5.0,2026-06-30,completed
ORD-102064,P001,South,2.0,2026-05-13,Completed
ORD-102065,P009,South,2.0,2026-04-12,COMPLETED
ORD-102066,P006,South,2.0,2026-04-16,completed
ORD-102067,P001,North,4.0,2026-01-06,completed
ORD-102068,P003,East,,2026-03-14,Completed
ORD-102069,P001,North,4.0,2026-03-11,cancelled
ORD-102070,P003,North,5.0,2026-03-11,cancelled
ORD-102071,P001,South,5.0,2026-01-04,cancelled
ORD-102072,P004,East,4.0,2026-06-05,pending
ORD-102073,P001,East,1.0,2026-03-19,COMPLETED
ORD-102074,P010,West,1.0,2026-05-01,Completed
ORD-102075,P007,East,5.0,2026-05-24,pending
ORD-102076,P004,North,4.0,2026-04-08,COMPLETED
ORD-102077,P009,West,1.0,2026-01-28,cancelled
ORD-102078,P004,East,1.0,2026-04-25,COMPLETED
ORD-102079,P006,North,2.0,2026-02-06,Completed
ORD-102080,P008,South,4.0,2026-06-01,pending
ORD-102081,P008,South,4.0,2026-05-14,COMPLETED
ORD-102082,P007,East,1.0,2026-03-21,COMPLETED
ORD-102083,P010,West,3.0,2026-06-03,Completed
ORD-102084,P009,West,2.0,2026-05-06,COMPLETED
ORD-102085,P008,North,4.0,2026-05-04,completed
ORD-102086,P007,North,1.0,2026-02-02,Completed
ORD-102087,P004,North,4.0,2026-04-23,cancelled
ORD-102088,P003,West,5.0,2026-06-10,cancelled
ORD-102089,P007,East,3.0,2026-01-03,COMPLETED
ORD-102090,P009,East,2.0,2026-03-24,Completed
ORD-102091,P005,South,3.0,2026-05-14,pending
ORD-102092,P010,West,3.0,2026-03-06,Completed
ORD-102093,P003,West,,2026-05-15,cancelled
ORD-102094,P003,West,1.0,2026-02-08,COMPLETED
ORD-102095,P004,North,3.0,2026-02-21,completed
ORD-102096,P001,West,1.0,2026-06-09,COMPLETED
ORD-102097,P009,East,2.0,2026-02-27,COMPLETED
ORD-102098,P005,East,4.0,2026-04-20,COMPLETED
ORD-102099,P009,South,2.0,2026-05-19,completed
ORD-102100,P004,South,1.0,2026-03-13,Completed
ORD-102101,P009,West,5.0,2026-05-31,pending
ORD-102102,P005,West,1.0,2026-06-07,Completed
ORD-102103,P004,South,4.0,2026-01-24,completed
ORD-102104,P006,North,4.0,2026-01-20,cancelled
ORD-102105,P008,East,1.0,2026-03-25,Completed
ORD-102106,P009,West,4.0,2026-04-11,COMPLETED
ORD-102107,P005,East,5.0,2026-05-14,Completed
ORD-102108,P003,East,4.0,2026-06-12,pending
ORD-102109,P008,East,5.0,2026-05-06,cancelled
ORD-102110,P006,North,4.0,2026-02-15,COMPLETED
ORD-102111,P007,South,2.0,2026-02-24,completed
ORD-102112,P004,East,1.0,2026-04-24,pending
ORD-102113,P005,North,3.0,2026-03-26,pending
ORD-102114,P001,East,3.0,2026-06-05,cancelled
ORD-102115,P007,East,1.0,2026-01-12,pending
ORD-102116,P001,West,4.0,2026-05-01,pending
ORD-102117,P002,East,,2026-01-10,Completed
ORD-102118,P003,North,1.0,2026-02-03,completed
ORD-102119,P008,North,5.0,2026-06-13,COMPLETED
ORD-102120,P004,North,3.0,2026-06-17,Completed
ORD-102121,P010,North,4.0,2026-04-04,cancelled
ORD-102122,P001,South,5.0,2026-01-17,Completed
ORD-102123,P005,South,3.0,2026-01-22,pending
ORD-102124,P004,West,1.0,2026-06-26,COMPLETED
ORD-102125,P005,East,4.0,2026-05-24,pending
ORD-102126,P002,West,1.0,2026-05-25,Completed
ORD-102127,P002,East,1.0,2026-02-17,Completed
ORD-102128,P001,East,2.0,2026-02-25,COMPLETED
ORD-102129,P004,East,3.0,2026-02-03,Completed
ORD-102130,P005,East,2.0,2026-02-05,COMPLETED
ORD-102131,P004,East,4.0,2026-02-15,COMPLETED
ORD-102132,P002,East,3.0,2026-05-06,pending
ORD-102133,P008,South,5.0,2026-06-11,cancelled
ORD-102134,P003,South,4.0,2026-05-18,COMPLETED
ORD-102135,P005,East,5.0,2026-02-23,pending
ORD-102136,P005,South,4.0,2026-01-24,COMPLETED
ORD-102137,P001,South,4.0,2026-01-30,pending
ORD-102138,P006,West,1.0,2026-04-06,COMPLETED
ORD-102139,P002,East,1.0,2026-06-11,Completed
ORD-102140,P007,East,1.0,2026-05-02,Completed
ORD-102141,P006,South,2.0,2026-03-20,completed
ORD-102142,P008,West,4.0,2026-06-07,cancelled
ORD-102143,P008,East,5.0,2026-03-04,COMPLETED
ORD-102144,P008,West,2.0,2026-06-23,pending
ORD-102145,P002,West,5.0,2026-04-18,cancelled
ORD-102146,P010,South,3.0,2026-01-08,pending
ORD-102147,P009,South,3.0,2026-02-20,completed
ORD-102148,P002,South,4.0,2026-03-21,cancelled
ORD-102149,P003,North,2.0,2026-04-28,Completed
ORD-102150,P005,North,2.0,2026-03-20,cancelled
ORD-102151,P002,South,3.0,2026-03-04,completed
ORD-102152,P008,East,5.0,2026-02-10,cancelled
ORD-102153,P004,West,2.0,2026-05-01,completed
ORD-102154,P007,East,2.0,2026-02-02,cancelled
ORD-102155,P006,West,5.0,2026-03-14,completed
ORD-102156,P006,North,5.0,2026-05-06,Completed
ORD-102157,P004,East,1.0,2026-04-05,pending
ORD-102158,P010,North,2.0,2026-04-12,cancelled
ORD-102159,P004,South,1.0,2026-01-12,COMPLETED
ORD-102160,P007,South,3.0,2026-06-17,COMPLETED
ORD-102161,P007,West,4.0,2026-06-22,Completed
ORD-102162,P003,North,1.0,2026-04-12,COMPLETED
ORD-102163,P002,West,1.0,2026-06-17,Completed
ORD-102164,P006,West,1.0,2026-02-02,cancelled
ORD-102165,P007,North,3.0,2026-04-19,completed
ORD-102166,P010,East,3.0,2026-04-26,pending
ORD-102167,P006,South,5.0,2026-01-29,cancelled
ORD-102168,P002,North,5.0,2026-02-08,COMPLETED
ORD-102169,P004,West,4.0,2026-05-12,COMPLETED
ORD-102170,P001,West,1.0,2026-02-01,pending
ORD-102171,P006,West,3.0,2026-03-06,completed
ORD-102172,P009,South,4.0,2026-03-10,completed
ORD-102173,P008,East,5.0,2026-03-25,completed
ORD-102174,P006,West,1.0,2026-01-10,pending
ORD-102175,P002,South,4.0,2026-02-02,COMPLETED
ORD-102176,P006,South,5.0,2026-04-28,pending
ORD-102177,P008,North,1.0,2026-01-11,Completed
ORD-102178,P010,North,1.0,2026-06-13,COMPLETED
ORD-102179,P005,West,,2026-04-19,COMPLETED
ORD-102180,P002,North,5.0,2026-04-21,COMPLETED
ORD-102181,P005,South,1.0,2026-06-07,COMPLETED
ORD-102182,P010,South,4.0,2026-05-02,COMPLETED
ORD-102183,P003,North,2.0,2026-03-12,COMPLETED
ORD-102184,P005,West,4.0,2026-01-02,Completed
ORD-102185,P005,West,3.0,2026-03-10,completed
ORD-102186,P004,North,2.0,2026-02-27,completed
ORD-102187,P010,West,5.0,2026-03-15,COMPLETED
ORD-102188,P009,West,1.0,2026-04-10,COMPLETED
ORD-102189,P006,East,2.0,2026-03-23,cancelled
ORD-102190,P008,South,3.0,2026-02-23,cancelled
ORD-102191,P001,North,5.0,2026-06-19,COMPLETED
ORD-102192,P002,East,3.0,2026-02-23,cancelled
ORD-102193,P008,South,2.0,2026-01-08,pending
ORD-102194,P006,West,1.0,2026-05-25,COMPLETED
ORD-102195,P009,South,5.0,2026-05-06,Completed
ORD-102196,P007,North,2.0,2026-06-05,Completed
ORD-102197,P002,East,2.0,2026-05-27,cancelled
ORD-102198,P009,East,4.0,2026-04-15,pending
ORD-102199,P005,East,3.0,2026-03-23,pending
ORD-102200,P009,West,4.0,2026-05-17,cancelled
ORD-102201,P008,West,2.0,2026-03-15,cancelled
ORD-102202,P005,East,2.0,2026-01-01,completed
ORD-102203,P007,West,4.0,2026-05-29,Completed
ORD-102204,P001,South,5.0,2026-06-08,pending
ORD-102205,P002,West,3.0,2026-06-03,pending
ORD-102206,P004,West,3.0,2026-02-12,completed
ORD-102207,P010,West,2.0,2026-06-17,Completed
ORD-102208,P008,South,2.0,2026-04-05,COMPLETED
ORD-102209,P003,North,2.0,2026-03-17,pending
ORD-102210,P008,South,4.0,2026-04-28,Completed
ORD-102211,P003,North,3.0,2026-04-29,Completed
ORD-102212,P004,North,,2026-04-29,completed
ORD-102213,P007,West,1.0,2026-05-14,cancelled
ORD-102214,P005,North,5.0,2026-05-18,pending
ORD-102215,P001,West,1.0,2026-04-23,COMPLETED
ORD-102216,P007,East,5.0,2026-01-11,cancelled
ORD-102217,P007,North,3.0,2026-02-01,pending
ORD-102218,P002,East,3.0,2026-02-13,Completed
ORD-102219,P004,South,3.0,2026-05-04,completed
ORD-102220,P008,South,3.0,2026-05-06,COMPLETED
ORD-102221,P008,West,5.0,2026-03-26,COMPLETED
ORD-102222,P010,South,3.0,2026-01-10,completed
ORD-102223,P004,East,3.0,2026-04-05,Completed
ORD-102224,P010,East,4.0,2026-06-12,COMPLETED
ORD-102225,P003,South,3.0,2026-06-27,cancelled
ORD-102226,P005,South,,2026-06-13,Completed
ORD-102227,P010,South,3.0,2026-03-19,COMPLETED
ORD-102228,P009,West,2.0,2026-05-13,COMPLETED
ORD-102229,P003,East,4.0,2026-05-31,cancelled
ORD-102230,P003,West,4.0,2026-05-15,completed
ORD-102231,P002,South,2.0,2026-03-29,Completed
ORD-102232,P005,North,3.0,2026-06-05,cancelled
ORD-102233,P008,North,5.0,2026-05-26,Completed
ORD-102234,P004,North,1.0,2026-04-04,COMPLETED
ORD-102235,P009,East,5.0,2026-01-18,pending
ORD-102236,P002,West,2.0,2026-01-15,Completed
ORD-102237,P005,South,4.0,2026-02-16,Completed
ORD-102238,P001,East,1.0,2026-06-05,Completed
ORD-102239,P002,East,2.0,2026-02-03,Completed
ORD-102240,P010,West,5.0,2026-05-29,completed
ORD-102241,P006,North,1.0,2026-06-12,cancelled
ORD-102242,P002,South,5.0,2026-05-02,Completed
ORD-102243,P010,East,5.0,2026-05-05,cancelled
ORD-102244,P002,South,5.0,2026-04-24,cancelled
ORD-102245,P001,West,4.0,2026-03-06,Completed
ORD-102246,P006,West,3.0,2026-05-10,COMPLETED
ORD-102247,P009,East,5.0,2026-03-05,pending
ORD-102248,P005,West,2.0,2026-06-10,cancelled
ORD-102249,P001,West,2.0,2026-03-23,completed
ORD-102250,P007,East,4.0,2026-06-22,COMPLETED
ORD-102251,P009,South,2.0,2026-02-16,Completed
ORD-102252,P005,East,5.0,2026-05-09,cancelled
ORD-102253,P002,East,2.0,2026-06-25,pending
ORD-102254,P003,South,4.0,2026-03-24,Completed
ORD-102255,P003,South,5.0,2026-06-06,cancelled
ORD-102256,P010,East,3.0,2026-04-17,cancelled
ORD-102257,P005,South,3.0,2026-04-05,COMPLETED
ORD-102258,P008,West,4.0,2026-03-20,completed
ORD-102259,P007,West,2.0,2026-01-15,cancelled
ORD-102260,P005,South,3.0,2026-01-05,COMPLETED
ORD-102261,P006,East,4.0,2026-01-07,COMPLETED
ORD-102262,P009,South,5.0,2026-05-24,pending
ORD-102263,P008,North,2.0,2026-03-12,COMPLETED
ORD-102264,P008,West,1.0,2026-06-01,cancelled
ORD-102265,P008,East,5.0,2026-03-05,cancelled
ORD-102266,P001,North,3.0,2026-01-26,pending
ORD-102267,P006,East,2.0,2026-04-23,completed
ORD-102268,P006,South,5.0,2026-04-16,COMPLETED
ORD-102269,P010,North,3.0,2026-02-21,pending
ORD-102270,P009,East,3.0,2026-06-19,completed
ORD-102271,P003,East,3.0,2026-01-18,cancelled
ORD-102272,P004,East,4.0,2026-02-17,COMPLETED
ORD-102273,P006,East,1.0,2026-02-20,Completed
ORD-102274,P002,West,4.0,2026-06-14,completed
ORD-102275,P009,East,,2026-01-16,cancelled
ORD-102276,P001,East,4.0,2026-05-10,COMPLETED
ORD-102277,P010,North,5.0,2026-03-27,completed
ORD-102278,P009,South,1.0,2026-01-29,pending
ORD-102279,P008,South,4.0,2026-06-06,COMPLETED
ORD-102280,P008,South,1.0,2026-04-26,Completed
ORD-102281,P010,West,4.0,2026-03-28,completed
ORD-102282,P007,East,,2026-05-28,cancelled
ORD-102283,P001,South,2.0,2026-01-03,COMPLETED
ORD-102284,P004,East,2.0,2026-05-30,pending
ORD-102285,P006,South,2.0,2026-05-28,Completed
ORD-102286,P005,North,,2026-02-16,pending
ORD-102287,P001,East,3.0,2026-02-02,COMPLETED
ORD-102288,P004,South,2.0,2026-06-18,cancelled
ORD-102289,P005,South,1.0,2026-03-01,Completed
ORD-102290,P008,West,,2026-02-01,Completed
ORD-102291,P007,West,2.0,2026-01-13,Completed
ORD-102292,P007,North,2.0,2026-06-01,pending
ORD-102293,P010,North,2.0,2026-05-13,completed
ORD-102294,P008,East,3.0,2026-06-04,cancelled
ORD-102295,P004,North,3.0,2026-02-23,cancelled
ORD-102296,P005,North,1.0,2026-05-11,completed
ORD-102297,P007,West,1.0,2026-04-18,COMPLETED
ORD-102298,P006,North,3.0,2026-03-21,Completed
ORD-102299,P002,West,1.0,2026-06-16,COMPLETED
ORD-102300,P006,South,2.0,2026-01-12,pending
ORD-102301,P001,South,4.0,2026-02-02,completed
ORD-102302,P001,South,3.0,2026-06-02,COMPLETED
ORD-102303,P010,South,2.0,2026-04-17,pending
ORD-102304,P003,South,1.0,2026-06-21,Completed
ORD-102305,P001,South,3.0,2026-05-08,COMPLETED
ORD-102306,P010,North,3.0,2026-03-24,completed
ORD-102307,P008,South,1.0,2026-01-09,pending
ORD-102308,P007,South,1.0,2026-06-03,COMPLETED
ORD-102309,P004,West,1.0,2026-01-24,cancelled
ORD-102310,P008,West,5.0,2026-04-17,completed
ORD-102311,P005,West,3.0,2026-05-02,Completed
ORD-102312,P006,East,1.0,2026-06-18,cancelled
ORD-102313,P008,South,5.0,2026-05-27,Completed
ORD-102314,P003,North,4.0,2026-02-27,COMPLETED
ORD-102315,P010,South,2.0,2026-01-27,COMPLETED
ORD-102316,P006,East,2.0,2026-04-29,COMPLETED
ORD-102317,P007,South,1.0,2026-04-06,cancelled
ORD-102318,P001,South,,2026-02-20,completed
ORD-102319,P004,West,5.0,2026-02-11,cancelled
ORD-102320,P008,South,5.0,2026-03-30,cancelled
ORD-102321,P008,West,5.0,2026-02-24,cancelled
ORD-102322,P002,East,2.0,2026-03-13,COMPLETED
ORD-102323,P006,West,3.0,2026-05-05,pending
ORD-102324,P005,East,1.0,2026-01-17,pending
ORD-102325,P003,South,1.0,2026-01-25,completed
ORD-102326,P009,South,3.0,2026-03-17,cancelled
ORD-102327,P007,North,5.0,2026-05-22,Completed
ORD-102328,P007,South,2.0,2026-05-11,completed
ORD-102329,P004,South,5.0,2026-04-01,pending
ORD-102330,P001,East,5.0,2026-05-17,Completed
ORD-102331,P006,North,5.0,2026-02-10,Completed
ORD-102332,P003,West,3.0,2026-05-19,completed
ORD-102333,P007,West,4.0,2026-03-17,cancelled
ORD-102334,P008,South,3.0,2026-03-24,completed
ORD-102335,P002,East,5.0,2026-03-06,pending
ORD-102336,P002,West,4.0,2026-01-16,Completed
ORD-102337,P004,South,4.0,2026-04-11,pending
ORD-102338,P004,East,3.0,2026-03-05,Completed
ORD-102339,P007,South,2.0,2026-02-01,COMPLETED
ORD-102340,P006,North,5.0,2026-01-03,completed
ORD-102341,P010,South,3.0,2026-05-01,completed
ORD-102342,P009,West,3.0,2026-06-06,COMPLETED
ORD-102343,P001,East,4.0,2026-04-08,cancelled
ORD-102344,P010,West,2.0,2026-02-13,pending
ORD-102345,P002,East,4.0,2026-01-23,cancelled
ORD-102346,P007,North,3.0,2026-01-15,COMPLETED
ORD-102347,P005,East,3.0,2026-06-13,COMPLETED
ORD-102348,P002,North,4.0,2026-01-04,Completed
ORD-102349,P010,South,3.0,2026-05-07,completed
ORD-102350,P008,West,4.0,2026-05-24,completed
ORD-102351,P010,North,1.0,2026-01-28,Completed
ORD-102352,P006,West,1.0,2026-05-29,COMPLETED
ORD-102353,P008,North,4.0,2026-04-28,completed
ORD-102354,P004,South,,2026-05-26,COMPLETED
ORD-102355,P002,West,4.0,2026-03-16,COMPLETED
ORD-102356,P006,East,2.0,2026-06-24,COMPLETED
ORD-102357,P008,East,3.0,2026-01-13,Completed
ORD-102358,P004,East,3.0,2026-05-23,Completed
ORD-102359,P008,East,5.0,2026-01-23,Completed
ORD-102360,P006,North,1.0,2026-03-20,cancelled
ORD-102361,P006,West,4.0,2026-06-09,Completed
ORD-102362,P005,East,4.0,2026-05-05,COMPLETED
ORD-102363,P003,East,,2026-02-13,Completed
ORD-102364,P010,East,5.0,2026-03-21,Completed
ORD-102365,P007,North,1.0,2026-06-08,pending
ORD-102366,P007,South,5.0,2026-03-09,COMPLETED
ORD-102367,P007,West,3.0,2026-02-04,pending
ORD-102368,P010,East,4.0,2026-01-22,completed
ORD-102369,P004,South,3.0,2026-05-21,completed
ORD-102370,P008,South,2.0,2026-02-27,cancelled
ORD-102371,P004,North,1.0,2026-02-07,pending
ORD-102372,P008,West,5.0,2026-04-23,Completed
ORD-102373,P007,West,4.0,2026-02-17,COMPLETED
ORD-102374,P006,West,2.0,2026-03-09,COMPLETED
ORD-102375,P009,North,2.0,2026-04-02,COMPLETED
ORD-102376,P004,South,5.0,2026-05-18,cancelled
ORD-102377,P009,North,5.0,2026-03-22,Completed
ORD-102378,P006,South,5.0,2026-06-29,completed
ORD-102379,P008,West,4.0,2026-06-08,completed
ORD-102380,P003,West,1.0,2026-01-06,COMPLETED
ORD-102381,P008,South,3.0,2026-06-30,completed
ORD-102382,P005,East,1.0,2026-05-26,pending
ORD-102383,P008,South,2.0,2026-04-21,cancelled
ORD-102384,P005,East,5.0,2026-05-18,pending
ORD-102385,P007,East,5.0,2026-02-06,completed
ORD-102386,P006,North,1.0,2026-05-31,pending
ORD-102387,P002,West,2.0,2026-05-16,Completed
ORD-102388,P010,South,,2026-02-15,cancelled
ORD-102389,P002,North,4.0,2026-03-26,pending
ORD-102390,P007,West,2.0,2026-04-15,COMPLETED
ORD-102391,P003,East,4.0,2026-01-25,COMPLETED
ORD-102392,P008,South,2.0,2026-01-24,Completed
ORD-102393,P006,North,1.0,2026-06-15,pending
ORD-102394,P005,North,1.0,2026-01-06,COMPLETED
ORD-102395,P002,North,5.0,2026-02-13,completed
ORD-102396,P001,West,5.0,2026-03-25,pending
ORD-102397,P006,South,5.0,2026-01-18,cancelled
ORD-102398,P003,South,1.0,2026-05-18,Completed
ORD-102399,P010,South,2.0,2026-04-06,pending
ORD-102400,P003,North,5.0,2026-04-24,completed
ORD-102401,P005,North,2.0,2026-03-16,pending
ORD-102402,P009,North,5.0,2026-02-12,Completed
ORD-102403,P010,West,5.0,2026-03-28,cancelled
ORD-102404,P008,North,3.0,2026-01-30,Completed
ORD-102405,P004,South,1.0,2026-05-06,COMPLETED
ORD-102406,P001,North,1.0,2026-05-03,COMPLETED
ORD-102407,P009,West,2.0,2026-05-25,COMPLETED
ORD-102408,P006,West,3.0,2026-02-04,cancelled
ORD-102409,P007,West,1.0,2026-04-22,cancelled
ORD-102410,P002,West,3.0,2026-03-24,cancelled
ORD-102411,P005,North,1.0,2026-06-25,Completed
ORD-102412,P002,South,1.0,2026-03-20,pending
ORD-102413,P001,East,3.0,2026-01-13,pending
ORD-102414,P001,West,5.0,2026-06-25,Completed
ORD-102415,P009,North,1.0,2026-04-05,cancelled
ORD-102416,P003,East,2.0,2026-02-26,cancelled
ORD-102417,P004,North,4.0,2026-05-27,Completed
ORD-102418,P002,North,3.0,2026-03-16,Completed
ORD-102419,P007,East,4.0,2026-02-28,completed
ORD-102420,P003,South,3.0,2026-02-06,cancelled
ORD-102421,P010,East,3.0,2026-06-10,cancelled
ORD-102422,P001,West,2.0,2026-04-17,cancelled
ORD-102423,P005,North,4.0,2026-06-03,completed
ORD-102424,P008,South,1.0,2026-02-02,completed
ORD-102425,P003,North,3.0,2026-05-06,Completed
ORD-102426,P005,West,3.0,2026-06-24,COMPLETED
ORD-102427,P010,North,4.0,2026-03-08,Completed
ORD-102428,P002,West,5.0,2026-05-23,completed
ORD-102429,P008,North,1.0,2026-05-03,cancelled
ORD-102430,P003,North,5.0,2026-01-22,COMPLETED
ORD-102431,P008,West,1.0,2026-02-06,pending
ORD-102432,P004,East,1.0,2026-02-23,Completed
ORD-102433,P006,South,2.0,2026-03-06,completed
ORD-102434,P007,South,5.0,2026-04-08,completed
ORD-102435,P004,South,4.0,2026-02-17,completed
ORD-102436,P008,South,3.0,2026-01-18,pending
ORD-102437,P003,East,1.0,2026-02-06,cancelled
ORD-102438,P009,North,2.0,2026-05-17,COMPLETED
ORD-102439,P006,South,2.0,2026-01-10,completed
ORD-102440,P007,North,5.0,2026-01-01,completed
ORD-102441,P004,North,1.0,2026-06-10,completed
ORD-102442,P008,West,5.0,2026-05-27,cancelled
ORD-102443,P008,West,3.0,2026-03-02,cancelled
ORD-102444,P008,West,3.0,2026-02-09,Completed
ORD-102445,P003,South,4.0,2026-03-15,COMPLETED
ORD-102446,P003,North,3.0,2026-04-05,Completed
ORD-102447,P001,West,5.0,2026-04-28,Completed
ORD-102448,P007,East,4.0,2026-02-02,cancelled
ORD-102449,P007,West,4.0,2026-04-28,cancelled
ORD-102450,P006,East,2.0,2026-03-28,pending
ORD-102451,P004,South,5.0,2026-03-04,Completed
ORD-102452,P010,West,4.0,2026-04-04,COMPLETED
ORD-102453,P005,West,1.0,2026-02-24,pending
ORD-102454,P008,West,2.0,2026-03-18,COMPLETED
ORD-102455,P009,West,4.0,2026-02-10,Completed
ORD-102456,P008,South,2.0,2026-01-07,COMPLETED
ORD-102457,P010,West,2.0,2026-02-09,Completed
ORD-102458,P007,West,2.0,2026-03-23,cancelled
ORD-102459,P006,North,1.0,2026-06-06,completed
ORD-102460,P001,North,1.0,2026-01-03,COMPLETED
ORD-102461,P006,South,3.0,2026-02-21,completed
ORD-102462,P006,East,4.0,2026-06-09,cancelled
ORD-102463,P006,South,1.0,2026-06-30,pending
ORD-102464,P003,South,5.0,2026-02-08,pending
ORD-102465,P007,West,3.0,2026-02-10,Completed
ORD-102466,P002,South,1.0,2026-06-19,completed
ORD-102467,P003,West,2.0,2026-04-08,completed
ORD-102468,P010,East,5.0,2026-06-26,pending
ORD-102469,P003,North,5.0,2026-04-25,COMPLETED
ORD-102470,P006,East,2.0,2026-01-22,pending
ORD-102471,P005,West,1.0,2026-06-23,Completed
ORD-102472,P006,North,4.0,2026-03-16,completed
ORD-102473,P010,West,3.0,2026-06-01,COMPLETED
ORD-102474,P004,East,1.0,2026-05-12,cancelled
ORD-102475,P006,North,3.0,2026-02-12,COMPLETED
ORD-102476,P008,East,4.0,2026-04-21,completed
ORD-102477,P006,North,5.0,2026-05-22,completed
ORD-102478,P010,East,4.0,2026-01-05,cancelled
ORD-102479,P007,East,3.0,2026-01-10,COMPLETED
ORD-102480,P009,West,2.0,2026-04-19,COMPLETED
ORD-102481,P005,South,3.0,2026-05-22,completed
ORD-102482,P008,North,3.0,2026-06-21,pending
ORD-102483,P002,South,1.0,2026-01-06,Completed
ORD-102484,P002,East,5.0,2026-02-15,Completed
ORD-102485,P002,North,3.0,2026-01-20,pending
ORD-102486,P002,West,3.0,2026-02-09,completed
ORD-102487,P010,North,2.0,2026-02-01,completed
ORD-102488,P003,North,,2026-01-24,Completed
ORD-102489,P004,North,5.0,2026-01-13,Completed
ORD-102490,P008,West,2.0,2026-02-20,cancelled
ORD-102491,P005,North,5.0,2026-06-23,completed
ORD-102492,P002,South,5.0,2026-02-15,pending
ORD-102493,P004,North,1.0,2026-06-29,Completed
ORD-102494,P003,South,5.0,2026-03-24,COMPLETED
ORD-102495,P010,East,3.0,2026-04-16,COMPLETED
ORD-102496,P004,North,3.0,2026-05-16,COMPLETED
ORD-102497,P003,North,3.0,2026-01-17,completed
ORD-102498,P010,North,4.0,2026-04-21,completed
ORD-102499,P002,East,5.0,2026-03-23,completed
ORD-102500,P010,East,4.0,2026-03-09,COMPLETED
ORD-102501,P008,West,2.0,2026-03-18,Completed
ORD-102502,P010,North,4.0,2026-02-13,cancelled
ORD-102503,P008,West,4.0,2026-03-25,cancelled
ORD-102504,P003,West,1.0,2026-02-06,Completed
ORD-102505,P006,South,1.0,2026-04-08,cancelled
ORD-102506,P003,South,1.0,2026-02-08,cancelled
ORD-102507,P008,East,1.0,2026-02-08,cancelled
ORD-102508,P007,East,5.0,2026-02-10,COMPLETED
ORD-102509,P004,West,4.0,2026-02-18,cancelled
ORD-102510,P007,West,1.0,2026-02-10,COMPLETED
ORD-102511,P002,East,5.0,2026-01-18,COMPLETED
ORD-102512,P003,West,4.0,2026-03-02,cancelled
ORD-102513,P001,South,3.0,2026-03-20,pending
ORD-102514,P007,North,5.0,2026-06-06,COMPLETED
ORD-102515,P006,South,4.0,2026-04-06,completed
ORD-102516,P001,East,2.0,2026-04-25,COMPLETED
ORD-102517,P004,West,5.0,2026-03-22,COMPLETED
ORD-102518,P010,South,3.0,2026-03-26,pending
ORD-102519,P004,South,2.0,2026-06-01,cancelled
ORD-102520,P010,North,1.0,2026-05-01,cancelled
ORD-102521,P003,East,4.0,2026-06-09,cancelled
ORD-102522,P010,North,2.0,2026-03-10,COMPLETED
ORD-102523,P003,North,2.0,2026-04-04,completed
ORD-102524,P006,West,3.0,2026-04-02,COMPLETED
ORD-102525,P008,South,2.0,2026-03-22,pending
ORD-102526,P010,East,2.0,2026-01-31,pending
ORD-102527,P009,South,4.0,2026-03-14,completed
ORD-102528,P005,South,1.0,2026-03-08,completed
ORD-102529,P007,East,2.0,2026-01-21,cancelled
ORD-102530,P007,South,3.0,2026-05-23,completed
ORD-102531,P005,East,5.0,2026-04-27,cancelled
ORD-102532,P005,South,1.0,2026-02-11,completed
ORD-102533,P001,West,3.0,2026-03-25,cancelled
ORD-102534,P009,West,4.0,2026-01-07,Completed
ORD-102535,P006,North,3.0,2026-06-06,pending
ORD-102536,P010,North,2.0,2026-01-11,cancelled
ORD-102537,P002,South,5.0,2026-01-18,Completed
ORD-102538,P004,East,3.0,2026-01-24,completed
ORD-102539,P007,North,5.0,2026-03-29,completed
ORD-102540,P009,West,5.0,2026-04-17,completed
ORD-102541,P004,South,3.0,2026-04-25,Completed
ORD-102542,P004,North,2.0,2026-01-15,cancelled
ORD-102543,P001,South,2.0,2026-01-11,Completed
ORD-102544,P009,East,4.0,2026-03-23,completed
ORD-102545,P009,West,,2026-03-16,cancelled
ORD-102546,P009,North,1.0,2026-01-18,Completed
ORD-102547,P004,West,,2026-05-30,completed
ORD-102548,P010,South,2.0,2026-04-05,pending
ORD-102549,P001,East,3.0,2026-06-10,pending
ORD-102550,P007,South,3.0,2026-02-10,COMPLETED
ORD-102551,P004,East,3.0,2026-03-25,cancelled
ORD-102552,P001,West,1.0,2026-04-25,completed
ORD-102553,P007,South,5.0,2026-01-28,COMPLETED
ORD-102554,P004,East,1.0,2026-06-01,Completed
ORD-102555,P010,South,3.0,2026-03-06,completed
ORD-102556,P004,East,4.0,2026-02-16,COMPLETED
ORD-102557,P008,South,4.0,2026-04-11,pending
ORD-102558,P010,South,1.0,2026-03-15,completed
ORD-102559,P001,North,3.0,2026-06-08,completed
ORD-102560,P005,West,2.0,2026-04-24,completed
ORD-102561,P001,South,4.0,2026-04-05,COMPLETED
ORD-102562,P002,West,3.0,2026-03-13,completed
ORD-102563,P002,South,2.0,2026-03-19,completed
ORD-102564,P001,South,,2026-05-02,completed
ORD-102565,P004,East,5.0,2026-04-27,cancelled
ORD-102566,P002,South,4.0,2026-06-27,cancelled
ORD-102567,P001,West,4.0,2026-01-10,cancelled
ORD-102568,P003,North,3.0,2026-01-04,COMPLETED
ORD-102569,P008,East,,2026-02-21,COMPLETED
ORD-102570,P004,West,1.0,2026-03-02,pending
ORD-102571,P007,West,1.0,2026-05-24,COMPLETED
ORD-102572,P006,East,4.0,2026-01-23,pending
ORD-102573,P003,East,5.0,2026-04-06,Completed
ORD-102574,P006,East,5.0,2026-06-13,cancelled
ORD-102575,P006,East,2.0,2026-04-30,cancelled
ORD-102576,P009,East,1.0,2026-04-15,pending
ORD-102577,P005,East,4.0,2026-02-05,cancelled
ORD-102578,P009,South,3.0,2026-06-24,pending
ORD-102579,P003,East,2.0,2026-06-03,pending
ORD-102580,P003,West,4.0,2026-02-22,completed
ORD-102581,P009,North,5.0,2026-05-20,completed
ORD-102582,P005,South,3.0,2026-05-21,cancelled
ORD-102583,P002,East,4.0,2026-03-25,pending
ORD-102584,P007,East,1.0,2026-02-26,Completed
ORD-102585,P008,South,5.0,2026-02-09,completed
ORD-102586,P008,North,3.0,2026-02-06,Completed
ORD-102587,P007,South,1.0,2026-03-19,Completed
ORD-102588,P001,North,2.0,2026-01-05,Completed
ORD-102589,P002,East,1.0,2026-01-18,cancelled
ORD-102590,P006,West,,2026-06-19,pending
ORD-102591,P005,West,3.0,2026-03-29,cancelled
ORD-102592,P010,West,5.0,2026-05-31,completed
ORD-102593,P008,West,1.0,2026-01-09,COMPLETED
ORD-102594,P008,North,5.0,2026-04-09,pending
ORD-102595,P006,West,4.0,2026-06-25,completed
ORD-102596,P008,West,1.0,2026-01-23,completed
ORD-102597,P004,North,3.0,2026-06-11,Completed
ORD-102598,P010,North,5.0,2026-05-01,cancelled
ORD-102599,P004,West,2.0,2026-06-07,pending
ORD-102600,P001,West,2.0,2026-05-10,cancelled
ORD-102601,P005,West,5.0,2026-06-28,completed
ORD-102602,P005,North,4.0,2026-05-30,Completed
ORD-102603,P008,South,5.0,2026-03-17,COMPLETED
ORD-102604,P007,South,1.0,2026-01-29,Completed
ORD-102605,P008,South,,2026-05-05,Completed
ORD-102606,P007,East,3.0,2026-01-12,pending
ORD-102607,P008,West,1.0,2026-02-28,completed
ORD-102608,P003,South,5.0,2026-02-05,pending
ORD-102609,P001,West,4.0,2026-04-23,completed
ORD-102610,P009,East,1.0,2026-06-27,cancelled
ORD-102611,P008,East,4.0,2026-01-09,completed
ORD-102612,P002,East,3.0,2026-01-23,cancelled
ORD-102613,P007,South,2.0,2026-05-10,completed
ORD-102614,P001,North,2.0,2026-02-11,cancelled
ORD-102615,P009,East,2.0,2026-04-06,pending
ORD-102616,P007,North,2.0,2026-01-30,COMPLETED
ORD-102617,P003,West,,2026-06-29,completed
ORD-102618,P009,North,3.0,2026-01-04,pending
ORD-102619,P009,East,2.0,2026-01-03,COMPLETED
ORD-102620,P004,South,4.0,2026-05-03,cancelled
ORD-102621,P008,North,5.0,2026-02-24,pending
ORD-102622,P002,South,2.0,2026-02-07,completed
ORD-102623,P008,North,2.0,2026-05-12,cancelled
ORD-102624,P006,East,4.0,2026-02-27,completed
ORD-102625,P006,North,3.0,2026-04-12,cancelled
ORD-102626,P008,South,2.0,2026-06-05,cancelled
ORD-102627,P010,West,2.0,2026-05-11,Completed
ORD-102628,P010,East,1.0,2026-05-14,cancelled
ORD-102629,P010,West,1.0,2026-01-08,Completed
ORD-102630,P001,East,4.0,2026-04-05,COMPLETED
ORD-102631,P005,East,4.0,2026-05-18,pending
ORD-102632,P008,South,1.0,2026-04-09,cancelled
ORD-102633,P006,North,3.0,2026-05-17,COMPLETED
ORD-102634,P005,South,3.0,2026-06-02,Completed
ORD-102635,P010,East,2.0,2026-02-18,COMPLETED
ORD-102636,P009,West,5.0,2026-06-23,cancelled
ORD-102637,P004,South,3.0,2026-06-06,Completed
ORD-102638,P006,East,4.0,2026-05-19,pending
ORD-102639,P009,North,3.0,2026-02-14,Completed
ORD-102640,P004,East,4.0,2026-06-03,COMPLETED
ORD-102641,P004,West,5.0,2026-04-11,cancelled
ORD-102642,P009,South,1.0,2026-03-29,COMPLETED
ORD-102643,P002,West,,2026-04-07,Completed
ORD-102644,P005,West,5.0,2026-05-07,pending
ORD-102645,P005,West,1.0,2026-05-11,cancelled
ORD-102646,P008,North,4.0,2026-06-02,COMPLETED
ORD-102647,P002,South,1.0,2026-02-05,completed
ORD-102648,P002,North,3.0,2026-03-13,Completed
ORD-102649,P002,West,5.0,2026-06-25,completed
ORD-102650,P001,East,3.0,2026-01-29,COMPLETED
ORD-102651,P007,South,5.0,2026-03-03,pending
ORD-102652,P005,East,2.0,2026-05-22,completed
ORD-102653,P009,East,2.0,2026-05-30,cancelled
ORD-102654,P004,North,1.0,2026-05-19,pending
ORD-102655,P010,West,2.0,2026-03-11,cancelled
ORD-102656,P004,West,2.0,2026-03-03,Completed
ORD-102657,P005,North,3.0,2026-01-28,cancelled
ORD-102658,P010,West,2.0,2026-06-03,completed
ORD-102659,P002,West,4.0,2026-04-15,pending
ORD-102660,P007,East,4.0,2026-01-06,cancelled
ORD-102661,P009,East,,2026-03-29,pending
ORD-102662,P010,West,3.0,2026-04-10,Completed
ORD-102663,P002,West,4.0,2026-06-03,Completed
ORD-102664,P004,East,2.0,2026-03-22,COMPLETED
ORD-102665,P004,West,5.0,2026-04-08,Completed
ORD-102666,P002,North,3.0,2026-04-26,COMPLETED
ORD-102667,P007,West,4.0,2026-01-06,cancelled
ORD-102668,P002,East,3.0,2026-04-22,COMPLETED
ORD-102669,P005,South,5.0,2026-05-03,pending
ORD-102670,P010,South,4.0,2026-05-16,COMPLETED
ORD-102671,P001,North,2.0,2026-02-28,completed
ORD-102672,P010,North,5.0,2026-06-28,COMPLETED
ORD-102673,P008,East,4.0,2026-02-08,COMPLETED
ORD-102674,P003,West,5.0,2026-02-28,completed
ORD-102675,P004,North,2.0,2026-01-24,COMPLETED
ORD-102676,P009,West,2.0,2026-05-01,completed
ORD-102677,P004,North,1.0,2026-06-04,COMPLETED
ORD-102678,P003,North,5.0,2026-05-17,COMPLETED
ORD-102679,P003,South,1.0,2026-02-09,COMPLETED
ORD-102680,P003,North,1.0,2026-03-11,cancelled
ORD-102681,P003,North,2.0,2026-02-12,Completed
ORD-102682,P010,East,4.0,2026-04-05,Completed
ORD-102683,P002,South,1.0,2026-03-05,completed
ORD-102684,P007,North,5.0,2026-02-04,cancelled
ORD-102685,P007,West,4.0,2026-05-21,pending
ORD-102686,P006,West,5.0,2026-06-05,cancelled
ORD-102687,P003,West,1.0,2026-05-09,Completed
ORD-102688,P002,East,1.0,2026-06-03,pending
ORD-102689,P007,West,1.0,2026-04-08,COMPLETED
ORD-102690,P008,North,2.0,2026-02-20,cancelled
ORD-102691,P010,East,2.0,2026-02-05,completed
ORD-102692,P004,East,4.0,2026-04-23,cancelled
ORD-102693,P006,West,1.0,2026-02-22,Completed
ORD-102694,P003,North,1.0,2026-06-13,COMPLETED
ORD-102695,P008,West,3.0,2026-04-09,COMPLETED
ORD-102696,P009,West,4.0,2026-05-22,completed
ORD-102697,P006,South,5.0,2026-03-26,Completed
ORD-102698,P001,South,5.0,2026-01-26,COMPLETED
ORD-102699,P001,South,3.0,2026-01-07,completed
ORD-102700,P008,East,4.0,2026-04-14,COMPLETED
ORD-102701,P010,East,5.0,2026-03-25,pending
ORD-102702,P002,West,5.0,2026-04-23,completed
ORD-102703,P009,North,2.0,2026-05-25,cancelled
ORD-102704,P006,West,3.0,2026-06-19,Completed
ORD-102705,P003,North,3.0,2026-02-20,cancelled
ORD-102706,P004,North,2.0,2026-01-11,Completed
ORD-102707,P007,South,2.0,2026-05-26,cancelled
ORD-102708,P009,East,2.0,2026-05-26,completed
ORD-102709,P002,North,4.0,2026-02-11,completed
ORD-102710,P004,South,4.0,2026-04-30,completed
ORD-102711,P002,West,3.0,2026-06-21,pending
ORD-102712,P006,East,5.0,2026-05-01,COMPLETED
ORD-102713,P006,South,5.0,2026-05-15,pending
ORD-102714,P005,South,1.0,2026-06-02,cancelled
ORD-102715,P008,East,3.0,2026-03-11,cancelled
ORD-102716,P007,East,3.0,2026-01-14,completed
ORD-102717,P003,South,2.0,2026-05-23,Completed
ORD-102718,P008,North,5.0,2026-02-09,COMPLETED
ORD-102719,P007,West,3.0,2026-04-13,completed
ORD-102720,P004,West,1.0,2026-02-11,COMPLETED
ORD-102721,P001,West,2.0,2026-04-22,cancelled
ORD-102722,P008,East,1.0,2026-01-08,COMPLETED
ORD-102723,P004,West,4.0,2026-05-05,pending
ORD-102724,P004,West,3.0,2026-04-14,Completed
ORD-102725,P010,East,3.0,2026-02-12,pending
ORD-102726,P007,North,1.0,2026-01-22,Completed
ORD-102727,P009,West,2.0,2026-04-20,completed
ORD-102728,P001,South,3.0,2026-05-01,COMPLETED
ORD-102729,P006,North,3.0,2026-06-20,COMPLETED
ORD-102730,P002,North,5.0,2026-01-10,completed
ORD-102731,P004,West,4.0,2026-02-13,completed
ORD-102732,P005,East,5.0,2026-06-01,completed
ORD-102733,P010,South,5.0,2026-03-14,COMPLETED
ORD-102734,P003,North,2.0,2026-06-14,COMPLETED
ORD-102735,P001,East,4.0,2026-04-11,cancelled
ORD-102736,P006,East,4.0,2026-05-11,cancelled
ORD-102737,P004,East,4.0,2026-03-21,Completed
ORD-102738,P003,North,1.0,2026-01-10,Completed
ORD-102739,P002,South,1.0,2026-04-25,COMPLETED
ORD-102740,P006,East,4.0,2026-06-26,cancelled
ORD-102741,P007,East,2.0,2026-02-01,cancelled
ORD-102742,P001,South,3.0,2026-04-04,completed
ORD-102743,P001,East,4.0,2026-01-09,cancelled
ORD-102744,P007,West,3.0,2026-03-24,cancelled
ORD-102745,P006,South,,2026-05-26,Completed
ORD-102746,P005,North,3.0,2026-04-17,Completed
ORD-102747,P001,South,4.0,2026-02-05,COMPLETED
ORD-102748,P004,West,1.0,2026-02-16,COMPLETED
ORD-102749,P006,East,1.0,2026-06-07,cancelled
ORD-102750,P009,South,5.0,2026-02-21,COMPLETED
ORD-102751,P009,South,1.0,2026-04-11,cancelled
ORD-102752,P010,East,4.0,2026-05-21,completed
ORD-102753,P005,North,1.0,2026-03-27,cancelled
ORD-102754,P007,South,5.0,2026-04-29,Completed
ORD-102755,P008,East,1.0,2026-03-09,Completed
ORD-102756,P010,West,5.0,2026-03-07,Completed
ORD-102757,P001,West,1.0,2026-02-26,cancelled
ORD-102758,P001,East,5.0,2026-01-20,cancelled
ORD-102759,P001,East,1.0,2026-05-09,cancelled
ORD-102760,P010,East,2.0,2026-02-24,cancelled
ORD-102761,P009,South,2.0,2026-03-26,completed
ORD-102762,P007,East,4.0,2026-01-21,completed
ORD-102763,P002,East,3.0,2026-02-03,COMPLETED
ORD-102764,P007,West,2.0,2026-02-11,COMPLETED
ORD-102765,P002,East,5.0,2026-03-15,completed
ORD-102766,P002,North,1.0,2026-02-09,Completed
ORD-102767,P002,South,4.0,2026-03-11,COMPLETED
ORD-102768,P002,West,4.0,2026-05-09,pending
ORD-102769,P005,East,3.0,2026-01-22,Completed
ORD-102770,P007,East,5.0,2026-02-18,completed
ORD-102771,P002,South,5.0,2026-02-11,pending
ORD-102772,P004,East,,2026-05-03,cancelled
ORD-102773,P007,West,2.0,2026-01-27,pending
ORD-102774,P008,North,2.0,2026-05-31,cancelled
ORD-102775,P009,West,3.0,2026-04-28,Completed
ORD-102776,P001,West,5.0,2026-01-10,COMPLETED
ORD-102777,P001,East,4.0,2026-06-20,completed
ORD-102778,P006,North,1.0,2026-04-29,pending
ORD-102779,P009,North,4.0,2026-05-24,cancelled
ORD-102780,P009,East,1.0,2026-05-22,COMPLETED
ORD-102781,P004,West,1.0,2026-03-21,completed
ORD-102782,P005,South,4.0,2026-06-20,Completed
ORD-102783,P005,West,5.0,2026-03-29,COMPLETED
ORD-102784,P002,East,4.0,2026-05-08,completed
ORD-102785,P001,East,1.0,2026-03-14,Completed
ORD-102786,P009,North,1.0,2026-06-04,COMPLETED
ORD-102787,P006,North,2.0,2026-03-23,pending
ORD-102788,P002,North,5.0,2026-03-01,pending
ORD-102789,P002,East,3.0,2026-05-21,completed
ORD-102790,P007,East,4.0,2026-01-11,completed
ORD-102791,P006,North,1.0,2026-03-10,pending
ORD-102792,P001,West,3.0,2026-01-28,cancelled
ORD-102793,P009,East,5.0,2026-01-28,Completed
ORD-102794,P002,South,5.0,2026-03-27,completed
ORD-102795,P001,South,2.0,2026-05-01,Completed
ORD-102796,P009,West,,2026-03-03,pending
ORD-102797,P005,South,2.0,2026-05-28,completed
ORD-102798,P007,West,5.0,2026-02-24,COMPLETED
ORD-102799,P006,West,4.0,2026-02-04,pending
ORD-102800,P005,South,1.0,2026-03-10,cancelled
ORD-102801,P005,West,,2026-06-15,completed
ORD-102802,P007,South,2.0,2026-06-01,pending
ORD-102803,P003,North,2.0,2026-06-14,Completed
ORD-102804,P001,South,1.0,2026-03-01,cancelled
ORD-102805,P003,East,5.0,2026-02-25,completed
ORD-102806,P004,North,3.0,2026-01-29,Completed
ORD-102807,P008,South,1.0,2026-02-06,COMPLETED
ORD-102808,P006,West,3.0,2026-04-16,cancelled
ORD-102809,P004,South,3.0,2026-06-12,Completed
ORD-102810,P004,West,4.0,2026-05-06,completed
ORD-102811,P005,West,1.0,2026-01-01,completed
ORD-102812,P008,East,1.0,2026-05-15,COMPLETED
ORD-102813,P003,East,1.0,2026-03-14,cancelled
ORD-102814,P009,West,2.0,2026-01-17,cancelled
ORD-102815,P004,East,4.0,2026-06-26,COMPLETED
ORD-102816,P003,South,2.0,2026-05-03,completed
ORD-102817,P004,West,5.0,2026-06-15,pending
ORD-102818,P003,East,5.0,2026-01-29,COMPLETED
ORD-102819,P002,East,1.0,2026-03-11,completed
ORD-102820,P010,South,3.0,2026-01-28,Completed
ORD-102821,P009,South,5.0,2026-06-07,completed
ORD-102822,P003,East,5.0,2026-01-06,cancelled
ORD-102823,P010,North,2.0,2026-03-29,completed
ORD-102824,P005,East,3.0,2026-04-19,pending
ORD-102825,P004,West,5.0,2026-06-10,pending
ORD-102826,P010,North,5.0,2026-04-02,Completed
ORD-102827,P004,North,3.0,2026-03-25,cancelled
ORD-102828,P004,East,4.0,2026-05-17,pending
ORD-102829,P001,North,2.0,2026-06-26,Completed
ORD-102830,P007,South,5.0,2026-01-12,completed
ORD-102831,P002,West,2.0,2026-06-24,Completed
ORD-102832,P004,North,1.0,2026-04-05,pending
ORD-102833,P007,East,4.0,2026-01-31,Completed
ORD-102834,P002,South,1.0,2026-03-29,COMPLETED
ORD-102835,P010,South,3.0,2026-05-18,pending
ORD-102836,P003,North,4.0,2026-06-18,Completed
ORD-102837,P007,North,5.0,2026-03-26,Completed
ORD-102838,P010,North,3.0,2026-03-13,COMPLETED
ORD-102839,P008,South,,2026-05-23,completed
ORD-102840,P010,East,2.0,2026-01-06,Completed
ORD-102841,P001,South,2.0,2026-02-15,Completed
ORD-102842,P005,North,2.0,2026-04-28,pending
ORD-102843,P003,North,2.0,2026-01-09,COMPLETED
ORD-102844,P005,West,1.0,2026-06-25,Completed
ORD-102845,P008,North,1.0,2026-04-07,pending
ORD-102846,P003,West,2.0,2026-06-25,Completed
ORD-102847,P002,West,2.0,2026-02-09,Completed
ORD-102848,P005,East,2.0,2026-05-14,pending
ORD-102849,P009,South,4.0,2026-06-19,Completed
ORD-102850,P010,East,5.0,2026-04-24,Completed
ORD-102851,P001,West,5.0,2026-02-20,cancelled
ORD-102852,P002,North,2.0,2026-05-29,completed
ORD-102853,P004,North,4.0,2026-06-29,pending
ORD-102854,P003,South,2.0,2026-01-14,Completed
ORD-102855,P004,North,5.0,2026-01-13,completed
ORD-102856,P006,North,3.0,2026-05-15,pending
ORD-102857,P003,North,2.0,2026-02-15,Completed
ORD-102858,P004,North,5.0,2026-06-28,cancelled
ORD-102859,P002,North,3.0,2026-04-19,cancelled
ORD-102860,P003,East,3.0,2026-06-24,completed
ORD-102861,P001,North,1.0,2026-01-03,completed
ORD-102862,P002,South,5.0,2026-03-24,completed
ORD-102863,P002,South,1.0,2026-06-26,cancelled
ORD-102864,P009,East,5.0,2026-06-15,completed
ORD-102865,P003,East,1.0,2026-04-01,pending
ORD-102866,P005,East,5.0,2026-03-16,Completed
ORD-102867,P010,West,5.0,2026-06-21,completed
ORD-102868,P003,East,1.0,2026-02-14,COMPLETED
ORD-102869,P007,North,4.0,2026-05-01,completed
ORD-102870,P001,North,,2026-06-03,COMPLETED
ORD-102871,P004,East,1.0,2026-04-07,COMPLETED
ORD-102872,P009,South,5.0,2026-03-12,completed
ORD-102873,P004,South,5.0,2026-04-16,Completed
ORD-102874,P006,North,2.0,2026-04-05,pending
ORD-102875,P007,North,1.0,2026-01-11,cancelled
ORD-102876,P004,West,5.0,2026-03-03,pending
ORD-102877,P008,East,1.0,2026-06-08,pending
ORD-102878,P009,South,3.0,2026-02-17,completed
ORD-102879,P002,East,1.0,2026-04-11,pending
ORD-102880,P009,East,3.0,2026-01-02,Completed
ORD-102881,P009,West,2.0,2026-05-02,pending
ORD-102882,P004,South,1.0,2026-04-07,cancelled
ORD-102883,P005,South,2.0,2026-03-04,cancelled
ORD-102884,P010,East,5.0,2026-06-23,pending
ORD-102885,P005,East,2.0,2026-04-15,cancelled
ORD-102886,P003,West,3.0,2026-04-05,COMPLETED
ORD-102887,P002,North,3.0,2026-04-29,cancelled
ORD-102888,P003,East,1.0,2026-04-01,Completed
ORD-102889,P007,East,2.0,2026-02-28,COMPLETED
ORD-102890,P004,North,3.0,2026-01-06,cancelled
ORD-102891,P005,North,1.0,2026-03-16,COMPLETED
ORD-102892,P004,South,3.0,2026-05-23,COMPLETED
ORD-102893,P003,North,3.0,2026-04-30,completed
ORD-102894,P005,North,3.0,2026-06-25,Completed
ORD-102895,P004,South,3.0,2026-02-25,Completed
ORD-102896,P009,East,1.0,2026-03-07,cancelled
ORD-102897,P004,North,5.0,2026-02-06,cancelled
ORD-102898,P009,North,5.0,2026-04-30,Completed
ORD-102899,P004,North,2.0,2026-06-01,cancelled
ORD-102900,P004,West,2.0,2026-02-04,completed
ORD-102901,P007,North,5.0,2026-01-09,pending
ORD-102902,P008,West,5.0,2026-03-25,cancelled
ORD-102903,P009,North,,2026-05-15,Completed
ORD-102904,P004,North,3.0,2026-01-07,cancelled
ORD-102905,P002,South,5.0,2026-05-21,completed
ORD-102906,P004,West,4.0,2026-06-26,COMPLETED
ORD-102907,P005,North,4.0,2026-06-02,completed
ORD-102908,P010,South,5.0,2026-06-24,COMPLETED
ORD-102909,P003,North,1.0,2026-01-15,completed
ORD-102910,P009,East,3.0,2026-06-13,Completed
ORD-102911,P004,West,1.0,2026-04-12,pending
ORD-102912,P003,South,2.0,2026-04-15,Completed
ORD-102913,P010,South,4.0,2026-06-04,COMPLETED
ORD-102914,P006,West,3.0,2026-03-28,completed
ORD-102915,P005,West,1.0,2026-02-03,COMPLETED
ORD-102916,P001,South,4.0,2026-03-28,cancelled
ORD-102917,P007,North,2.0,2026-01-12,cancelled
ORD-102918,P001,South,1.0,2026-01-11,pending
ORD-102919,P004,West,5.0,2026-04-03,completed
ORD-102920,P001,South,1.0,2026-04-09,COMPLETED
ORD-102921,P004,South,3.0,2026-01-26,COMPLETED
ORD-102922,P006,West,2.0,2026-01-14,cancelled
ORD-102923,P010,West,4.0,2026-01-28,cancelled
ORD-102924,P009,South,5.0,2026-06-14,COMPLETED
ORD-102925,P005,North,5.0,2026-01-11,completed
ORD-102926,P009,South,2.0,2026-04-25,cancelled
ORD-102927,P009,South,2.0,2026-05-16,Completed
ORD-102928,P006,North,3.0,2026-06-07,cancelled
ORD-102929,P001,North,5.0,2026-06-05,pending
ORD-102930,P002,East,1.0,2026-03-16,cancelled
ORD-102931,P005,South,5.0,2026-05-30,pending
ORD-102932,P010,West,5.0,2026-06-10,cancelled
ORD-102933,P005,West,5.0,2026-05-22,COMPLETED
ORD-102934,P003,East,5.0,2026-05-18,Completed
ORD-102935,P003,North,5.0,2026-03-26,COMPLETED
ORD-102936,P010,South,2.0,2026-06-08,completed
ORD-102937,P003,East,4.0,2026-02-27,cancelled
ORD-102938,P010,North,1.0,2026-05-24,pending
ORD-102939,P008,West,4.0,2026-02-09,cancelled
ORD-102940,P001,West,2.0,2026-06-14,COMPLETED
ORD-102941,P009,South,5.0,2026-02-28,COMPLETED
ORD-102942,P004,South,5.0,2026-05-14,completed
ORD-102943,P005,East,1.0,2026-01-01,Completed
ORD-102944,P010,West,5.0,2026-06-06,Completed
ORD-102945,P007,East,2.0,2026-06-01,cancelled
ORD-102946,P005,West,3.0,2026-01-24,cancelled
ORD-102947,P002,North,4.0,2026-02-25,completed
ORD-102948,P003,East,1.0,2026-02-18,COMPLETED
ORD-102949,P004,West,2.0,2026-03-10,pending
ORD-102950,P005,East,1.0,2026-05-11,completed
ORD-102951,P003,South,,2026-05-03,pending
ORD-102952,P007,West,4.0,2026-06-03,completed
ORD-102953,P001,West,1.0,2026-01-30,completed
ORD-102954,P004,East,1.0,2026-06-06,completed
ORD-102955,P002,North,3.0,2026-04-07,completed
ORD-102956,P005,North,3.0,2026-06-11,completed
ORD-102957,P008,South,5.0,2026-04-15,Completed
ORD-102958,P010,West,1.0,2026-04-24,COMPLETED
ORD-102959,P004,East,4.0,2026-06-13,cancelled
ORD-102960,P008,East,1.0,2026-06-03,cancelled
ORD-102961,P003,West,5.0,2026-04-14,Completed
ORD-102962,P006,North,4.0,2026-01-05,cancelled
ORD-102963,P007,South,5.0,2026-01-13,completed
ORD-102964,P005,West,5.0,2026-01-06,COMPLETED
ORD-102965,P002,South,2.0,2026-02-19,completed
ORD-102966,P003,East,2.0,2026-03-22,Completed
ORD-102967,P006,North,1.0,2026-04-13,cancelled
ORD-102968,P001,South,1.0,2026-02-22,pending
ORD-102969,P003,West,4.0,2026-01-01,Completed
ORD-102970,P009,East,4.0,2026-06-21,pending
ORD-102971,P010,West,2.0,2026-03-30,cancelled
ORD-102972,P002,East,5.0,2026-06-20,completed
ORD-102973,P003,East,4.0,2026-05-29,COMPLETED
ORD-102974,P009,North,3.0,2026-01-12,completed
ORD-102975,P004,South,1.0,2026-04-26,cancelled
ORD-102976,P008,North,4.0,2026-05-17,cancelled
ORD-102977,P009,South,2.0,2026-02-13,completed
ORD-102978,P008,South,2.0,2026-05-31,COMPLETED
ORD-102979,P009,South,3.0,2026-04-18,cancelled
ORD-102980,P010,South,2.0,2026-04-23,pending
ORD-102981,P004,South,3.0,2026-01-30,cancelled
ORD-102982,P001,South,4.0,2026-03-28,completed
ORD-102983,P008,West,1.0,2026-06-29,cancelled
ORD-102984,P008,North,4.0,2026-06-29,Completed
ORD-102985,P007,South,1.0,2026-05-13,COMPLETED
ORD-102986,P001,South,2.0,2026-04-07,Completed
ORD-102987,P004,East,2.0,2026-06-11,completed
ORD-102988,P007,East,,2026-06-23,COMPLETED
ORD-102989,P009,North,4.0,2026-04-25,pending
ORD-102990,P003,South,5.0,2026-01-19,Completed
ORD-102991,P006,West,5.0,2026-05-26,completed
ORD-102992,P009,East,5.0,2026-06-01,pending
ORD-102993,P009,North,2.0,2026-03-15,completed
ORD-102994,P006,South,5.0,2026-01-09,cancelled
ORD-102995,P010,East,3.0,2026-06-27,Completed
ORD-102996,P005,East,5.0,2026-06-05,pending
ORD-102997,P009,North,3.0,2026-06-11,COMPLETED
ORD-102998,P008,West,1.0,2026-06-10,cancelled
ORD-102999,P002,South,5.0,2026-04-02,cancelled
ORD-103000,P008,West,2.0,2026-04-10,completed
ORD-103001,P010,East,1.0,2026-04-26,pending
ORD-103002,P002,West,5.0,2026-06-10,cancelled
ORD-103003,P007,South,5.0,2026-05-19,cancelled
ORD-103004,P009,South,2.0,2026-05-08,COMPLETED
ORD-103005,P009,South,1.0,2026-05-28,pending
ORD-103006,P006,North,2.0,2026-06-24,Completed
ORD-103007,P006,East,3.0,2026-01-14,cancelled
ORD-103008,P007,East,5.0,2026-06-08,completed
ORD-103009,P001,North,5.0,2026-06-22,Completed
ORD-103010,P006,East,5.0,2026-04-06,cancelled
ORD-103011,P008,West,3.0,2026-06-01,pending
ORD-103012,P005,South,2.0,2026-02-17,pending
ORD-103013,P010,West,2.0,2026-03-10,Completed
ORD-103014,P009,North,2.0,2026-05-27,COMPLETED
ORD-103015,P002,East,3.0,2026-06-25,cancelled
ORD-103016,P003,West,5.0,2026-03-29,Completed
ORD-103017,P007,South,2.0,2026-05-31,COMPLETED
ORD-103018,P009,East,5.0,2026-06-05,completed
ORD-103019,P009,East,4.0,2026-04-11,pending
ORD-103020,P005,East,,2026-04-09,COMPLETED
ORD-103021,P008,East,2.0,2026-06-24,completed
ORD-103022,P004,North,5.0,2026-03-20,pending
ORD-103023,P002,West,2.0,2026-01-29,completed
ORD-103024,P004,East,3.0,2026-05-14,completed
ORD-103025,P002,South,1.0,2026-04-04,COMPLETED
ORD-103026,P005,North,3.0,2026-04-27,Completed
ORD-103027,P002,South,2.0,2026-02-25,cancelled
ORD-103028,P008,North,4.0,2026-05-15,cancelled
ORD-103029,P006,North,3.0,2026-01-12,Completed
ORD-103030,P002,North,3.0,2026-03-14,Completed
ORD-103031,P008,North,5.0,2026-04-09,cancelled
ORD-103032,P009,South,1.0,2026-01-16,COMPLETED
ORD-103033,P006,South,5.0,2026-02-03,pending
ORD-103034,P006,South,3.0,2026-04-13,pending
ORD-103035,P007,North,5.0,2026-04-17,pending
ORD-103036,P007,West,2.0,2026-04-26,Completed
ORD-103037,P008,East,3.0,2026-06-30,pending
ORD-103038,P006,West,3.0,2026-05-31,pending
ORD-103039,P005,South,5.0,2026-02-15,completed
ORD-103040,P002,West,1.0,2026-06-27,Completed
ORD-103041,P001,North,3.0,2026-01-11,COMPLETED
ORD-103042,P004,South,2.0,2026-05-31,Completed
ORD-103043,P002,East,1.0,2026-03-25,COMPLETED
ORD-103044,P006,North,4.0,2026-05-04,pending
ORD-103045,P003,North,3.0,2026-06-24,pending
ORD-103046,P009,West,5.0,2026-06-07,cancelled
ORD-103047,P003,South,4.0,2026-05-08,COMPLETED
ORD-103048,P007,North,5.0,2026-02-08,Completed
ORD-103049,P006,South,1.0,2026-03-15,pending
ORD-103050,P004,North,2.0,2026-02-14,completed
ORD-103051,P003,South,1.0,2026-02-21,COMPLETED
ORD-103052,P010,North,1.0,2026-01-24,completed
ORD-103053,P009,West,2.0,2026-03-04,Completed
ORD-103054,P009,East,,2026-04-29,Completed
ORD-103055,P008,North,2.0,2026-04-14,Completed
ORD-103056,P006,West,3.0,2026-05-03,pending
ORD-103057,P005,South,5.0,2026-05-04,completed
ORD-103058,P006,North,4.0,2026-02-06,cancelled
ORD-103059,P009,North,5.0,2026-03-03,Completed
ORD-103060,P008,West,4.0,2026-01-31,Completed
ORD-103061,P004,South,5.0,2026-04-24,Completed
ORD-103062,P001,South,5.0,2026-03-25,pending
ORD-103063,P010,West,1.0,2026-02-24,cancelled
ORD-103064,P006,North,2.0,2026-06-18,pending
ORD-103065,P009,South,3.0,2026-02-06,COMPLETED
ORD-103066,P004,South,3.0,2026-05-28,COMPLETED
ORD-103067,P007,West,4.0,2026-02-01,cancelled
ORD-103068,P004,West,1.0,2026-02-11,pending
ORD-103069,P006,East,4.0,2026-03-08,pending
ORD-103070,P002,West,5.0,2026-02-16,cancelled
ORD-103071,P001,South,2.0,2026-02-17,completed
ORD-103072,P006,West,4.0,2026-03-05,completed
ORD-103073,P004,East,5.0,2026-05-06,pending
ORD-103074,P004,South,,2026-02-03,completed
ORD-103075,P003,West,1.0,2026-04-04,pending
ORD-103076,P004,North,3.0,2026-02-14,pending
ORD-103077,P008,West,5.0,2026-06-05,pending
ORD-103078,P008,South,3.0,2026-03-31,pending
ORD-103079,P006,South,4.0,2026-02-17,completed
ORD-103080,P001,North,3.0,2026-02-21,Completed
ORD-103081,P007,North,5.0,2026-06-15,COMPLETED
ORD-103082,P002,North,2.0,2026-04-28,Completed
ORD-103083,P010,North,5.0,2026-01-24,Completed
ORD-103084,P010,North,2.0,2026-03-31,cancelled
ORD-103085,P005,South,2.0,2026-06-17,completed
ORD-103086,P010,West,5.0,2026-04-17,cancelled
ORD-103087,P002,North,1.0,2026-06-05,Completed
ORD-103088,P003,South,4.0,2026-01-30,cancelled
ORD-103089,P008,South,5.0,2026-06-19,completed
ORD-103090,P002,West,2.0,2026-01-29,Completed
ORD-103091,P001,North,3.0,2026-01-31,pending
ORD-103092,P008,South,2.0,2026-03-05,completed
ORD-103093,P005,South,3.0,2026-05-27,Completed
ORD-103094,P009,South,3.0,2026-01-04,pending
ORD-103095,P002,East,1.0,2026-02-08,COMPLETED
ORD-103096,P001,West,2.0,2026-05-23,COMPLETED
ORD-103097,P001,East,2.0,2026-05-28,pending
ORD-103098,P005,South,,2026-04-07,pending
ORD-103099,P004,East,3.0,2026-06-29,cancelled
ORD-103100,P002,North,2.0,2026-06-17,pending
ORD-103101,P010,South,5.0,2026-03-30,cancelled
ORD-103102,P001,South,1.0,2026-01-25,Completed
ORD-103103,P005,West,5.0,2026-02-18,COMPLETED
ORD-103104,P009,West,2.0,2026-04-04,Completed
ORD-103105,P001,North,2.0,2026-03-08,completed
ORD-103106,P003,North,3.0,2026-05-04,pending
ORD-103107,P003,South,3.0,2026-05-03,completed
ORD-103108,P003,North,1.0,2026-06-03,cancelled
ORD-103109,P007,North,2.0,2026-06-01,Completed
ORD-103110,P005,North,3.0,2026-05-16,Completed
ORD-103111,P001,East,1.0,2026-02-26,completed
ORD-103112,P001,East,4.0,2026-06-07,cancelled
ORD-103113,P010,West,3.0,2026-06-13,pending
ORD-103114,P002,West,3.0,2026-04-05,COMPLETED
ORD-103115,P005,South,3.0,2026-04-19,cancelled
ORD-103116,P002,East,1.0,2026-02-05,completed
ORD-103117,P001,North,5.0,2026-05-23,completed
ORD-103118,P001,North,4.0,2026-02-23,pending
ORD-103119,P004,West,1.0,2026-01-26,cancelled
ORD-103120,P003,North,5.0,2026-04-19,completed
ORD-103121,P006,North,1.0,2026-04-25,completed
ORD-103122,P006,North,2.0,2026-06-30,pending
ORD-103123,P001,West,1.0,2026-04-15,cancelled
ORD-103124,P004,North,3.0,2026-03-27,COMPLETED
ORD-103125,P009,West,4.0,2026-03-12,Completed
ORD-103126,P002,South,,2026-06-30,pending
ORD-103127,P007,East,5.0,2026-02-16,COMPLETED
ORD-103128,P008,West,4.0,2026-04-20,completed
ORD-103129,P004,North,2.0,2026-01-31,pending
ORD-103130,P007,West,4.0,2026-02-10,cancelled
ORD-103131,P007,North,1.0,2026-02-08,pending
ORD-103132,P004,West,,2026-02-05,completed
ORD-103133,P005,West,3.0,2026-04-14,COMPLETED
ORD-103134,P010,North,1.0,2026-01-07,cancelled
ORD-103135,P010,West,3.0,2026-05-05,completed
ORD-103136,P001,East,5.0,2026-06-17,pending
ORD-103137,P002,East,3.0,2026-05-25,Completed
ORD-103138,P002,South,5.0,2026-03-23,pending
ORD-103139,P009,East,5.0,2026-01-10,cancelled
ORD-103140,P007,West,1.0,2026-06-05,Completed
ORD-103141,P008,West,4.0,2026-06-01,cancelled
ORD-103142,P010,East,4.0,2026-05-23,completed
ORD-103143,P003,West,1.0,2026-02-25,cancelled
ORD-103144,P008,East,2.0,2026-05-27,COMPLETED
ORD-103145,P007,South,5.0,2026-02-16,pending
ORD-103146,P010,North,4.0,2026-03-16,completed
ORD-103147,P002,South,2.0,2026-03-09,completed
ORD-103148,P004,North,5.0,2026-04-30,Completed
ORD-103149,P002,West,2.0,2026-01-23,completed
ORD-103150,P005,North,5.0,2026-01-25,pending
ORD-103151,P009,West,1.0,2026-06-02,completed
ORD-103152,P008,East,5.0,2026-01-06,completed
ORD-103153,P002,West,3.0,2026-05-20,pending
ORD-103154,P003,North,3.0,2026-02-11,pending
ORD-103155,P009,West,3.0,2026-03-01,cancelled
ORD-103156,P001,South,1.0,2026-05-19,COMPLETED
ORD-103157,P009,West,4.0,2026-01-12,completed
ORD-103158,P003,West,3.0,2026-02-18,pending
ORD-103159,P007,North,5.0,2026-01-24,cancelled
ORD-103160,P010,South,4.0,2026-03-11,pending
ORD-103161,P009,West,4.0,2026-02-08,pending
ORD-103162,P008,North,5.0,2026-06-20,COMPLETED
ORD-103163,P004,East,1.0,2026-01-31,pending
ORD-103164,P007,East,4.0,2026-01-29,pending
ORD-103165,P004,West,5.0,2026-02-15,pending
ORD-103166,P004,West,4.0,2026-03-27,pending
ORD-103167,P007,East,5.0,2026-02-16,cancelled
ORD-103168,P005,West,2.0,2026-06-06,COMPLETED
ORD-103169,P010,North,5.0,2026-04-20,COMPLETED
ORD-103170,P003,West,,2026-01-17,pending
ORD-103171,P006,West,3.0,2026-01-27,pending
ORD-103172,P004,West,5.0,2026-06-11,Completed
ORD-103173,P001,South,4.0,2026-05-09,pending
ORD-103174,P009,North,2.0,2026-02-28,COMPLETED
ORD-103175,P007,South,5.0,2026-05-03,cancelled
ORD-103176,P010,North,5.0,2026-05-28,completed
ORD-103177,P002,North,1.0,2026-03-18,pending
ORD-103178,P004,South,2.0,2026-04-02,cancelled
ORD-103179,P002,South,4.0,2026-03-01,completed
ORD-103180,P006,South,3.0,2026-02-17,COMPLETED
ORD-103181,P009,North,1.0,2026-05-11,Completed
ORD-103182,P006,East,3.0,2026-03-13,completed
ORD-103183,P010,West,1.0,2026-01-25,Completed
ORD-103184,P005,North,4.0,2026-03-12,cancelled
ORD-103185,P002,West,1.0,2026-05-01,pending
ORD-103186,P003,East,5.0,2026-06-29,pending
ORD-103187,P001,North,4.0,2026-05-20,pending
ORD-103188,P003,East,3.0,2026-01-25,cancelled
ORD-103189,P009,South,5.0,2026-01-27,Completed
ORD-103190,P007,West,5.0,2026-06-10,cancelled
ORD-103191,P010,South,5.0,2026-06-19,cancelled
ORD-103192,P010,West,5.0,2026-05-21,cancelled
ORD-103193,P010,North,5.0,2026-03-21,COMPLETED
ORD-103194,P006,North,5.0,2026-06-18,Completed
ORD-103195,P010,South,4.0,2026-06-23,COMPLETED
ORD-103196,P004,West,1.0,2026-06-28,COMPLETED
ORD-103197,P002,West,1.0,2026-01-19,Completed
ORD-103198,P010,West,3.0,2026-05-18,Completed
ORD-103199,P007,South,5.0,2026-06-15,COMPLETED
ORD-103200,P006,North,1.0,2026-04-06,completed
ORD-103201,P001,East,3.0,2026-06-02,pending
ORD-103202,P010,South,4.0,2026-03-06,cancelled
ORD-103203,P005,West,4.0,2026-05-23,completed
ORD-103204,P006,East,3.0,2026-04-22,COMPLETED
ORD-103205,P007,West,3.0,2026-04-04,pending
ORD-103206,P001,West,3.0,2026-05-27,COMPLETED
ORD-103207,P004,North,2.0,2026-02-19,COMPLETED
ORD-103208,P005,West,2.0,2026-04-14,cancelled
ORD-103209,P006,East,4.0,2026-06-29,COMPLETED
ORD-103210,P010,East,1.0,2026-06-05,completed
ORD-103211,P007,South,2.0,2026-02-11,COMPLETED
ORD-103212,P003,West,4.0,2026-04-26,cancelled
ORD-103213,P005,South,5.0,2026-04-13,completed
ORD-103214,P007,North,3.0,2026-01-08,completed
ORD-103215,P002,East,5.0,2026-04-06,cancelled
ORD-103216,P001,North,5.0,2026-01-02,pending
ORD-103217,P007,West,2.0,2026-05-04,Completed
ORD-103218,P002,East,1.0,2026-02-14,COMPLETED
ORD-103219,P008,West,2.0,2026-02-04,cancelled
ORD-103220,P002,North,1.0,2026-02-07,Completed
ORD-103221,P009,South,4.0,2026-03-06,COMPLETED
ORD-103222,P004,East,4.0,2026-04-21,pending
ORD-103223,P001,East,2.0,2026-04-29,COMPLETED
ORD-103224,P005,South,1.0,2026-05-12,pending
ORD-103225,P004,East,3.0,2026-05-09,COMPLETED
ORD-103226,P001,West,3.0,2026-01-09,COMPLETED
ORD-103227,P008,South,1.0,2026-03-28,completed
ORD-103228,P003,South,4.0,2026-02-19,COMPLETED
ORD-103229,P009,West,5.0,2026-06-07,completed
ORD-103230,P008,West,2.0,2026-04-23,COMPLETED
ORD-103231,P003,South,5.0,2026-05-06,pending
ORD-103232,P007,South,4.0,2026-06-25,COMPLETED
ORD-103233,P001,North,1.0,2026-06-17,pending
ORD-103234,P007,North,2.0,2026-03-05,completed
ORD-103235,P007,South,5.0,2026-06-05,pending
ORD-103236,P003,South,2.0,2026-03-10,COMPLETED
ORD-103237,P001,North,4.0,2026-01-10,cancelled
ORD-103238,P008,East,1.0,2026-05-10,cancelled
ORD-103239,P006,East,3.0,2026-02-14,COMPLETED
ORD-103240,P005,North,2.0,2026-04-20,pending
ORD-103241,P006,North,5.0,2026-06-26,Completed
ORD-103242,P008,North,,2026-06-30,COMPLETED
ORD-103243,P004,North,4.0,2026-06-14,pending
ORD-103244,P009,East,4.0,2026-06-19,pending
ORD-103245,P010,West,5.0,2026-05-29,pending
ORD-103246,P003,North,3.0,2026-06-26,cancelled
ORD-103247,P010,South,1.0,2026-06-29,COMPLETED
ORD-103248,P008,South,2.0,2026-06-24,completed
ORD-103249,P002,West,2.0,2026-06-03,COMPLETED
ORD-103250,P003,South,2.0,2026-02-22,pending
ORD-103251,P004,North,1.0,2026-03-02,pending
ORD-103252,P008,West,2.0,2026-01-08,pending
ORD-103253,P004,North,5.0,2026-02-14,Completed
ORD-103254,P003,North,1.0,2026-02-07,completed
ORD-103255,P003,South,1.0,2026-02-28,completed
ORD-103256,P009,West,1.0,2026-04-09,completed
ORD-103257,P001,West,1.0,2026-05-11,completed
ORD-103258,P009,East,4.0,2026-01-22,completed
ORD-103259,P005,South,3.0,2026-01-16,COMPLETED
ORD-103260,P004,North,1.0,2026-06-14,cancelled
ORD-103261,P005,South,3.0,2026-04-18,cancelled
ORD-103262,P010,North,2.0,2026-03-22,completed
ORD-103263,P008,South,,2026-04-14,COMPLETED
ORD-103264,P006,West,1.0,2026-05-31,COMPLETED
ORD-103265,P001,North,4.0,2026-06-26,cancelled
ORD-103266,P005,North,,2026-01-24,cancelled
ORD-103267,P006,North,2.0,2026-03-18,COMPLETED
ORD-103268,P001,East,5.0,2026-04-25,pending
ORD-103269,P005,West,5.0,2026-06-08,completed
ORD-103270,P006,South,5.0,2026-05-24,Completed
ORD-103271,P005,South,5.0,2026-05-22,pending
ORD-103272,P010,South,4.0,2026-04-14,completed
ORD-103273,P009,West,5.0,2026-03-01,pending
ORD-103274,P002,West,1.0,2026-05-01,COMPLETED
ORD-103275,P001,West,4.0,2026-04-05,completed
ORD-103276,P010,West,,2026-04-27,pending
ORD-103277,P004,North,2.0,2026-02-02,cancelled
ORD-103278,P006,South,3.0,2026-04-27,completed
ORD-103279,P009,East,1.0,2026-01-02,cancelled
ORD-103280,P006,East,1.0,2026-03-27,cancelled
ORD-103281,P008,East,2.0,2026-04-27,cancelled
ORD-103282,P005,South,1.0,2026-04-09,pending
ORD-103283,P009,East,5.0,2026-02-07,cancelled
ORD-103284,P003,East,2.0,2026-04-22,pending
ORD-103285,P008,North,3.0,2026-03-27,COMPLETED
ORD-103286,P005,North,3.0,2026-02-03,COMPLETED
ORD-103287,P006,North,5.0,2026-05-05,Completed
ORD-103288,P001,South,3.0,2026-05-28,cancelled
ORD-103289,P001,North,1.0,2026-05-28,completed
ORD-103290,P007,East,1.0,2026-02-26,cancelled
ORD-103291,P003,South,4.0,2026-02-24,Completed
ORD-103292,P009,East,3.0,2026-02-11,completed
ORD-103293,P001,West,5.0,2026-01-23,Completed
ORD-103294,P003,East,2.0,2026-06-26,completed
ORD-103295,P003,North,5.0,2026-04-18,COMPLETED
ORD-103296,P001,North,3.0,2026-05-04,pending
ORD-103297,P001,North,1.0,2026-01-24,pending
ORD-103298,P003,North,1.0,2026-04-29,COMPLETED
ORD-103299,P003,North,1.0,2026-04-20,COMPLETED
ORD-103300,P004,North,2.0,2026-04-23,Completed
ORD-103301,P001,West,4.0,2026-01-09,pending
ORD-103302,P006,North,,2026-06-24,cancelled
ORD-103303,P005,North,5.0,2026-06-29,COMPLETED
ORD-103304,P009,East,2.0,2026-03-25,pending
ORD-103305,P009,West,5.0,2026-04-30,Completed
ORD-103306,P007,South,3.0,2026-03-30,cancelled
ORD-103307,P002,North,5.0,2026-04-16,Completed
ORD-103308,P008,East,1.0,2026-02-21,Completed
ORD-103309,P002,East,2.0,2026-01-10,COMPLETED
ORD-103310,P009,West,2.0,2026-06-19,completed
ORD-103311,P008,South,3.0,2026-03-17,cancelled
ORD-103312,P005,South,2.0,2026-05-15,cancelled
ORD-103313,P009,West,5.0,2026-01-16,cancelled
ORD-103314,P001,West,5.0,2026-04-20,Completed
ORD-103315,P005,South,2.0,2026-03-18,COMPLETED
ORD-103316,P004,East,2.0,2026-04-08,pending
ORD-103317,P001,East,4.0,2026-03-26,COMPLETED
ORD-103318,P001,East,3.0,2026-04-11,COMPLETED
ORD-103319,P002,West,5.0,2026-04-04,Completed
ORD-103320,P001,North,3.0,2026-06-02,COMPLETED
ORD-103321,P002,West,3.0,2026-01-11,completed
ORD-103322,P010,South,1.0,2026-01-27,completed
ORD-103323,P008,West,1.0,2026-05-10,Completed
ORD-103324,P006,West,1.0,2026-03-17,Completed
ORD-103325,P003,North,5.0,2026-06-12,COMPLETED
ORD-103326,P004,East,1.0,2026-03-22,Completed
ORD-103327,P001,South,3.0,2026-01-22,pending
ORD-103328,P006,North,4.0,2026-01-16,completed
ORD-103329,P002,North,2.0,2026-03-23,COMPLETED
ORD-103330,P010,West,5.0,2026-03-08,COMPLETED
ORD-103331,P001,East,4.0,2026-04-23,completed
ORD-103332,P008,South,4.0,2026-06-30,pending
ORD-103333,P009,East,5.0,2026-01-13,COMPLETED
ORD-103334,P001,North,4.0,2026-03-01,COMPLETED
ORD-103335,P010,East,1.0,2026-02-25,Completed
ORD-103336,P010,North,2.0,2026-01-31,completed
ORD-103337,P004,North,3.0,2026-04-20,completed
ORD-103338,P002,East,1.0,2026-05-19,Completed
ORD-103339,P006,South,3.0,2026-06-07,COMPLETED
ORD-103340,P004,East,3.0,2026-04-06,cancelled
ORD-103341,P002,North,4.0,2026-01-09,pending
ORD-103342,P010,North,4.0,2026-01-04,pending
ORD-103343,P001,West,4.0,2026-01-19,COMPLETED
ORD-103344,P001,South,5.0,2026-06-28,COMPLETED
ORD-103345,P003,South,3.0,2026-02-25,COMPLETED
ORD-103346,P010,East,1.0,2026-06-28,completed
ORD-103347,P007,West,2.0,2026-05-06,COMPLETED
ORD-103348,P006,South,3.0,2026-01-03,completed
ORD-103349,P002,South,3.0,2026-05-07,COMPLETED
ORD-103350,P003,South,4.0,2026-04-11,pending
ORD-103351,P005,North,5.0,2026-02-17,Completed
ORD-103352,P004,East,1.0,2026-02-26,completed
ORD-103353,P001,North,4.0,2026-01-09,completed
ORD-103354,P006,North,5.0,2026-03-04,pending
ORD-103355,P007,East,2.0,2026-05-11,completed
ORD-103356,P002,West,2.0,2026-04-09,pending
ORD-103357,P001,East,4.0,2026-03-14,COMPLETED
ORD-103358,P010,West,5.0,2026-05-23,Completed
ORD-103359,P002,West,4.0,2026-02-13,completed
ORD-103360,P004,West,2.0,2026-03-03,completed
ORD-103361,P003,East,2.0,2026-04-28,completed
ORD-103362,P005,West,5.0,2026-04-29,Completed
ORD-103363,P001,North,3.0,2026-04-24,Completed
ORD-103364,P004,North,4.0,2026-05-21,Completed
ORD-103365,P002,South,5.0,2026-06-15,completed
ORD-103366,P009,West,3.0,2026-05-27,pending
ORD-103367,P002,North,5.0,2026-04-22,cancelled
ORD-103368,P004,East,5.0,2026-05-18,completed
ORD-103369,P010,West,4.0,2026-03-22,Completed
ORD-103370,P002,North,3.0,2026-04-08,Completed
ORD-103371,P008,South,4.0,2026-05-17,pending
ORD-103372,P003,West,5.0,2026-05-11,COMPLETED
ORD-103373,P006,North,5.0,2026-03-21,Completed
ORD-103374,P003,South,,2026-05-03,Completed
ORD-103375,P009,East,2.0,2026-02-24,Completed
ORD-103376,P003,East,3.0,2026-01-16,cancelled
ORD-103377,P005,South,5.0,2026-06-17,completed
ORD-103378,P002,East,2.0,2026-04-18,completed
ORD-103379,P003,North,2.0,2026-06-10,completed
ORD-103380,P005,South,2.0,2026-06-28,Completed
ORD-103381,P008,East,2.0,2026-05-08,completed
ORD-103382,P004,South,2.0,2026-04-06,pending
ORD-103383,P002,East,4.0,2026-04-17,COMPLETED
ORD-103384,P007,North,1.0,2026-02-20,COMPLETED
ORD-103385,P010,West,3.0,2026-03-01,cancelled
ORD-103386,P010,South,1.0,2026-01-25,completed
ORD-103387,P003,North,1.0,2026-06-03,cancelled
ORD-103388,P005,North,2.0,2026-04-07,pending
ORD-103389,P009,North,1.0,2026-02-25,COMPLETED
ORD-103390,P004,East,4.0,2026-05-19,cancelled
ORD-103391,P003,North,2.0,2026-02-08,completed
ORD-103392,P007,North,3.0,2026-05-05,cancelled
ORD-103393,P009,West,4.0,2026-04-05,cancelled
ORD-103394,P001,South,2.0,2026-04-09,completed
ORD-103395,P010,West,1.0,2026-05-12,COMPLETED
ORD-103396,P010,East,1.0,2026-03-15,cancelled
ORD-103397,P007,South,5.0,2026-04-11,Completed
ORD-103398,P004,West,3.0,2026-05-26,pending
ORD-103399,P007,West,2.0,2026-02-12,cancelled
ORD-103400,P003,North,2.0,2026-04-22,COMPLETED
ORD-103401,P004,South,3.0,2026-04-16,pending
ORD-103402,P006,South,5.0,2026-03-10,pending
ORD-103403,P001,West,5.0,2026-05-17,pending
ORD-103404,P002,West,2.0,2026-06-09,COMPLETED
ORD-103405,P002,West,2.0,2026-06-18,pending
ORD-103406,P006,South,3.0,2026-03-03,cancelled
ORD-103407,P003,North,2.0,2026-04-04,Completed
ORD-103408,P004,South,1.0,2026-03-08,Completed
ORD-103409,P002,East,5.0,2026-01-21,cancelled
ORD-103410,P007,East,3.0,2026-01-08,COMPLETED
ORD-103411,P008,East,4.0,2026-04-10,cancelled
ORD-103412,P010,East,3.0,2026-03-10,Completed
ORD-103413,P007,West,3.0,2026-04-05,cancelled
ORD-103414,P007,West,1.0,2026-06-02,cancelled
ORD-103415,P004,South,3.0,2026-03-13,COMPLETED
ORD-103416,P006,North,5.0,2026-01-06,COMPLETED
ORD-103417,P009,East,4.0,2026-01-23,pending
ORD-103418,P003,East,4.0,2026-03-24,COMPLETED
ORD-103419,P008,North,2.0,2026-02-16,completed
ORD-103420,P008,South,5.0,2026-03-12,completed
ORD-103421,P005,West,3.0,2026-02-16,completed
ORD-103422,P005,South,2.0,2026-06-16,cancelled
ORD-103423,P002,East,2.0,2026-03-19,completed
ORD-103424,P008,West,4.0,2026-05-26,Completed
ORD-103425,P002,North,,2026-06-24,completed
ORD-103426,P008,East,2.0,2026-05-16,completed
ORD-103427,P002,West,5.0,2026-04-05,COMPLETED
ORD-103428,P006,South,3.0,2026-02-10,Completed
ORD-103429,P007,West,4.0,2026-05-10,completed
ORD-103430,P002,South,2.0,2026-05-08,completed
ORD-103431,P009,East,2.0,2026-04-16,Completed
ORD-103432,P008,West,4.0,2026-04-29,cancelled
ORD-103433,P006,South,1.0,2026-04-15,completed
ORD-103434,P005,North,3.0,2026-01-16,Completed
ORD-103435,P008,North,,2026-05-18,COMPLETED
ORD-103436,P006,North,2.0,2026-06-16,cancelled
ORD-103437,P003,North,3.0,2026-02-02,cancelled
ORD-103438,P004,West,,2026-01-31,COMPLETED
ORD-103439,P004,North,2.0,2026-05-27,cancelled
ORD-103440,P009,North,2.0,2026-06-10,completed
ORD-103441,P004,South,3.0,2026-02-01,COMPLETED
ORD-103442,P003,West,1.0,2026-05-13,pending
ORD-103443,P003,West,3.0,2026-05-28,Completed
ORD-103444,P006,East,2.0,2026-06-07,Completed
ORD-103445,P003,South,4.0,2026-02-13,Completed
ORD-103446,P010,South,,2026-02-18,COMPLETED
ORD-103447,P008,South,2.0,2026-06-26,Completed
ORD-103448,P004,West,3.0,2026-04-19,completed
ORD-103449,P008,North,5.0,2026-04-12,cancelled
ORD-103450,P001,South,4.0,2026-05-11,completed
ORD-103451,P009,South,1.0,2026-02-10,completed
ORD-103452,P008,South,3.0,2026-02-01,pending
ORD-103453,P004,South,4.0,2026-05-23,cancelled
ORD-103454,P005,East,4.0,2026-05-17,Completed
ORD-103455,P006,East,2.0,2026-04-24,Completed
ORD-103456,P003,South,5.0,2026-02-06,completed
ORD-103457,P002,East,2.0,2026-06-05,COMPLETED
ORD-103458,P009,South,2.0,2026-06-21,Completed
ORD-103459,P006,North,5.0,2026-04-14,COMPLETED
ORD-103460,P004,North,2.0,2026-04-06,cancelled
ORD-103461,P004,North,3.0,2026-01-18,cancelled
ORD-103462,P008,North,1.0,2026-03-12,cancelled
ORD-103463,P006,East,5.0,2026-02-28,COMPLETED
ORD-103464,P003,North,4.0,2026-01-04,Completed
ORD-103465,P007,North,3.0,2026-06-19,cancelled
ORD-103466,P004,West,4.0,2026-05-27,completed
ORD-103467,P006,West,3.0,2026-03-12,COMPLETED
ORD-103468,P010,South,1.0,2026-01-19,COMPLETED
ORD-103469,P002,East,5.0,2026-04-20,COMPLETED
ORD-103470,P006,East,,2026-04-20,completed
ORD-103471,P010,South,4.0,2026-04-07,pending
ORD-103472,P008,South,1.0,2026-04-02,Completed
ORD-103473,P001,South,2.0,2026-03-06,completed
ORD-103474,P002,West,1.0,2026-06-09,Completed
ORD-103475,P005,South,4.0,2026-01-19,pending
ORD-103476,P007,West,5.0,2026-04-29,pending
ORD-103477,P008,North,4.0,2026-02-25,cancelled
ORD-103478,P004,South,4.0,2026-01-21,completed
ORD-103479,P008,West,4.0,2026-03-28,COMPLETED
ORD-103480,P004,South,5.0,2026-06-13,COMPLETED
ORD-103481,P004,North,4.0,2026-01-30,COMPLETED
ORD-103482,P005,North,5.0,2026-02-18,COMPLETED
ORD-103483,P003,North,2.0,2026-03-01,completed
ORD-103484,P010,East,3.0,2026-01-18,cancelled
ORD-103485,P007,East,4.0,2026-03-11,COMPLETED
ORD-103486,P008,North,,2026-01-02,cancelled
ORD-103487,P009,West,5.0,2026-04-29,cancelled
ORD-103488,P008,East,5.0,2026-04-13,cancelled
ORD-103489,P005,West,4.0,2026-01-23,COMPLETED
ORD-103490,P007,North,3.0,2026-06-26,completed
ORD-103491,P001,South,2.0,2026-04-15,cancelled
ORD-103492,P004,West,5.0,2026-01-10,cancelled
ORD-103493,P010,West,1.0,2026-02-17,pending
ORD-103494,P006,West,2.0,2026-02-05,completed
ORD-103495,P006,West,2.0,2026-06-01,COMPLETED
ORD-103496,P006,South,4.0,2026-01-29,cancelled
ORD-103497,P004,East,1.0,2026-04-20,COMPLETED
ORD-103498,P010,East,3.0,2026-03-16,COMPLETED
ORD-103499,P007,West,3.0,2026-06-18,COMPLETED
ORD-103500,P005,East,1.0,2026-02-26,COMPLETED
ORD-103501,P010,West,5.0,2026-02-01,pending
ORD-103502,P004,South,3.0,2026-06-05,COMPLETED
ORD-103503,P010,East,3.0,2026-04-26,cancelled
ORD-103504,P005,South,1.0,2026-01-05,pending
ORD-103505,P006,West,4.0,2026-05-09,Completed
ORD-103506,P010,East,2.0,2026-06-21,completed
ORD-103507,P001,West,2.0,2026-05-27,completed
ORD-103508,P008,West,5.0,2026-01-12,COMPLETED
ORD-103509,P004,West,4.0,2026-03-15,pending
ORD-103510,P003,North,1.0,2026-02-02,COMPLETED
ORD-103511,P005,West,4.0,2026-05-26,completed
ORD-103512,P003,South,1.0,2026-06-06,Completed
ORD-103513,P006,South,2.0,2026-01-28,cancelled
ORD-103514,P006,East,5.0,2026-04-11,cancelled
ORD-103515,P004,East,4.0,2026-03-26,completed
ORD-103516,P009,North,5.0,2026-04-21,Completed
ORD-103517,P002,East,2.0,2026-03-08,COMPLETED
ORD-103518,P006,West,1.0,2026-04-12,Completed
ORD-103519,P009,East,2.0,2026-05-21,COMPLETED
ORD-103520,P003,West,2.0,2026-02-18,completed
ORD-103521,P004,East,2.0,2026-02-19,COMPLETED
ORD-103522,P007,North,,2026-02-23,Completed
ORD-103523,P008,West,4.0,2026-05-29,pending
ORD-103524,P001,East,2.0,2026-01-09,pending
ORD-103525,P005,North,1.0,2026-04-08,cancelled
ORD-103526,P008,North,2.0,2026-03-15,completed
ORD-103527,P005,East,2.0,2026-02-23,pending
ORD-103528,P006,South,5.0,2026-01-13,pending
ORD-103529,P005,West,4.0,2026-04-19,COMPLETED
ORD-103530,P003,South,2.0,2026-02-20,pending
ORD-103531,P004,South,,2026-01-03,COMPLETED
ORD-103532,P007,North,1.0,2026-05-27,Completed
ORD-103533,P001,South,4.0,2026-02-26,cancelled
ORD-103534,P002,North,4.0,2026-06-27,cancelled
ORD-103535,P006,West,2.0,2026-01-03,cancelled
ORD-103536,P010,East,3.0,2026-06-06,Completed
ORD-103537,P001,East,2.0,2026-02-14,completed
ORD-103538,P002,South,5.0,2026-02-14,COMPLETED
ORD-103539,P008,South,,2026-02-13,COMPLETED
ORD-103540,P003,South,4.0,2026-01-12,completed
ORD-103541,P010,North,2.0,2026-01-05,Completed
ORD-103542,P003,North,1.0,2026-03-16,cancelled
ORD-103543,P007,West,1.0,2026-03-08,cancelled
ORD-103544,P008,East,5.0,2026-03-24,pending
ORD-103545,P003,North,5.0,2026-03-09,Completed
ORD-103546,P009,South,4.0,2026-04-23,Completed
ORD-103547,P006,North,3.0,2026-05-10,pending
ORD-103548,P001,East,5.0,2026-05-30,COMPLETED
ORD-103549,P005,South,4.0,2026-05-10,Completed
ORD-103550,P004,North,1.0,2026-04-26,Completed
ORD-103551,P002,North,4.0,2026-01-23,pending
ORD-103552,P001,East,5.0,2026-03-02,cancelled
ORD-103553,P010,North,1.0,2026-01-13,cancelled
ORD-103554,P005,North,2.0,2026-06-27,pending
ORD-103555,P003,North,5.0,2026-04-01,pending
ORD-103556,P005,East,3.0,2026-06-27,completed
ORD-103557,P008,South,4.0,2026-01-27,cancelled
ORD-103558,P005,South,2.0,2026-03-05,Completed
ORD-103559,P001,East,1.0,2026-04-03,cancelled
ORD-103560,P003,East,3.0,2026-04-07,pending
ORD-103561,P007,South,1.0,2026-02-19,pending
ORD-103562,P004,East,4.0,2026-02-21,completed
ORD-103563,P005,West,5.0,2026-05-09,COMPLETED
ORD-103564,P001,West,,2026-03-11,Completed
ORD-103565,P001,West,3.0,2026-04-06,completed
ORD-103566,P010,South,4.0,2026-03-22,cancelled
ORD-103567,P005,South,2.0,2026-06-09,Completed
ORD-103568,P010,West,2.0,2026-03-23,cancelled
ORD-103569,P008,East,2.0,2026-05-02,COMPLETED
ORD-103570,P010,North,4.0,2026-02-09,COMPLETED
ORD-103571,P009,South,2.0,2026-01-22,completed
ORD-103572,P006,South,3.0,2026-05-27,completed
ORD-103573,P002,West,2.0,2026-03-24,pending
ORD-103574,P006,West,2.0,2026-03-22,cancelled
ORD-103575,P003,West,5.0,2026-06-15,COMPLETED
ORD-103576,P003,West,3.0,2026-01-11,COMPLETED
ORD-103577,P010,North,5.0,2026-05-12,COMPLETED
ORD-103578,P002,South,2.0,2026-02-19,pending
ORD-103579,P001,East,2.0,2026-01-12,Completed
ORD-103580,P002,North,2.0,2026-06-14,completed
ORD-103581,P003,East,5.0,2026-01-20,completed
ORD-103582,P006,South,5.0,2026-05-18,cancelled
ORD-103583,P009,West,1.0,2026-05-08,completed
ORD-103584,P010,East,5.0,2026-01-29,completed
ORD-103585,P007,East,1.0,2026-03-21,completed
ORD-103586,P007,West,5.0,2026-02-15,cancelled
ORD-103587,P004,East,4.0,2026-03-22,cancelled
ORD-103588,P005,East,1.0,2026-04-13,pending
ORD-103589,P007,South,2.0,2026-02-03,completed
ORD-103590,P010,West,2.0,2026-02-06,completed
ORD-103591,P004,North,1.0,2026-02-16,completed
ORD-103592,P005,East,1.0,2026-02-11,COMPLETED
ORD-103593,P008,North,5.0,2026-05-11,cancelled
ORD-103594,P003,East,5.0,2026-04-15,completed
ORD-103595,P003,South,5.0,2026-05-12,completed
ORD-103596,P001,West,1.0,2026-02-26,Completed
ORD-103597,P001,North,2.0,2026-01-16,Completed
ORD-103598,P009,South,2.0,2026-03-28,completed
ORD-103599,P001,North,2.0,2026-03-24,COMPLETED
ORD-103600,P004,South,1.0,2026-05-16,COMPLETED
ORD-103601,P009,South,5.0,2026-06-26,Completed
ORD-103602,P010,North,4.0,2026-06-06,pending
ORD-103603,P007,West,2.0,2026-02-11,Completed
ORD-103604,P003,South,5.0,2026-05-23,pending
ORD-103605,P007,South,4.0,2026-06-22,cancelled
ORD-103606,P002,East,5.0,2026-05-10,cancelled
ORD-103607,P003,West,4.0,2026-04-12,pending
ORD-103608,P005,North,2.0,2026-01-28,Completed
ORD-103609,P009,South,5.0,2026-02-10,Completed
ORD-103610,P002,South,2.0,2026-06-22,cancelled
ORD-103611,P010,West,1.0,2026-01-17,cancelled
ORD-103612,P008,West,1.0,2026-05-07,cancelled
ORD-103613,P006,South,,2026-05-29,pending
ORD-103614,P009,East,1.0,2026-01-26,pending
ORD-103615,P003,West,1.0,2026-04-30,cancelled
ORD-103616,P009,North,5.0,2026-06-27,cancelled
ORD-103617,P010,South,3.0,2026-05-17,COMPLETED
ORD-103618,P008,North,2.0,2026-02-15,cancelled
ORD-103619,P007,West,2.0,2026-04-05,pending
ORD-103620,P006,North,4.0,2026-05-28,Completed
ORD-103621,P005,South,2.0,2026-06-07,pending
ORD-103622,P005,West,1.0,2026-06-21,cancelled
ORD-103623,P005,North,4.0,2026-02-04,Completed
ORD-103624,P010,West,3.0,2026-04-16,completed
ORD-103625,P008,West,5.0,2026-05-27,completed
ORD-103626,P009,West,4.0,2026-06-02,COMPLETED
ORD-103627,P009,East,1.0,2026-04-01,pending
ORD-103628,P004,East,4.0,2026-06-05,Completed
ORD-103629,P005,East,5.0,2026-04-28,pending
ORD-103630,P009,West,5.0,2026-01-28,pending
ORD-103631,P001,East,5.0,2026-03-09,Completed
ORD-103632,P009,North,2.0,2026-04-11,completed
ORD-103633,P001,West,4.0,2026-02-11,completed
ORD-103634,P007,East,1.0,2026-04-13,completed
ORD-103635,P009,East,3.0,2026-02-15,COMPLETED
ORD-103636,P009,South,,2026-01-27,pending
ORD-103637,P010,South,1.0,2026-05-23,COMPLETED
ORD-103638,P008,South,4.0,2026-03-20,COMPLETED
ORD-103639,P002,East,2.0,2026-05-22,completed
ORD-103640,P003,East,1.0,2026-04-25,completed
ORD-103641,P004,East,4.0,2026-01-12,completed
ORD-103642,P010,East,1.0,2026-06-02,COMPLETED
ORD-103643,P007,North,5.0,2026-03-16,Completed
ORD-103644,P008,East,5.0,2026-05-19,completed
ORD-103645,P009,North,5.0,2026-05-03,cancelled
ORD-103646,P003,North,2.0,2026-04-17,cancelled
ORD-103647,P006,North,3.0,2026-06-26,COMPLETED
ORD-103648,P005,South,1.0,2026-03-06,cancelled
ORD-103649,P008,East,5.0,2026-03-12,cancelled
ORD-103650,P006,East,4.0,2026-02-12,Completed
ORD-103651,P003,East,5.0,2026-01-30,pending
ORD-103652,P007,South,4.0,2026-05-03,Completed
ORD-103653,P003,North,3.0,2026-02-16,Completed
ORD-103654,P004,East,1.0,2026-06-12,COMPLETED
ORD-103655,P008,West,3.0,2026-03-20,pending
ORD-103656,P005,East,2.0,2026-06-25,pending
ORD-103657,P007,South,2.0,2026-03-25,pending
ORD-103658,P004,North,1.0,2026-03-22,Completed
ORD-103659,P005,East,2.0,2026-03-27,pending
ORD-103660,P001,South,2.0,2026-01-01,completed
ORD-103661,P002,South,2.0,2026-05-01,cancelled
ORD-103662,P008,West,5.0,2026-02-10,pending
ORD-103663,P004,East,3.0,2026-06-08,pending
ORD-103664,P006,South,3.0,2026-02-13,Completed
ORD-103665,P006,East,1.0,2026-02-05,pending
ORD-103666,P006,East,4.0,2026-05-06,completed
ORD-103667,P001,North,1.0,2026-03-28,COMPLETED
ORD-103668,P005,North,4.0,2026-06-03,COMPLETED
ORD-103669,P005,South,2.0,2026-05-01,COMPLETED
ORD-103670,P003,West,3.0,2026-03-18,completed
ORD-103671,P008,East,5.0,2026-01-31,cancelled
ORD-103672,P004,East,5.0,2026-03-08,Completed
ORD-103673,P001,South,5.0,2026-03-27,completed
ORD-103674,P004,North,4.0,2026-02-19,completed
ORD-103675,P002,South,5.0,2026-06-26,pending
ORD-103676,P003,North,5.0,2026-04-20,pending
ORD-103677,P003,North,2.0,2026-05-23,cancelled
ORD-103678,P009,South,,2026-05-02,pending
ORD-103679,P007,East,3.0,2026-02-17,Completed
ORD-103680,P002,East,2.0,2026-04-24,COMPLETED
ORD-103681,P004,North,5.0,2026-05-04,completed
ORD-103682,P006,West,3.0,2026-04-19,cancelled
ORD-103683,P008,West,4.0,2026-01-23,Completed
ORD-103684,P010,North,2.0,2026-04-12,Completed
ORD-103685,P007,East,4.0,2026-02-04,COMPLETED
ORD-103686,P006,North,1.0,2026-01-14,completed
ORD-103687,P009,East,5.0,2026-06-02,completed
ORD-103688,P009,East,1.0,2026-03-01,pending
ORD-103689,P010,East,2.0,2026-04-15,COMPLETED
ORD-103690,P007,East,5.0,2026-03-12,cancelled
ORD-103691,P010,West,3.0,2026-04-05,cancelled
ORD-103692,P006,East,2.0,2026-06-12,pending
ORD-103693,P002,North,1.0,2026-06-01,cancelled
ORD-103694,P010,North,3.0,2026-04-29,pending
ORD-103695,P009,West,4.0,2026-02-18,completed
ORD-103696,P006,East,3.0,2026-05-29,COMPLETED
ORD-103697,P002,South,2.0,2026-03-10,pending
ORD-103698,P007,North,2.0,2026-05-14,completed
ORD-103699,P004,East,5.0,2026-05-16,completed
ORD-103700,P002,South,4.0,2026-05-28,pending
ORD-103701,P002,East,1.0,2026-03-12,pending
ORD-103702,P010,South,4.0,2026-06-11,cancelled
ORD-103703,P010,East,5.0,2026-01-13,cancelled
ORD-103704,P007,South,3.0,2026-05-30,completed
ORD-103705,P006,North,4.0,2026-05-10,completed
ORD-103706,P006,South,1.0,2026-02-19,completed
ORD-103707,P002,South,1.0,2026-05-28,completed
ORD-103708,P004,South,4.0,2026-05-17,COMPLETED
ORD-103709,P003,East,2.0,2026-06-15,cancelled
ORD-103710,P001,North,3.0,2026-05-27,pending
ORD-103711,P002,North,3.0,2026-05-09,completed
ORD-103712,P003,South,2.0,2026-03-18,cancelled
ORD-103713,P002,West,4.0,2026-03-29,Completed
ORD-103714,P008,South,5.0,2026-01-21,pending
ORD-103715,P007,South,2.0,2026-05-26,pending
ORD-103716,P001,North,5.0,2026-06-30,COMPLETED
ORD-103717,P007,East,3.0,2026-01-24,cancelled
ORD-103718,P004,East,4.0,2026-01-23,Completed
ORD-103719,P010,South,1.0,2026-05-05,completed
ORD-103720,P007,South,5.0,2026-03-16,completed
ORD-103721,P003,South,2.0,2026-05-11,cancelled
ORD-103722,P001,West,4.0,2026-02-10,cancelled
ORD-103723,P001,South,5.0,2026-03-29,completed
ORD-103724,P007,East,4.0,2026-03-07,completed
ORD-103725,P001,West,3.0,2026-01-27,Completed
ORD-103726,P006,East,3.0,2026-05-18,completed
ORD-103727,P006,North,5.0,2026-02-01,pending
ORD-103728,P001,West,1.0,2026-02-04,COMPLETED
ORD-103729,P003,West,2.0,2026-05-05,pending
ORD-103730,P002,East,4.0,2026-03-09,completed
ORD-103731,P009,South,2.0,2026-05-29,completed
ORD-103732,P010,North,4.0,2026-04-16,COMPLETED
ORD-103733,P010,North,2.0,2026-06-10,pending
ORD-103734,P009,West,3.0,2026-03-13,COMPLETED
ORD-103735,P002,South,3.0,2026-06-30,pending
ORD-103736,P008,West,3.0,2026-02-04,Completed
ORD-103737,P001,West,5.0,2026-06-14,completed
ORD-103738,P002,East,1.0,2026-04-09,Completed
ORD-103739,P005,North,2.0,2026-02-23,pending
ORD-103740,P008,East,2.0,2026-04-24,Completed
ORD-103741,P004,East,4.0,2026-04-14,completed
ORD-103742,P005,South,5.0,2026-01-25,completed
ORD-103743,P010,East,4.0,2026-01-29,completed
ORD-103744,P003,South,3.0,2026-05-20,COMPLETED
ORD-103745,P003,East,2.0,2026-01-11,Completed
ORD-103746,P002,North,3.0,2026-06-06,cancelled
ORD-103747,P008,North,3.0,2026-02-04,completed
ORD-103748,P001,West,3.0,2026-01-15,completed
ORD-103749,P010,South,2.0,2026-02-25,pending
ORD-103750,P002,West,3.0,2026-01-16,completed
ORD-103751,P003,East,4.0,2026-02-06,completed
ORD-103752,P010,West,4.0,2026-05-23,COMPLETED
ORD-103753,P010,South,3.0,2026-04-15,completed
ORD-103754,P008,South,1.0,2026-03-18,COMPLETED
ORD-103755,P004,West,5.0,2026-02-14,pending
ORD-103756,P001,South,5.0,2026-01-10,cancelled
ORD-103757,P002,West,4.0,2026-06-26,completed
ORD-103758,P003,West,2.0,2026-05-20,completed
ORD-103759,P003,North,2.0,2026-01-09,cancelled
ORD-103760,P007,North,2.0,2026-02-04,cancelled
ORD-103761,P009,North,,2026-05-30,cancelled
ORD-103762,P008,East,1.0,2026-06-04,cancelled
ORD-103763,P004,East,5.0,2026-02-04,completed
ORD-103764,P001,South,1.0,2026-04-29,Completed
ORD-103765,P001,West,1.0,2026-06-17,completed
ORD-103766,P004,West,5.0,2026-05-19,cancelled
ORD-103767,P002,West,2.0,2026-06-17,completed
ORD-103768,P001,East,3.0,2026-03-06,cancelled
ORD-103769,P002,North,5.0,2026-05-07,completed
ORD-103770,P008,West,2.0,2026-01-02,cancelled
ORD-103771,P001,South,3.0,2026-02-07,Completed
ORD-103772,P003,South,4.0,2026-04-03,completed
ORD-103773,P003,South,5.0,2026-03-29,COMPLETED
ORD-103774,P002,North,3.0,2026-02-06,cancelled
ORD-103775,P008,West,2.0,2026-02-16,Completed
ORD-103776,P007,East,2.0,2026-06-14,Completed
ORD-103777,P008,North,5.0,2026-04-15,COMPLETED
ORD-103778,P009,South,3.0,2026-01-07,COMPLETED
ORD-103779,P010,East,1.0,2026-05-19,Completed
ORD-103780,P002,North,5.0,2026-01-28,pending
ORD-103781,P002,West,4.0,2026-02-13,COMPLETED
ORD-103782,P010,West,5.0,2026-05-18,cancelled
ORD-103783,P009,West,4.0,2026-06-22,cancelled
ORD-103784,P001,East,3.0,2026-01-03,completed
ORD-103785,P009,West,5.0,2026-03-01,completed
ORD-103786,P010,North,5.0,2026-01-29,pending
ORD-103787,P003,West,1.0,2026-01-22,cancelled
ORD-103788,P010,South,2.0,2026-05-16,Completed
ORD-103789,P006,East,5.0,2026-02-28,cancelled
ORD-103790,P005,North,1.0,2026-04-25,Completed
ORD-103791,P010,West,4.0,2026-05-16,Completed
ORD-103792,P003,South,2.0,2026-01-03,Completed
ORD-103793,P008,South,3.0,2026-06-25,COMPLETED
ORD-103794,P001,South,,2026-02-23,completed
ORD-103795,P001,West,3.0,2026-05-21,cancelled
ORD-103796,P008,North,1.0,2026-03-03,pending
ORD-103797,P009,North,1.0,2026-05-27,cancelled
ORD-103798,P001,North,2.0,2026-01-06,Completed
ORD-103799,P003,West,4.0,2026-06-25,pending
ORD-103800,P009,West,5.0,2026-05-28,completed
ORD-103801,P007,East,1.0,2026-01-03,pending
ORD-103802,P007,East,1.0,2026-05-03,completed
ORD-103803,P001,East,2.0,2026-06-02,cancelled
ORD-103804,P002,South,1.0,2026-01-25,completed
ORD-103805,P009,East,5.0,2026-01-22,pending
ORD-103806,P006,East,2.0,2026-06-27,pending
ORD-103807,P005,North,3.0,2026-02-08,completed
ORD-103808,P002,South,2.0,2026-04-03,COMPLETED
ORD-103809,P007,North,4.0,2026-04-16,pending
ORD-103810,P010,East,3.0,2026-06-02,cancelled
ORD-103811,P007,South,1.0,2026-04-24,completed
ORD-103812,P009,East,1.0,2026-02-05,Completed
ORD-103813,P009,South,2.0,2026-01-24,pending
ORD-103814,P008,East,2.0,2026-06-02,cancelled
ORD-103815,P003,East,1.0,2026-01-09,cancelled
ORD-103816,P005,East,4.0,2026-06-26,Completed
ORD-103817,P006,South,2.0,2026-06-13,Completed
ORD-103818,P006,North,,2026-04-27,completed
ORD-103819,P003,North,5.0,2026-06-08,Completed
ORD-103820,P009,East,1.0,2026-06-29,cancelled
ORD-103821,P002,South,3.0,2026-06-10,COMPLETED
ORD-103822,P010,East,4.0,2026-01-05,completed
ORD-103823,P001,West,2.0,2026-01-16,completed
ORD-103824,P005,West,,2026-04-20,completed
ORD-103825,P003,South,4.0,2026-05-24,completed
ORD-103826,P001,South,2.0,2026-01-23,pending
ORD-103827,P007,East,1.0,2026-01-18,COMPLETED
ORD-103828,P009,North,4.0,2026-04-06,cancelled
ORD-103829,P006,East,1.0,2026-02-27,COMPLETED
ORD-103830,P003,West,2.0,2026-02-06,COMPLETED
ORD-103831,P007,North,3.0,2026-01-07,Completed
ORD-103832,P001,West,2.0,2026-04-04,COMPLETED
ORD-103833,P008,East,5.0,2026-02-08,cancelled
ORD-103834,P002,West,2.0,2026-05-06,COMPLETED
ORD-103835,P002,South,2.0,2026-06-23,cancelled
ORD-103836,P008,West,4.0,2026-01-01,COMPLETED
ORD-103837,P007,South,1.0,2026-02-09,pending
ORD-103838,P008,West,3.0,2026-04-15,pending
ORD-103839,P005,West,2.0,2026-05-02,pending
ORD-103840,P001,South,1.0,2026-06-13,cancelled
ORD-103841,P002,East,4.0,2026-05-11,COMPLETED
ORD-103842,P003,South,3.0,2026-02-02,Completed
ORD-103843,P005,East,4.0,2026-01-14,pending
ORD-103844,P003,South,4.0,2026-01-29,COMPLETED
ORD-103845,P010,South,5.0,2026-04-02,Completed
ORD-103846,P001,East,1.0,2026-04-13,completed
ORD-103847,P002,West,5.0,2026-06-21,pending
ORD-103848,P002,South,1.0,2026-05-16,cancelled
ORD-103849,P004,South,5.0,2026-03-20,COMPLETED
ORD-103850,P009,South,5.0,2026-05-09,pending
ORD-103851,P005,West,4.0,2026-05-31,cancelled
ORD-103852,P005,East,1.0,2026-01-05,completed
ORD-103853,P003,South,3.0,2026-01-24,COMPLETED
ORD-103854,P004,East,2.0,2026-06-18,Completed
ORD-103855,P001,West,5.0,2026-01-31,pending
ORD-103856,P007,South,1.0,2026-01-02,pending
ORD-103857,P007,North,1.0,2026-01-14,Completed
ORD-103858,P002,West,5.0,2026-06-02,pending
ORD-103859,P010,North,3.0,2026-01-13,completed
ORD-103860,P001,East,4.0,2026-02-23,completed
ORD-103861,P004,West,5.0,2026-01-28,cancelled
ORD-103862,P009,North,1.0,2026-04-17,cancelled
ORD-103863,P003,North,3.0,2026-04-01,completed
ORD-103864,P010,East,4.0,2026-06-15,pending
ORD-103865,P006,North,1.0,2026-04-04,Completed
ORD-103866,P008,South,2.0,2026-03-29,completed
ORD-103867,P001,South,4.0,2026-05-01,pending
ORD-103868,P001,South,5.0,2026-05-01,completed
ORD-103869,P004,North,1.0,2026-04-30,cancelled
ORD-103870,P001,North,4.0,2026-05-22,Completed
ORD-103871,P003,West,4.0,2026-02-21,completed
ORD-103872,P009,West,2.0,2026-02-20,completed
ORD-103873,P008,North,1.0,2026-04-18,Completed
ORD-103874,P005,North,5.0,2026-05-21,COMPLETED
ORD-103875,P006,North,,2026-04-30,COMPLETED
ORD-103876,P005,South,4.0,2026-02-19,Completed
ORD-103877,P003,West,4.0,2026-02-01,pending
ORD-103878,P007,East,3.0,2026-05-22,cancelled
ORD-103879,P008,West,3.0,2026-01-06,completed
ORD-103880,P007,North,3.0,2026-06-08,Completed
ORD-103881,P002,North,4.0,2026-03-24,COMPLETED
ORD-103882,P003,North,,2026-04-10,completed
ORD-103883,P004,East,5.0,2026-02-20,COMPLETED
ORD-103884,P003,South,1.0,2026-03-14,pending
ORD-103885,P009,South,3.0,2026-02-26,pending
ORD-103886,P002,North,,2026-02-26,completed
ORD-103887,P007,North,3.0,2026-06-03,Completed
ORD-103888,P001,North,1.0,2026-02-07,cancelled
ORD-103889,P008,West,4.0,2026-04-04,Completed
ORD-103890,P004,East,5.0,2026-06-20,completed
ORD-103891,P002,East,,2026-01-01,completed
ORD-103892,P005,West,2.0,2026-05-08,cancelled
ORD-103893,P009,West,1.0,2026-05-30,COMPLETED
ORD-103894,P008,East,1.0,2026-03-05,Completed
ORD-103895,P009,West,3.0,2026-01-20,completed
ORD-103896,P003,East,4.0,2026-03-01,pending
ORD-103897,P002,East,4.0,2026-03-29,completed
ORD-103898,P010,South,4.0,2026-04-29,completed
ORD-103899,P003,East,3.0,2026-03-17,COMPLETED
ORD-103900,P007,West,3.0,2026-04-29,completed
ORD-103901,P008,North,1.0,2026-01-27,pending
ORD-103902,P008,East,3.0,2026-02-01,cancelled
ORD-103903,P009,South,1.0,2026-06-14,Completed
ORD-103904,P002,East,2.0,2026-05-05,pending
ORD-103905,P001,West,1.0,2026-02-17,COMPLETED
ORD-103906,P009,West,4.0,2026-03-25,completed
ORD-103907,P003,South,4.0,2026-05-25,pending
ORD-103908,P007,West,5.0,2026-02-07,COMPLETED
ORD-103909,P001,West,2.0,2026-04-25,completed
ORD-103910,P008,West,2.0,2026-06-17,cancelled
ORD-103911,P002,South,2.0,2026-06-30,pending
ORD-103912,P007,West,3.0,2026-05-02,pending
ORD-103913,P003,West,4.0,2026-02-25,pending
ORD-103914,P001,North,5.0,2026-04-15,pending
ORD-103915,P007,South,3.0,2026-06-01,COMPLETED
ORD-103916,P004,North,1.0,2026-03-08,pending
ORD-103917,P010,West,4.0,2026-02-07,completed
ORD-103918,P006,West,3.0,2026-06-02,completed
ORD-103919,P006,East,1.0,2026-02-19,cancelled
ORD-103920,P009,West,3.0,2026-06-02,COMPLETED
ORD-103921,P005,West,5.0,2026-02-10,completed
ORD-103922,P004,East,2.0,2026-05-15,cancelled
ORD-103923,P004,South,2.0,2026-04-14,Completed
ORD-103924,P001,South,2.0,2026-06-30,cancelled
ORD-103925,P002,North,3.0,2026-01-28,cancelled
ORD-103926,P007,North,1.0,2026-06-05,cancelled
ORD-103927,P003,East,5.0,2026-01-15,COMPLETED
ORD-103928,P002,East,4.0,2026-03-15,pending
ORD-103929,P009,North,1.0,2026-03-01,cancelled
ORD-103930,P010,South,2.0,2026-01-03,Completed
ORD-103931,P001,West,5.0,2026-02-16,pending
ORD-103932,P001,East,4.0,2026-01-25,COMPLETED
ORD-103933,P008,North,1.0,2026-01-20,completed
ORD-103934,P008,North,1.0,2026-04-29,cancelled
ORD-103935,P004,North,1.0,2026-04-25,completed
ORD-103936,P005,South,4.0,2026-05-30,cancelled
ORD-103937,P003,East,2.0,2026-03-06,completed
ORD-103938,P008,East,4.0,2026-02-10,Completed
ORD-103939,P009,South,1.0,2026-01-02,cancelled
ORD-103940,P006,North,3.0,2026-03-08,pending
ORD-103941,P010,East,5.0,2026-05-21,Completed
ORD-103942,P010,South,2.0,2026-02-27,cancelled
ORD-103943,P003,North,5.0,2026-05-19,completed
ORD-103944,P007,East,3.0,2026-02-26,pending
ORD-103945,P007,South,4.0,2026-01-16,cancelled
ORD-103946,P007,East,4.0,2026-06-15,Completed
ORD-103947,P009,East,2.0,2026-06-14,pending
ORD-103948,P008,East,,2026-03-09,completed
ORD-103949,P009,West,1.0,2026-05-20,cancelled
ORD-103950,P008,West,1.0,2026-04-04,Completed
ORD-103951,P001,North,1.0,2026-05-20,pending
ORD-103952,P003,North,1.0,2026-06-02,COMPLETED
ORD-103953,P005,North,5.0,2026-03-02,pending
ORD-103954,P001,South,2.0,2026-05-30,COMPLETED
ORD-103955,P004,South,2.0,2026-03-05,Completed
ORD-103956,P006,North,3.0,2026-01-18,COMPLETED
ORD-103957,P006,North,2.0,2026-01-16,COMPLETED
ORD-103958,P005,North,4.0,2026-03-26,pending
ORD-103959,P009,East,2.0,2026-05-22,pending
ORD-103960,P004,South,3.0,2026-03-04,Completed
ORD-103961,P007,West,5.0,2026-02-11,completed
ORD-103962,P006,South,3.0,2026-05-25,COMPLETED
ORD-103963,P002,North,3.0,2026-02-11,pending
ORD-103964,P007,South,1.0,2026-03-22,Completed
ORD-103965,P004,West,4.0,2026-05-08,cancelled
ORD-103966,P005,East,1.0,2026-05-31,completed
ORD-103967,P007,East,5.0,2026-02-16,Completed
ORD-103968,P008,North,2.0,2026-03-29,cancelled
ORD-103969,P008,South,3.0,2026-01-20,Completed
ORD-103970,P007,West,3.0,2026-02-02,cancelled
ORD-103971,P006,West,1.0,2026-02-08,Completed
ORD-103972,P001,West,2.0,2026-06-08,completed
ORD-103973,P001,South,5.0,2026-05-27,COMPLETED
ORD-103974,P006,East,2.0,2026-02-05,completed
ORD-103975,P002,South,3.0,2026-04-01,completed
ORD-103976,P006,East,2.0,2026-01-25,completed
ORD-103977,P010,North,1.0,2026-06-13,pending
ORD-103978,P008,West,3.0,2026-05-05,cancelled
ORD-103979,P010,East,3.0,2026-02-02,Completed
ORD-103980,P003,South,3.0,2026-01-24,COMPLETED
ORD-103981,P009,South,1.0,2026-01-29,COMPLETED
ORD-103982,P009,West,4.0,2026-05-04,cancelled
ORD-103983,P010,South,2.0,2026-02-20,pending
ORD-103984,P010,West,3.0,2026-05-23,pending
ORD-103985,P001,East,5.0,2026-02-12,COMPLETED
ORD-103986,P007,North,3.0,2026-03-12,pending
ORD-103987,P006,South,5.0,2026-05-15,Completed
ORD-103988,P006,West,4.0,2026-06-29,Completed
ORD-103989,P007,North,3.0,2026-02-14,cancelled
ORD-103990,P008,South,2.0,2026-02-02,COMPLETED
ORD-103991,P006,West,2.0,2026-01-21,Completed
ORD-103992,P003,North,5.0,2026-03-31,Completed
ORD-103993,P006,West,3.0,2026-06-19,cancelled
ORD-103994,P003,West,3.0,2026-05-22,Completed
ORD-103995,P001,South,2.0,2026-01-24,COMPLETED
ORD-103996,P002,South,1.0,2026-03-15,pending
ORD-103997,P007,South,4.0,2026-04-11,completed
ORD-103998,P003,West,,2026-04-15,COMPLETED
ORD-103999,P001,East,2.0,2026-05-29,completed
ORD-104000,P008,North,,2026-03-14,Completed
ORD-104001,P010,North,1.0,2026-01-20,pending
ORD-104002,P004,East,5.0,2026-03-04,pending
ORD-104003,P003,South,4.0,2026-02-04,completed
ORD-104004,P002,South,1.0,2026-06-01,completed
ORD-104005,P007,South,1.0,2026-01-06,COMPLETED
ORD-104006,P007,West,4.0,2026-03-13,completed
ORD-104007,P008,South,2.0,2026-04-22,pending
ORD-104008,P006,North,2.0,2026-01-03,cancelled
ORD-104009,P003,East,4.0,2026-02-21,cancelled
ORD-104010,P003,North,2.0,2026-02-27,cancelled
ORD-104011,P002,East,1.0,2026-01-04,cancelled
ORD-104012,P005,South,4.0,2026-02-05,COMPLETED
ORD-104013,P005,North,2.0,2026-03-15,cancelled
ORD-104014,P003,West,4.0,2026-04-29,pending
ORD-104015,P006,West,1.0,2026-05-03,cancelled
ORD-104016,P004,East,1.0,2026-03-06,COMPLETED
ORD-104017,P007,West,3.0,2026-01-18,completed
ORD-104018,P009,West,,2026-05-21,completed
ORD-104019,P008,South,2.0,2026-06-08,completed
ORD-104020,P003,South,3.0,2026-03-15,COMPLETED
ORD-104021,P002,South,3.0,2026-05-08,cancelled
ORD-104022,P006,West,4.0,2026-02-20,pending
ORD-104023,P001,East,5.0,2026-02-12,COMPLETED
ORD-104024,P004,South,5.0,2026-04-07,completed
ORD-104025,P005,West,5.0,2026-06-26,cancelled
ORD-104026,P005,North,1.0,2026-01-17,pending
ORD-104027,P006,East,3.0,2026-02-28,cancelled
ORD-104028,P005,North,3.0,2026-02-14,Completed
ORD-104029,P006,North,1.0,2026-06-01,pending
ORD-104030,P004,North,4.0,2026-05-03,completed
ORD-104031,P005,West,3.0,2026-05-06,Completed
ORD-104032,P008,East,4.0,2026-05-10,completed
ORD-104033,P007,North,4.0,2026-04-07,COMPLETED
ORD-104034,P007,West,2.0,2026-03-07,cancelled
ORD-104035,P004,North,3.0,2026-04-14,completed
ORD-104036,P009,North,2.0,2026-04-06,cancelled
ORD-104037,P008,South,1.0,2026-06-28,completed
ORD-104038,P009,East,4.0,2026-03-20,pending
ORD-104039,P007,East,3.0,2026-01-06,cancelled
ORD-104040,P007,East,2.0,2026-01-09,Completed
ORD-104041,P008,West,2.0,2026-03-10,Completed
ORD-104042,P001,West,2.0,2026-04-12,completed
ORD-104043,P007,North,2.0,2026-05-01,Completed
ORD-104044,P003,West,4.0,2026-04-18,pending
ORD-104045,P005,North,4.0,2026-01-21,pending
ORD-104046,P009,East,3.0,2026-04-21,pending
ORD-104047,P001,West,5.0,2026-04-10,cancelled
ORD-104048,P004,South,5.0,2026-03-19,pending
ORD-104049,P008,North,3.0,2026-04-13,COMPLETED
ORD-104050,P001,East,2.0,2026-06-21,completed
ORD-104051,P008,East,5.0,2026-01-16,cancelled
ORD-104052,P002,West,4.0,2026-05-20,completed
ORD-104053,P007,South,1.0,2026-04-11,completed
ORD-104054,P007,North,5.0,2026-02-11,pending
ORD-104055,P003,North,5.0,2026-05-11,pending
ORD-104056,P003,North,4.0,2026-05-06,COMPLETED
ORD-104057,P004,West,1.0,2026-03-01,pending
ORD-104058,P007,East,5.0,2026-03-20,COMPLETED
ORD-104059,P003,South,5.0,2026-01-08,pending
ORD-104060,P004,South,3.0,2026-01-23,pending
ORD-104061,P001,East,5.0,2026-01-29,pending
ORD-104062,P007,North,5.0,2026-04-26,Completed
ORD-104063,P002,East,4.0,2026-06-07,Completed
ORD-104064,P001,East,5.0,2026-04-05,Completed
ORD-104065,P005,East,2.0,2026-03-01,completed
ORD-104066,P003,North,5.0,2026-06-27,completed
ORD-104067,P007,North,4.0,2026-05-01,COMPLETED
ORD-104068,P004,North,5.0,2026-06-23,pending
ORD-104069,P001,West,3.0,2026-01-27,pending
ORD-104070,P003,North,2.0,2026-06-17,cancelled
ORD-104071,P001,West,5.0,2026-01-30,Completed
ORD-104072,P007,East,1.0,2026-06-11,Completed
ORD-104073,P001,North,1.0,2026-05-12,cancelled
ORD-104074,P003,South,5.0,2026-04-13,cancelled
ORD-104075,P009,East,5.0,2026-02-14,COMPLETED
ORD-104076,P001,North,5.0,2026-06-19,pending
ORD-104077,P010,South,4.0,2026-03-28,COMPLETED
ORD-104078,P002,West,4.0,2026-01-20,pending
ORD-104079,P002,West,2.0,2026-06-03,cancelled
ORD-104080,P007,South,,2026-04-11,completed
ORD-104081,P009,North,1.0,2026-02-04,cancelled
ORD-104082,P001,South,4.0,2026-06-12,Completed
ORD-104083,P005,East,5.0,2026-03-13,cancelled
ORD-104084,P003,East,5.0,2026-06-14,cancelled
ORD-104085,P001,South,,2026-01-21,COMPLETED
ORD-104086,P003,South,3.0,2026-03-18,Completed
ORD-104087,P007,North,2.0,2026-06-02,Completed
ORD-104088,P008,South,,2026-04-04,pending
ORD-104089,P005,West,1.0,2026-05-26,Completed
ORD-104090,P010,West,,2026-04-07,COMPLETED
ORD-104091,P004,East,3.0,2026-04-07,completed
ORD-104092,P006,South,4.0,2026-04-01,COMPLETED
ORD-104093,P009,West,3.0,2026-01-21,completed
ORD-104094,P004,East,5.0,2026-04-13,pending
ORD-104095,P003,East,5.0,2026-01-31,cancelled
ORD-104096,P008,East,4.0,2026-03-05,cancelled
ORD-104097,P003,South,1.0,2026-02-20,cancelled
ORD-104098,P007,West,1.0,2026-04-29,Completed
ORD-104099,P006,East,4.0,2026-05-29,Completed
ORD-104100,P003,East,5.0,2026-01-13,cancelled
ORD-104101,P003,West,2.0,2026-02-12,completed
ORD-104102,P007,West,4.0,2026-04-17,pending
ORD-104103,P010,South,3.0,2026-04-15,cancelled
ORD-104104,P010,South,5.0,2026-06-01,pending
ORD-104105,P004,East,4.0,2026-02-25,cancelled
ORD-104106,P009,West,4.0,2026-05-12,pending
ORD-104107,P003,West,,2026-04-06,completed
ORD-104108,P004,South,3.0,2026-03-07,pending
ORD-104109,P004,East,5.0,2026-01-25,Completed
ORD-104110,P010,South,4.0,2026-01-22,completed
ORD-104111,P001,North,1.0,2026-01-02,cancelled
ORD-104112,P007,North,3.0,2026-02-07,Completed
ORD-104113,P001,North,1.0,2026-03-14,completed
ORD-104114,P004,West,5.0,2026-05-13,cancelled
ORD-104115,P003,West,4.0,2026-01-09,COMPLETED
ORD-104116,P003,South,1.0,2026-06-20,COMPLETED
ORD-104117,P010,South,2.0,2026-06-16,Completed
ORD-104118,P006,North,4.0,2026-03-01,cancelled
ORD-104119,P007,North,3.0,2026-06-05,pending
ORD-104120,P010,South,5.0,2026-04-13,pending
ORD-104121,P001,East,2.0,2026-06-16,completed
ORD-104122,P002,East,1.0,2026-05-02,cancelled
ORD-104123,P010,West,5.0,2026-04-15,cancelled
ORD-104124,P010,West,3.0,2026-03-27,completed
ORD-104125,P005,East,1.0,2026-03-05,Completed
ORD-104126,P006,North,4.0,2026-02-27,pending
ORD-104127,P006,North,,2026-04-14,cancelled
ORD-104128,P008,South,1.0,2026-05-07,cancelled
ORD-104129,P006,South,5.0,2026-01-16,Completed
ORD-104130,P001,East,5.0,2026-02-07,pending
ORD-104131,P002,South,2.0,2026-06-01,Completed
ORD-104132,P008,South,2.0,2026-01-11,COMPLETED
ORD-104133,P005,West,5.0,2026-03-12,completed
ORD-104134,P005,West,,2026-05-07,pending
ORD-104135,P007,South,1.0,2026-02-02,completed
ORD-104136,P008,East,5.0,2026-04-16,completed
ORD-104137,P008,North,5.0,2026-06-11,COMPLETED
ORD-104138,P002,South,2.0,2026-05-04,pending
ORD-104139,P010,North,4.0,2026-03-30,Completed
ORD-104140,P005,North,3.0,2026-01-10,pending
ORD-104141,P001,East,1.0,2026-03-30,completed
ORD-104142,P006,East,5.0,2026-04-26,cancelled
ORD-104143,P006,North,1.0,2026-03-05,cancelled
ORD-104144,P008,North,5.0,2026-01-01,Completed
ORD-104145,P001,East,1.0,2026-03-21,pending
ORD-104146,P005,South,5.0,2026-01-05,Completed
ORD-104147,P003,North,5.0,2026-01-21,cancelled
ORD-104148,P007,North,3.0,2026-02-11,pending
ORD-104149,P009,East,1.0,2026-04-13,cancelled
ORD-104150,P009,North,3.0,2026-05-19,Completed
ORD-104151,P010,East,4.0,2026-06-28,COMPLETED
ORD-104152,P007,South,2.0,2026-06-03,COMPLETED
ORD-104153,P007,South,2.0,2026-02-03,pending
ORD-104154,P008,East,5.0,2026-03-18,pending
ORD-104155,P001,West,5.0,2026-04-21,pending
ORD-104156,P008,South,1.0,2026-01-11,pending
ORD-104157,P010,East,1.0,2026-01-24,completed
ORD-104158,P004,South,4.0,2026-06-24,completed
ORD-104159,P002,East,5.0,2026-03-27,completed
ORD-104160,P006,West,1.0,2026-02-11,completed
ORD-104161,P010,West,4.0,2026-06-17,Completed
ORD-104162,P003,East,4.0,2026-01-05,completed
ORD-104163,P008,East,3.0,2026-05-03,COMPLETED
ORD-104164,P008,North,2.0,2026-06-28,Completed
ORD-104165,P002,North,1.0,2026-04-24,pending
ORD-104166,P010,South,4.0,2026-03-28,cancelled
ORD-104167,P007,South,2.0,2026-04-15,Completed
ORD-104168,P006,West,3.0,2026-06-29,Completed
ORD-104169,P001,West,5.0,2026-02-05,COMPLETED
ORD-104170,P001,East,5.0,2026-02-03,cancelled
ORD-104171,P001,West,1.0,2026-02-25,COMPLETED
ORD-104172,P001,South,4.0,2026-04-11,Completed
ORD-104173,P007,East,5.0,2026-01-03,completed
ORD-104174,P007,North,5.0,2026-03-10,completed
ORD-104175,P001,North,2.0,2026-02-25,completed
ORD-104176,P004,North,2.0,2026-06-13,completed
ORD-104177,P010,East,2.0,2026-03-09,cancelled
ORD-104178,P006,West,3.0,2026-05-26,Completed
ORD-104179,P002,South,1.0,2026-05-28,completed
ORD-104180,P010,West,4.0,2026-05-17,COMPLETED
ORD-104181,P008,East,3.0,2026-03-17,pending
ORD-104182,P003,East,5.0,2026-01-12,pending
ORD-104183,P005,East,2.0,2026-06-27,pending
ORD-104184,P002,North,1.0,2026-02-01,pending
ORD-104185,P010,East,5.0,2026-04-10,Completed
ORD-104186,P005,East,4.0,2026-03-14,Completed
ORD-104187,P003,East,4.0,2026-06-02,pending
ORD-104188,P008,East,4.0,2026-01-14,completed
ORD-104189,P004,North,2.0,2026-04-15,COMPLETED
ORD-104190,P009,North,3.0,2026-04-19,cancelled
ORD-104191,P003,West,,2026-04-18,Completed
ORD-104192,P006,East,1.0,2026-01-17,completed
ORD-104193,P006,North,2.0,2026-02-20,completed
ORD-104194,P007,North,1.0,2026-05-08,COMPLETED
ORD-104195,P009,North,2.0,2026-04-23,COMPLETED
ORD-104196,P005,South,3.0,2026-01-20,COMPLETED
ORD-104197,P008,East,4.0,2026-05-26,COMPLETED
ORD-104198,P006,North,3.0,2026-02-24,cancelled
ORD-104199,P010,East,1.0,2026-01-14,pending
ORD-104200,P002,West,3.0,2026-06-14,cancelled
ORD-104201,P010,West,1.0,2026-02-24,pending
ORD-104202,P004,East,4.0,2026-02-19,COMPLETED
ORD-104203,P009,West,1.0,2026-04-28,COMPLETED
ORD-104204,P008,South,4.0,2026-01-13,cancelled
ORD-104205,P002,East,1.0,2026-05-19,completed
ORD-104206,P010,South,,2026-02-17,COMPLETED
ORD-104207,P007,South,2.0,2026-05-06,pending
ORD-104208,P008,South,4.0,2026-02-24,COMPLETED
ORD-104209,P005,South,2.0,2026-01-11,COMPLETED
ORD-104210,P004,West,4.0,2026-02-11,cancelled
ORD-104211,P010,South,4.0,2026-06-01,cancelled
ORD-104212,P004,South,5.0,2026-06-09,COMPLETED
ORD-104213,P003,South,2.0,2026-01-12,completed
ORD-104214,P010,East,1.0,2026-01-25,completed
ORD-104215,P007,South,2.0,2026-06-07,pending
ORD-104216,P005,South,3.0,2026-03-17,cancelled
ORD-104217,P002,South,1.0,2026-06-04,cancelled
ORD-104218,P006,North,3.0,2026-03-24,COMPLETED
ORD-104219,P003,North,4.0,2026-04-10,COMPLETED
ORD-104220,P007,North,2.0,2026-05-26,completed
ORD-104221,P001,West,2.0,2026-01-01,Completed
ORD-104222,P003,West,2.0,2026-02-17,Completed
ORD-104223,P008,West,2.0,2026-04-26,completed
ORD-104224,P007,North,4.0,2026-05-10,COMPLETED
ORD-104225,P008,West,,2026-01-08,pending
ORD-104226,P006,South,1.0,2026-01-14,COMPLETED
ORD-104227,P010,South,3.0,2026-03-22,Completed
ORD-104228,P005,North,3.0,2026-01-22,completed
ORD-104229,P003,East,,2026-05-07,cancelled
ORD-104230,P008,South,4.0,2026-04-04,Completed
ORD-104231,P006,North,4.0,2026-05-26,Completed
ORD-104232,P001,South,2.0,2026-01-11,pending
ORD-104233,P006,West,3.0,2026-06-12,cancelled
ORD-104234,P002,West,5.0,2026-03-14,cancelled
ORD-104235,P010,North,2.0,2026-02-23,pending
ORD-104236,P010,West,5.0,2026-06-23,COMPLETED
ORD-104237,P010,East,5.0,2026-01-20,cancelled
ORD-104238,P001,East,1.0,2026-05-31,COMPLETED
ORD-104239,P010,South,4.0,2026-06-29,cancelled
ORD-104240,P005,South,2.0,2026-02-25,pending
ORD-104241,P005,North,2.0,2026-04-08,pending
ORD-104242,P010,North,1.0,2026-06-30,COMPLETED
ORD-104243,P010,East,1.0,2026-03-15,completed
ORD-104244,P002,West,2.0,2026-02-16,Completed
ORD-104245,P004,East,3.0,2026-06-01,Completed
ORD-104246,P003,West,5.0,2026-03-29,cancelled
ORD-104247,P002,South,2.0,2026-05-12,Completed
ORD-104248,P008,West,5.0,2026-05-15,COMPLETED
ORD-104249,P002,North,1.0,2026-04-10,Completed
ORD-104250,P005,East,4.0,2026-05-28,pending
ORD-104251,P010,East,3.0,2026-05-18,pending
ORD-104252,P007,West,5.0,2026-06-25,cancelled
ORD-104253,P004,South,5.0,2026-06-23,cancelled
ORD-104254,P003,West,1.0,2026-02-21,pending
ORD-104255,P001,South,4.0,2026-05-27,cancelled
ORD-104256,P003,North,3.0,2026-01-02,COMPLETED
ORD-104257,P008,West,3.0,2026-06-25,cancelled
ORD-104258,P009,East,3.0,2026-04-13,cancelled
ORD-104259,P006,South,4.0,2026-01-26,COMPLETED
ORD-104260,P001,North,4.0,2026-01-02,COMPLETED
ORD-104261,P009,South,1.0,2026-04-17,COMPLETED
ORD-104262,P002,West,3.0,2026-04-17,completed
ORD-104263,P003,East,3.0,2026-02-14,completed
ORD-104264,P009,West,1.0,2026-05-31,Completed
ORD-104265,P004,West,4.0,2026-02-21,completed
ORD-104266,P009,East,1.0,2026-03-01,completed
ORD-104267,P008,South,1.0,2026-01-06,pending
ORD-104268,P005,South,5.0,2026-03-10,cancelled
ORD-104269,P001,North,3.0,2026-02-14,completed
ORD-104270,P009,South,5.0,2026-06-06,COMPLETED
ORD-104271,P002,East,1.0,2026-02-24,pending
ORD-104272,P007,North,4.0,2026-06-13,pending
ORD-104273,P008,West,3.0,2026-05-28,COMPLETED
ORD-104274,P003,East,3.0,2026-05-23,cancelled
ORD-104275,P010,North,1.0,2026-03-11,cancelled
ORD-104276,P004,West,4.0,2026-04-01,COMPLETED
ORD-104277,P009,East,2.0,2026-01-04,pending
ORD-104278,P005,North,5.0,2026-06-23,pending
ORD-104279,P001,West,,2026-02-05,pending
ORD-104280,P005,South,1.0,2026-03-11,Completed
ORD-104281,P002,South,3.0,2026-04-01,pending
ORD-104282,P001,South,2.0,2026-04-30,completed
ORD-104283,P004,West,4.0,2026-01-25,COMPLETED
ORD-104284,P009,West,3.0,2026-04-22,completed
ORD-104285,P005,West,5.0,2026-01-18,Completed
ORD-104286,P004,South,3.0,2026-01-01,pending
ORD-104287,P007,East,4.0,2026-06-28,Completed
ORD-104288,P004,South,4.0,2026-06-15,completed
ORD-104289,P006,West,3.0,2026-05-21,Completed
ORD-104290,P008,West,5.0,2026-04-18,Completed
ORD-104291,P002,South,4.0,2026-04-24,cancelled
ORD-104292,P003,South,1.0,2026-06-01,COMPLETED
ORD-104293,P002,North,5.0,2026-05-16,Completed
ORD-104294,P005,West,3.0,2026-02-07,pending
ORD-104295,P005,North,2.0,2026-04-17,Completed
ORD-104296,P003,South,4.0,2026-04-28,completed
ORD-104297,P008,North,2.0,2026-06-09,Completed
ORD-104298,P008,North,4.0,2026-06-23,COMPLETED
ORD-104299,P005,West,5.0,2026-05-19,COMPLETED
ORD-104300,P008,East,1.0,2026-04-25,cancelled
ORD-104301,P007,East,5.0,2026-05-08,pending
ORD-104302,P002,North,2.0,2026-05-20,cancelled
ORD-104303,P009,East,3.0,2026-01-17,cancelled
ORD-104304,P010,East,5.0,2026-01-15,cancelled
ORD-104305,P003,South,5.0,2026-04-14,pending
ORD-104306,P008,South,2.0,2026-04-16,completed
ORD-104307,P008,North,5.0,2026-04-13,cancelled
ORD-104308,P002,North,5.0,2026-02-16,completed
ORD-104309,P006,North,5.0,2026-01-23,pending
ORD-104310,P009,West,1.0,2026-06-14,pending
ORD-104311,P003,West,,2026-01-07,cancelled
ORD-104312,P007,North,1.0,2026-06-02,cancelled
ORD-104313,P010,South,2.0,2026-02-03,pending
ORD-104314,P009,West,2.0,2026-02-06,Completed
ORD-104315,P005,West,5.0,2026-06-30,cancelled
ORD-104316,P001,East,4.0,2026-03-04,COMPLETED
ORD-104317,P008,West,2.0,2026-05-11,Completed
ORD-104318,P006,West,,2026-04-01,cancelled
ORD-104319,P008,North,2.0,2026-03-02,completed
ORD-104320,P006,East,3.0,2026-03-26,cancelled
ORD-104321,P001,South,5.0,2026-04-02,cancelled
ORD-104322,P010,South,3.0,2026-06-04,COMPLETED
ORD-104323,P001,East,5.0,2026-03-21,Completed
ORD-104324,P002,East,4.0,2026-01-20,completed
ORD-104325,P002,South,3.0,2026-02-09,completed
ORD-104326,P004,West,4.0,2026-04-13,pending
ORD-104327,P010,North,4.0,2026-01-20,cancelled
ORD-104328,P010,North,2.0,2026-04-25,Completed
ORD-104329,P005,East,5.0,2026-06-10,COMPLETED
ORD-104330,P005,West,3.0,2026-04-16,completed
ORD-104331,P004,West,1.0,2026-04-19,completed
ORD-104332,P007,South,4.0,2026-02-25,Completed
ORD-104333,P008,South,3.0,2026-05-10,pending
ORD-104334,P008,West,2.0,2026-04-04,pending
ORD-104335,P003,West,5.0,2026-06-19,cancelled
ORD-104336,P009,North,1.0,2026-02-23,COMPLETED
ORD-104337,P009,East,2.0,2026-04-05,Completed
ORD-104338,P003,North,3.0,2026-03-18,completed
ORD-104339,P009,East,5.0,2026-03-30,cancelled
ORD-104340,P007,West,3.0,2026-01-07,COMPLETED
ORD-104341,P007,East,1.0,2026-05-01,COMPLETED
ORD-104342,P010,East,4.0,2026-04-02,COMPLETED
ORD-104343,P010,West,1.0,2026-01-30,COMPLETED
ORD-104344,P001,South,1.0,2026-02-11,cancelled
ORD-104345,P010,North,3.0,2026-05-22,completed
ORD-104346,P004,East,4.0,2026-03-18,completed
ORD-104347,P010,South,4.0,2026-03-07,COMPLETED
ORD-104348,P001,South,3.0,2026-02-02,Completed
ORD-104349,P004,South,3.0,2026-01-08,completed
ORD-104350,P010,West,2.0,2026-06-15,completed
ORD-104351,P009,West,4.0,2026-02-18,completed
ORD-104352,P010,West,1.0,2026-04-07,completed
ORD-104353,P003,West,3.0,2026-03-22,Completed
ORD-104354,P001,South,2.0,2026-02-04,COMPLETED
ORD-104355,P010,North,2.0,2026-05-31,cancelled
ORD-104356,P007,South,4.0,2026-05-22,COMPLETED
ORD-104357,P010,North,4.0,2026-01-05,pending
ORD-104358,P002,South,3.0,2026-03-25,cancelled
ORD-104359,P002,East,,2026-03-12,Completed
ORD-104360,P004,East,3.0,2026-03-04,cancelled
ORD-104361,P006,East,4.0,2026-04-22,completed
ORD-104362,P002,West,2.0,2026-05-21,cancelled
ORD-104363,P004,East,4.0,2026-01-18,pending
ORD-104364,P006,South,4.0,2026-04-02,cancelled
ORD-104365,P007,North,1.0,2026-03-09,completed
ORD-104366,P004,East,,2026-05-21,Completed
ORD-104367,P006,North,2.0,2026-03-29,COMPLETED
ORD-104368,P005,East,4.0,2026-06-24,cancelled
ORD-104369,P003,South,3.0,2026-02-16,cancelled
ORD-104370,P004,North,3.0,2026-03-01,COMPLETED
ORD-104371,P007,North,4.0,2026-06-28,COMPLETED
ORD-104372,P010,South,1.0,2026-02-20,COMPLETED
ORD-104373,P010,West,3.0,2026-04-28,Completed
ORD-104374,P002,North,5.0,2026-02-04,COMPLETED
ORD-104375,P005,West,4.0,2026-03-04,cancelled
ORD-104376,P002,South,5.0,2026-05-12,COMPLETED
ORD-104377,P009,North,5.0,2026-01-14,cancelled
ORD-104378,P004,East,1.0,2026-01-22,COMPLETED
ORD-104379,P002,East,4.0,2026-01-17,pending
ORD-104380,P007,North,1.0,2026-02-13,cancelled
ORD-104381,P009,West,5.0,2026-01-20,cancelled
ORD-104382,P009,West,3.0,2026-03-23,cancelled
ORD-104383,P001,North,4.0,2026-04-15,pending
ORD-104384,P004,North,3.0,2026-03-04,Completed
ORD-104385,P004,West,2.0,2026-01-04,Completed
ORD-104386,P001,West,3.0,2026-02-17,completed
ORD-104387,P006,South,1.0,2026-02-05,completed
ORD-104388,P005,North,4.0,2026-02-09,completed
ORD-104389,P002,North,5.0,2026-03-22,pending
ORD-104390,P003,North,4.0,2026-01-05,cancelled
ORD-104391,P004,South,2.0,2026-02-22,COMPLETED
ORD-104392,P001,East,5.0,2026-01-09,Completed
ORD-104393,P003,South,4.0,2026-06-20,Completed
ORD-104394,P001,North,1.0,2026-01-25,Completed
ORD-104395,P005,East,5.0,2026-05-17,completed
ORD-104396,P004,South,5.0,2026-02-28,cancelled
ORD-104397,P002,South,5.0,2026-02-24,COMPLETED
ORD-104398,P006,East,2.0,2026-04-16,COMPLETED
ORD-104399,P003,West,3.0,2026-05-09,pending
ORD-104400,P008,North,5.0,2026-04-20,pending
ORD-104401,P007,South,1.0,2026-04-20,pending
ORD-104402,P006,West,4.0,2026-03-05,Completed
ORD-104403,P005,East,4.0,2026-06-19,Completed
ORD-104404,P006,North,2.0,2026-04-14,cancelled
ORD-104405,P007,East,1.0,2026-04-05,COMPLETED
ORD-104406,P008,South,2.0,2026-04-10,pending
ORD-104407,P001,West,1.0,2026-06-08,COMPLETED
ORD-104408,P008,South,5.0,2026-04-05,COMPLETED
ORD-104409,P003,West,3.0,2026-03-15,cancelled
ORD-104410,P007,South,5.0,2026-03-23,pending
ORD-104411,P007,East,2.0,2026-02-02,COMPLETED
ORD-104412,P004,West,2.0,2026-04-10,COMPLETED
ORD-104413,P002,West,4.0,2026-03-28,cancelled
ORD-104414,P004,South,2.0,2026-06-10,COMPLETED
ORD-104415,P007,East,4.0,2026-05-21,Completed
ORD-104416,P010,West,4.0,2026-01-07,pending
ORD-104417,P003,West,2.0,2026-03-17,pending
ORD-104418,P010,North,3.0,2026-05-20,Completed
ORD-104419,P009,North,5.0,2026-01-22,Completed
ORD-104420,P008,North,4.0,2026-01-23,Completed
ORD-104421,P008,West,2.0,2026-02-03,completed
ORD-104422,P002,West,5.0,2026-03-12,completed
ORD-104423,P009,West,5.0,2026-02-05,Completed
ORD-104424,P002,North,4.0,2026-02-03,Completed
ORD-104425,P010,West,3.0,2026-03-18,COMPLETED
ORD-104426,P003,South,3.0,2026-05-29,COMPLETED
ORD-104427,P007,South,4.0,2026-02-22,Completed
ORD-104428,P010,East,,2026-05-31,cancelled
ORD-104429,P010,North,1.0,2026-03-09,Completed
ORD-104430,P007,West,5.0,2026-06-29,cancelled
ORD-104431,P002,West,1.0,2026-06-08,cancelled
ORD-104432,P009,South,5.0,2026-02-27,completed
ORD-104433,P001,West,3.0,2026-01-27,pending
ORD-104434,P001,West,2.0,2026-01-30,pending
ORD-104435,P010,North,1.0,2026-03-11,Completed
ORD-104436,P004,East,2.0,2026-03-01,cancelled
ORD-104437,P007,South,3.0,2026-05-04,pending
ORD-104438,P002,North,5.0,2026-03-14,COMPLETED
ORD-104439,P002,North,4.0,2026-01-16,pending
ORD-104440,P004,North,5.0,2026-01-10,completed
ORD-104441,P002,North,5.0,2026-04-13,pending
ORD-104442,P002,North,2.0,2026-01-07,completed
ORD-104443,P003,West,1.0,2026-05-16,cancelled
ORD-104444,P009,North,5.0,2026-01-09,completed
ORD-104445,P004,South,2.0,2026-03-16,COMPLETED
ORD-104446,P009,East,2.0,2026-03-26,completed
ORD-104447,P004,South,1.0,2026-03-23,cancelled
ORD-104448,P010,North,5.0,2026-06-21,completed
ORD-104449,P004,West,3.0,2026-05-20,cancelled
ORD-104450,P002,North,1.0,2026-06-29,Completed
ORD-104451,P003,North,3.0,2026-06-30,completed
ORD-104452,P003,West,1.0,2026-03-19,Completed
ORD-104453,P009,North,1.0,2026-05-23,Completed
ORD-104454,P009,East,4.0,2026-04-28,completed
ORD-104455,P010,West,5.0,2026-02-24,COMPLETED
ORD-104456,P008,East,2.0,2026-04-08,pending
ORD-104457,P002,North,4.0,2026-03-03,COMPLETED
ORD-104458,P010,West,5.0,2026-01-29,COMPLETED
ORD-104459,P003,South,3.0,2026-03-05,completed
ORD-104460,P002,North,2.0,2026-03-02,COMPLETED
ORD-104461,P001,West,2.0,2026-04-16,cancelled
ORD-104462,P002,East,3.0,2026-04-15,Completed
ORD-104463,P006,West,1.0,2026-02-14,completed
ORD-104464,P003,East,1.0,2026-06-12,cancelled
ORD-104465,P010,East,3.0,2026-05-19,cancelled
ORD-104466,P007,East,5.0,2026-06-04,Completed
ORD-104467,P001,East,3.0,2026-01-08,cancelled
ORD-104468,P008,West,3.0,2026-03-31,pending
ORD-104469,P005,South,1.0,2026-02-07,cancelled
ORD-104470,P003,West,3.0,2026-04-10,cancelled
ORD-104471,P006,East,1.0,2026-01-07,cancelled
ORD-104472,P001,North,3.0,2026-06-19,completed
ORD-104473,P004,West,4.0,2026-01-02,Completed
ORD-104474,P005,West,1.0,2026-01-11,completed
ORD-104475,P001,West,5.0,2026-06-13,completed
ORD-104476,P005,West,2.0,2026-01-26,completed
ORD-104477,P008,South,1.0,2026-04-15,completed
ORD-104478,P006,South,2.0,2026-06-18,pending
ORD-104479,P003,South,3.0,2026-02-16,completed
ORD-104480,P009,West,2.0,2026-03-13,pending
ORD-104481,P004,East,3.0,2026-04-02,completed
ORD-104482,P001,East,1.0,2026-05-22,Completed
ORD-104483,P006,North,3.0,2026-01-27,completed
ORD-104484,P006,East,4.0,2026-02-19,Completed
ORD-104485,P003,South,1.0,2026-06-14,cancelled
ORD-104486,P005,East,5.0,2026-01-31,completed
ORD-104487,P010,South,,2026-04-29,pending
ORD-104488,P001,North,1.0,2026-01-19,pending
ORD-104489,P005,South,5.0,2026-03-26,COMPLETED
ORD-104490,P003,North,3.0,2026-05-11,COMPLETED
ORD-104491,P008,West,3.0,2026-05-23,Completed
ORD-104492,P009,South,5.0,2026-01-10,pending
ORD-104493,P010,North,3.0,2026-02-27,cancelled
ORD-104494,P009,North,2.0,2026-06-14,cancelled
ORD-104495,P009,North,1.0,2026-05-30,Completed
ORD-104496,P010,East,2.0,2026-04-24,cancelled
ORD-104497,P010,North,3.0,2026-05-28,pending
ORD-104498,P006,West,5.0,2026-03-30,pending
ORD-104499,P005,North,3.0,2026-06-28,Completed
ORD-104500,P010,West,4.0,2026-01-01,pending
ORD-104501,P001,East,2.0,2026-06-26,pending
ORD-104502,P010,West,,2026-05-20,completed
ORD-104503,P001,East,2.0,2026-04-10,Completed
ORD-104504,P008,East,1.0,2026-03-11,completed
ORD-104505,P007,South,1.0,2026-03-23,Completed
ORD-104506,P007,North,5.0,2026-06-19,completed
ORD-104507,P003,South,5.0,2026-04-02,COMPLETED
ORD-104508,P004,West,2.0,2026-05-03,pending
ORD-104509,P007,East,4.0,2026-03-17,Completed
ORD-104510,P006,East,2.0,2026-01-03,Completed
ORD-104511,P005,South,1.0,2026-02-14,completed
ORD-104512,P005,West,3.0,2026-01-21,completed
ORD-104513,P006,South,4.0,2026-03-29,pending
ORD-104514,P002,East,3.0,2026-03-25,pending
ORD-104515,P001,South,5.0,2026-04-09,cancelled
ORD-104516,P001,East,4.0,2026-02-11,completed
ORD-104517,P004,South,5.0,2026-02-24,COMPLETED
ORD-104518,P010,East,2.0,2026-03-16,completed
ORD-104519,P006,South,2.0,2026-06-13,completed
ORD-104520,P005,South,4.0,2026-01-06,Completed
ORD-104521,P010,North,1.0,2026-06-03,cancelled
ORD-104522,P005,South,1.0,2026-02-10,COMPLETED
ORD-104523,P002,West,2.0,2026-04-15,completed
ORD-104524,P006,South,4.0,2026-06-25,cancelled
ORD-104525,P010,West,1.0,2026-02-23,cancelled
ORD-104526,P004,East,2.0,2026-02-02,completed
ORD-104527,P004,South,3.0,2026-05-31,pending
ORD-104528,P006,South,4.0,2026-01-02,completed
ORD-104529,P010,North,2.0,2026-01-13,Completed
ORD-104530,P006,South,4.0,2026-06-08,completed
ORD-104531,P010,North,1.0,2026-01-16,Completed
ORD-104532,P010,East,4.0,2026-06-15,Completed
ORD-104533,P003,West,3.0,2026-03-29,cancelled
ORD-104534,P002,East,5.0,2026-05-12,COMPLETED
ORD-104535,P001,South,3.0,2026-04-26,COMPLETED
ORD-104536,P004,South,4.0,2026-02-04,cancelled
ORD-104537,P008,North,4.0,2026-05-17,COMPLETED
ORD-104538,P008,South,1.0,2026-03-15,pending
ORD-104539,P005,South,1.0,2026-04-01,completed
ORD-104540,P008,West,4.0,2026-05-08,COMPLETED
ORD-104541,P001,South,4.0,2026-03-30,completed
ORD-104542,P003,South,3.0,2026-01-07,cancelled
ORD-104543,P009,West,5.0,2026-01-15,completed
ORD-104544,P003,South,1.0,2026-02-03,cancelled
ORD-104545,P008,West,,2026-06-10,cancelled
ORD-104546,P007,East,2.0,2026-02-22,Completed
ORD-104547,P008,East,1.0,2026-02-01,Completed
ORD-104548,P007,East,3.0,2026-06-12,cancelled
ORD-104549,P004,North,2.0,2026-05-08,pending
ORD-104550,P005,North,2.0,2026-02-19,cancelled
ORD-104551,P006,South,1.0,2026-03-04,Completed
ORD-104552,P003,West,5.0,2026-03-08,cancelled
ORD-104553,P007,South,4.0,2026-06-06,pending
ORD-104554,P005,West,2.0,2026-01-27,cancelled
ORD-104555,P007,North,3.0,2026-03-29,Completed
ORD-104556,P009,North,3.0,2026-02-05,completed
ORD-104557,P007,South,4.0,2026-04-01,COMPLETED
ORD-104558,P003,West,2.0,2026-04-21,COMPLETED
ORD-104559,P002,West,3.0,2026-02-06,COMPLETED
ORD-104560,P006,South,3.0,2026-02-26,cancelled
ORD-104561,P006,West,3.0,2026-04-09,pending
ORD-104562,P008,East,2.0,2026-05-11,Completed
ORD-104563,P005,East,1.0,2026-05-28,completed
ORD-104564,P005,South,4.0,2026-04-15,pending
ORD-104565,P003,West,5.0,2026-05-26,COMPLETED
ORD-104566,P002,North,2.0,2026-02-06,cancelled
ORD-104567,P007,South,2.0,2026-05-07,COMPLETED
ORD-104568,P001,West,2.0,2026-06-07,COMPLETED
ORD-104569,P005,North,1.0,2026-02-05,COMPLETED
ORD-104570,P007,East,2.0,2026-06-18,Completed
ORD-104571,P004,West,1.0,2026-03-16,COMPLETED
ORD-104572,P006,West,2.0,2026-05-07,COMPLETED
ORD-104573,P002,East,1.0,2026-05-14,cancelled
ORD-104574,P001,South,5.0,2026-02-22,Completed
ORD-104575,P002,West,2.0,2026-03-16,Completed
ORD-104576,P004,South,5.0,2026-04-24,COMPLETED
ORD-104577,P006,West,4.0,2026-01-17,completed
ORD-104578,P007,West,2.0,2026-02-20,pending
ORD-104579,P007,North,2.0,2026-02-21,Completed
ORD-104580,P001,East,3.0,2026-01-13,Completed
ORD-104581,P007,South,2.0,2026-03-06,cancelled
ORD-104582,P008,West,,2026-06-22,pending
ORD-104583,P003,West,1.0,2026-06-26,Completed
ORD-104584,P007,East,3.0,2026-01-03,pending
ORD-104585,P005,South,,2026-04-22,COMPLETED
ORD-104586,P007,North,2.0,2026-03-13,Completed
ORD-104587,P005,East,1.0,2026-06-09,pending
ORD-104588,P004,North,1.0,2026-04-06,completed
ORD-104589,P002,East,4.0,2026-03-26,COMPLETED
ORD-104590,P009,North,1.0,2026-06-26,Completed
ORD-104591,P009,North,1.0,2026-05-11,completed
ORD-104592,P005,East,3.0,2026-01-16,cancelled
ORD-104593,P007,East,2.0,2026-05-11,COMPLETED
ORD-104594,P004,North,2.0,2026-05-14,cancelled
ORD-104595,P005,East,1.0,2026-04-28,Completed
ORD-104596,P001,North,4.0,2026-06-09,pending
ORD-104597,P006,East,4.0,2026-04-08,cancelled
ORD-104598,P009,North,5.0,2026-03-09,completed
ORD-104599,P003,North,5.0,2026-04-29,pending
ORD-104600,P009,South,1.0,2026-06-15,cancelled
ORD-104601,P002,East,4.0,2026-01-28,cancelled
ORD-104602,P009,North,5.0,2026-04-19,cancelled
ORD-104603,P007,East,5.0,2026-04-23,Completed
ORD-104604,P004,West,1.0,2026-02-10,COMPLETED
ORD-104605,P001,South,3.0,2026-03-27,COMPLETED
ORD-104606,P009,East,4.0,2026-01-18,Completed
ORD-104607,P009,South,2.0,2026-04-05,Completed
ORD-104608,P010,South,4.0,2026-06-17,cancelled
ORD-104609,P003,West,4.0,2026-01-25,COMPLETED
ORD-104610,P009,North,5.0,2026-01-12,COMPLETED
ORD-104611,P007,West,2.0,2026-04-20,completed
ORD-104612,P004,South,3.0,2026-01-02,Completed
ORD-104613,P003,South,4.0,2026-04-29,cancelled
ORD-104614,P010,South,1.0,2026-05-24,COMPLETED
ORD-104615,P001,East,5.0,2026-02-12,COMPLETED
ORD-104616,P005,North,1.0,2026-04-20,pending
ORD-104617,P008,North,5.0,2026-02-18,cancelled
ORD-104618,P003,West,2.0,2026-01-03,pending
ORD-104619,P003,West,1.0,2026-05-04,completed
ORD-104620,P009,South,4.0,2026-03-16,pending
ORD-104621,P007,North,1.0,2026-02-20,completed
ORD-104622,P008,South,2.0,2026-01-22,COMPLETED
ORD-104623,P003,East,4.0,2026-02-19,Completed
ORD-104624,P001,West,4.0,2026-03-31,cancelled
ORD-104625,P002,West,5.0,2026-06-08,pending
ORD-104626,P008,West,5.0,2026-01-28,cancelled
ORD-104627,P006,West,4.0,2026-04-13,COMPLETED
ORD-104628,P001,West,2.0,2026-06-05,Completed
ORD-104629,P005,North,,2026-03-10,COMPLETED
ORD-104630,P003,East,4.0,2026-02-11,COMPLETED
ORD-104631,P004,South,2.0,2026-04-28,Completed
ORD-104632,P002,North,2.0,2026-05-29,pending
ORD-104633,P001,North,3.0,2026-04-28,cancelled
ORD-104634,P004,North,3.0,2026-04-18,cancelled
ORD-104635,P010,North,3.0,2026-01-30,completed
ORD-104636,P002,North,2.0,2026-01-12,cancelled
ORD-104637,P001,North,3.0,2026-01-08,pending
ORD-104638,P010,East,3.0,2026-02-23,pending
ORD-104639,P008,South,3.0,2026-05-23,pending
ORD-104640,P009,East,1.0,2026-02-22,pending
ORD-104641,P003,East,4.0,2026-01-28,pending
ORD-104642,P002,West,5.0,2026-03-06,cancelled
ORD-104643,P007,South,1.0,2026-03-14,Completed
ORD-104644,P002,South,4.0,2026-05-07,cancelled
ORD-104645,P006,South,5.0,2026-02-07,COMPLETED
ORD-104646,P005,South,4.0,2026-06-01,Completed
ORD-104647,P005,North,2.0,2026-01-01,completed
ORD-104648,P009,North,4.0,2026-04-11,completed
ORD-104649,P006,North,3.0,2026-01-23,COMPLETED
ORD-104650,P004,West,4.0,2026-02-06,Completed
ORD-104651,P001,South,3.0,2026-06-15,cancelled
ORD-104652,P004,South,1.0,2026-04-08,completed
ORD-104653,P001,North,5.0,2026-01-10,pending
ORD-104654,P004,West,1.0,2026-01-17,COMPLETED
ORD-104655,P009,South,2.0,2026-01-12,COMPLETED
ORD-104656,P005,East,5.0,2026-01-17,Completed
ORD-104657,P010,North,2.0,2026-06-24,completed
ORD-104658,P005,South,4.0,2026-06-30,cancelled
ORD-104659,P002,West,5.0,2026-03-04,completed
ORD-104660,P009,South,4.0,2026-01-22,pending
ORD-104661,P002,East,3.0,2026-03-31,cancelled
ORD-104662,P001,South,1.0,2026-03-30,completed
ORD-104663,P006,South,2.0,2026-06-24,completed
ORD-104664,P010,West,5.0,2026-04-21,cancelled
ORD-104665,P010,East,1.0,2026-05-09,pending
ORD-104666,P010,East,4.0,2026-02-01,pending
ORD-104667,P004,West,3.0,2026-05-02,completed
ORD-104668,P002,West,1.0,2026-04-14,pending
ORD-104669,P008,West,2.0,2026-05-03,pending
ORD-104670,P009,West,4.0,2026-02-25,pending
ORD-104671,P009,East,,2026-06-20,cancelled
ORD-104672,P003,West,2.0,2026-04-28,Completed
ORD-104673,P007,West,5.0,2026-04-21,completed
ORD-104674,P010,South,4.0,2026-06-29,completed
ORD-104675,P007,South,5.0,2026-03-25,pending
ORD-104676,P010,West,5.0,2026-01-01,Completed
ORD-104677,P006,North,3.0,2026-05-25,pending
ORD-104678,P008,West,3.0,2026-05-03,pending
ORD-104679,P008,East,,2026-04-08,Completed
ORD-104680,P009,North,1.0,2026-04-05,COMPLETED
ORD-104681,P002,North,4.0,2026-04-23,COMPLETED
ORD-104682,P008,South,2.0,2026-05-22,pending
ORD-104683,P006,East,5.0,2026-04-12,pending
ORD-104684,P008,North,3.0,2026-01-21,pending
ORD-104685,P007,North,3.0,2026-01-11,completed
ORD-104686,P001,South,5.0,2026-06-04,Completed
ORD-104687,P009,West,4.0,2026-04-25,completed
ORD-104688,P004,North,5.0,2026-06-14,Completed
ORD-104689,P001,North,2.0,2026-02-01,COMPLETED
ORD-104690,P001,West,1.0,2026-01-17,cancelled
ORD-104691,P005,North,5.0,2026-02-13,COMPLETED
ORD-104692,P003,South,2.0,2026-02-16,cancelled
ORD-104693,P010,North,1.0,2026-02-23,cancelled
ORD-104694,P003,North,4.0,2026-01-11,Completed
ORD-104695,P001,East,4.0,2026-02-04,cancelled
ORD-104696,P003,West,4.0,2026-03-08,COMPLETED
ORD-104697,P001,East,1.0,2026-06-28,COMPLETED
ORD-104698,P005,East,4.0,2026-04-11,COMPLETED
ORD-104699,P001,West,3.0,2026-04-08,COMPLETED
ORD-104700,P005,South,1.0,2026-04-06,COMPLETED
ORD-104701,P007,West,5.0,2026-06-17,cancelled
ORD-104702,P006,South,3.0,2026-05-12,pending
ORD-104703,P004,South,3.0,2026-03-17,pending
ORD-104704,P007,South,4.0,2026-06-11,Completed
ORD-104705,P007,East,2.0,2026-04-11,Completed
ORD-104706,P001,West,5.0,2026-06-19,cancelled
ORD-104707,P001,East,4.0,2026-05-11,pending
ORD-104708,P009,East,4.0,2026-02-25,pending
ORD-104709,P006,North,3.0,2026-05-18,COMPLETED
ORD-104710,P001,North,5.0,2026-04-03,COMPLETED
ORD-104711,P007,South,1.0,2026-04-29,completed
ORD-104712,P008,East,5.0,2026-02-20,Completed
ORD-104713,P010,West,4.0,2026-01-12,Completed
ORD-104714,P010,East,3.0,2026-03-22,completed
ORD-104715,P004,North,2.0,2026-05-24,COMPLETED
ORD-104716,P009,North,2.0,2026-03-31,completed
ORD-104717,P005,North,5.0,2026-03-29,completed
ORD-104718,P005,East,1.0,2026-02-23,Completed
ORD-104719,P008,East,2.0,2026-06-02,Completed
ORD-104720,P008,East,1.0,2026-06-08,completed
ORD-104721,P003,East,3.0,2026-03-03,Completed
ORD-104722,P007,South,3.0,2026-04-02,Completed
ORD-104723,P009,West,3.0,2026-04-22,completed
ORD-104724,P001,East,5.0,2026-05-15,Completed
ORD-104725,P009,East,3.0,2026-06-23,completed
ORD-104726,P005,West,5.0,2026-06-11,completed
ORD-104727,P010,East,4.0,2026-03-01,COMPLETED
ORD-104728,P006,East,2.0,2026-04-02,cancelled
ORD-104729,P001,South,5.0,2026-04-17,completed
ORD-104730,P007,South,3.0,2026-04-27,cancelled
ORD-104731,P002,North,4.0,2026-02-05,COMPLETED
ORD-104732,P007,West,1.0,2026-02-12,Completed
ORD-104733,P007,East,5.0,2026-01-08,cancelled
ORD-104734,P007,North,1.0,2026-02-10,cancelled
ORD-104735,P010,North,4.0,2026-03-01,Completed
ORD-104736,P001,East,4.0,2026-03-02,cancelled
ORD-104737,P001,East,3.0,2026-03-21,pending
ORD-104738,P010,South,2.0,2026-05-19,cancelled
ORD-104739,P008,North,2.0,2026-02-28,COMPLETED
ORD-104740,P004,North,3.0,2026-05-16,completed
ORD-104741,P005,South,3.0,2026-06-16,pending
ORD-104742,P004,East,2.0,2026-04-13,pending
ORD-104743,P003,North,2.0,2026-03-02,cancelled
ORD-104744,P006,West,2.0,2026-04-05,pending
ORD-104745,P010,North,3.0,2026-01-17,pending
ORD-104746,P001,East,1.0,2026-03-15,pending
ORD-104747,P004,East,5.0,2026-06-15,COMPLETED
ORD-104748,P004,North,2.0,2026-01-22,pending
ORD-104749,P008,North,1.0,2026-05-04,COMPLETED
ORD-104750,P001,South,1.0,2026-04-15,cancelled
ORD-104751,P010,West,3.0,2026-02-02,completed
ORD-104752,P008,South,4.0,2026-02-24,Completed
ORD-104753,P010,North,4.0,2026-01-22,Completed
ORD-104754,P010,South,5.0,2026-02-09,Completed
ORD-104755,P007,North,4.0,2026-05-26,Completed
ORD-104756,P008,West,1.0,2026-04-22,COMPLETED
ORD-104757,P003,West,4.0,2026-05-25,COMPLETED
ORD-104758,P006,North,2.0,2026-06-02,completed
ORD-104759,P005,East,2.0,2026-03-12,completed
ORD-104760,P003,West,5.0,2026-06-15,Completed
ORD-104761,P009,North,3.0,2026-05-07,COMPLETED
ORD-104762,P001,East,4.0,2026-02-13,cancelled
ORD-104763,P001,North,5.0,2026-03-02,Completed
ORD-104764,P005,West,3.0,2026-04-15,completed
ORD-104765,P009,South,5.0,2026-02-07,pending
ORD-104766,P002,North,5.0,2026-01-12,Completed
ORD-104767,P008,North,3.0,2026-02-14,completed
ORD-104768,P004,East,1.0,2026-03-04,pending
ORD-104769,P005,South,,2026-02-10,Completed
ORD-104770,P009,South,2.0,2026-06-18,Completed
ORD-104771,P001,South,1.0,2026-05-21,cancelled
ORD-104772,P009,West,1.0,2026-02-01,Completed
ORD-104773,P009,North,4.0,2026-05-25,Completed
ORD-104774,P007,North,5.0,2026-06-03,pending
ORD-104775,P005,West,2.0,2026-06-15,completed
ORD-104776,P001,East,3.0,2026-01-06,completed
ORD-104777,P001,North,4.0,2026-05-02,Completed
ORD-104778,P005,East,1.0,2026-05-24,pending
ORD-104779,P010,North,4.0,2026-03-24,completed
ORD-104780,P009,North,5.0,2026-04-06,completed
ORD-104781,P010,East,3.0,2026-03-09,cancelled
ORD-104782,P010,South,3.0,2026-05-01,COMPLETED
ORD-104783,P007,South,4.0,2026-01-30,completed
ORD-104784,P004,West,1.0,2026-04-23,pending
ORD-104785,P009,South,2.0,2026-04-17,pending
ORD-104786,P006,North,4.0,2026-04-13,cancelled
ORD-104787,P008,South,3.0,2026-05-20,COMPLETED
ORD-104788,P008,West,5.0,2026-02-23,pending
ORD-104789,P008,North,2.0,2026-03-15,Completed
ORD-104790,P005,West,3.0,2026-06-20,COMPLETED
ORD-104791,P007,South,2.0,2026-04-08,Completed
ORD-104792,P001,North,4.0,2026-03-17,cancelled
ORD-104793,P002,East,1.0,2026-06-25,COMPLETED
ORD-104794,P003,South,4.0,2026-03-17,pending
ORD-104795,P007,West,1.0,2026-02-23,COMPLETED
ORD-104796,P007,West,5.0,2026-03-22,cancelled
ORD-104797,P010,West,2.0,2026-05-11,cancelled
ORD-104798,P009,South,,2026-05-24,COMPLETED
ORD-104799,P009,West,2.0,2026-02-26,cancelled
ORD-104800,P004,North,5.0,2026-06-26,Completed
ORD-104801,P003,North,2.0,2026-06-30,cancelled
ORD-104802,P001,East,3.0,2026-04-09,completed
ORD-104803,P001,North,2.0,2026-03-09,pending
ORD-104804,P002,West,5.0,2026-01-21,Completed
ORD-104805,P005,North,1.0,2026-05-03,completed
ORD-104806,P009,West,4.0,2026-01-30,completed
ORD-104807,P008,West,5.0,2026-03-27,COMPLETED
ORD-104808,P010,East,4.0,2026-05-03,pending
ORD-104809,P010,East,2.0,2026-01-15,completed
ORD-104810,P008,North,4.0,2026-02-01,COMPLETED
ORD-104811,P007,North,5.0,2026-04-02,completed
ORD-104812,P001,North,3.0,2026-04-21,cancelled
ORD-104813,P004,West,1.0,2026-01-25,Completed
ORD-104814,P010,East,4.0,2026-04-29,Completed
ORD-104815,P007,West,5.0,2026-01-27,cancelled
ORD-104816,P004,North,2.0,2026-05-05,pending
ORD-104817,P010,North,2.0,2026-06-15,completed
ORD-104818,P002,North,4.0,2026-02-23,cancelled
ORD-104819,P006,South,2.0,2026-02-18,Completed
ORD-104820,P007,South,5.0,2026-01-31,pending
ORD-104821,P006,North,1.0,2026-03-10,COMPLETED
ORD-104822,P010,South,2.0,2026-01-15,pending
ORD-104823,P006,East,3.0,2026-03-17,pending
ORD-104824,P004,West,2.0,2026-03-29,pending
ORD-104825,P010,North,3.0,2026-05-21,Completed
ORD-104826,P010,South,3.0,2026-06-11,COMPLETED
ORD-104827,P002,East,5.0,2026-04-23,Completed
ORD-104828,P006,North,3.0,2026-05-23,cancelled
ORD-104829,P007,North,2.0,2026-02-15,Completed
ORD-104830,P007,North,4.0,2026-01-10,Completed
ORD-104831,P010,East,1.0,2026-06-03,Completed
ORD-104832,P009,East,3.0,2026-03-06,cancelled
ORD-104833,P004,South,,2026-01-14,cancelled
ORD-104834,P010,East,5.0,2026-04-13,completed
ORD-104835,P010,East,5.0,2026-04-20,pending
ORD-104836,P008,East,1.0,2026-02-04,pending
ORD-104837,P010,South,4.0,2026-06-04,cancelled
ORD-104838,P004,North,5.0,2026-03-26,completed
ORD-104839,P002,South,4.0,2026-02-22,Completed
ORD-104840,P007,North,2.0,2026-04-26,completed
ORD-104841,P008,South,1.0,2026-06-18,Completed
ORD-104842,P005,South,3.0,2026-02-03,completed
ORD-104843,P010,South,1.0,2026-05-15,cancelled
ORD-104844,P004,South,3.0,2026-02-17,completed
ORD-104845,P002,North,3.0,2026-05-20,COMPLETED
ORD-104846,P005,East,5.0,2026-02-13,COMPLETED
ORD-104847,P003,North,3.0,2026-06-21,Completed
ORD-104848,P006,East,3.0,2026-01-02,completed
ORD-104849,P002,West,3.0,2026-06-21,cancelled
ORD-104850,P005,East,4.0,2026-01-03,COMPLETED
ORD-104851,P004,North,4.0,2026-06-08,completed
ORD-104852,P006,South,3.0,2026-03-21,completed
ORD-104853,P010,South,1.0,2026-01-15,completed
ORD-104854,P001,South,3.0,2026-06-14,pending
ORD-104855,P005,South,2.0,2026-02-16,Completed
ORD-104856,P008,West,4.0,2026-04-08,pending
ORD-104857,P003,East,5.0,2026-02-12,cancelled
ORD-104858,P002,East,1.0,2026-05-26,pending
ORD-104859,P004,North,2.0,2026-06-05,COMPLETED
ORD-104860,P003,South,4.0,2026-03-13,cancelled
ORD-104861,P003,South,2.0,2026-05-12,Completed
ORD-104862,P005,South,3.0,2026-06-22,Completed
ORD-104863,P008,North,5.0,2026-04-05,cancelled
ORD-104864,P007,East,5.0,2026-06-06,cancelled
ORD-104865,P006,South,5.0,2026-03-15,Completed
ORD-104866,P007,South,3.0,2026-06-08,completed
ORD-104867,P008,South,1.0,2026-03-10,pending
ORD-104868,P006,East,4.0,2026-02-11,completed
ORD-104869,P004,West,5.0,2026-05-26,cancelled
ORD-104870,P005,South,1.0,2026-03-25,cancelled
ORD-104871,P007,North,1.0,2026-03-26,pending
ORD-104872,P009,North,5.0,2026-02-21,pending
ORD-104873,P006,South,4.0,2026-03-12,Completed
ORD-104874,P005,West,5.0,2026-03-14,cancelled
ORD-104875,P007,East,4.0,2026-04-26,completed
ORD-104876,P008,North,4.0,2026-06-29,pending
ORD-104877,P001,East,1.0,2026-01-22,completed
ORD-104878,P001,East,4.0,2026-02-25,completed
ORD-104879,P006,West,4.0,2026-04-11,cancelled
ORD-104880,P006,East,5.0,2026-01-01,cancelled
ORD-104881,P001,North,3.0,2026-06-25,COMPLETED
ORD-104882,P010,South,2.0,2026-06-24,COMPLETED
ORD-104883,P010,West,3.0,2026-06-13,completed
ORD-104884,P005,North,4.0,2026-03-24,cancelled
ORD-104885,P010,West,1.0,2026-02-28,Completed
ORD-104886,P005,West,5.0,2026-02-15,pending
ORD-104887,P003,West,1.0,2026-03-26,Completed
ORD-104888,P006,South,4.0,2026-01-15,cancelled
ORD-104889,P003,East,1.0,2026-04-07,cancelled
ORD-104890,P004,East,4.0,2026-05-13,pending
ORD-104891,P001,West,5.0,2026-06-21,COMPLETED
ORD-104892,P004,North,,2026-01-05,completed
ORD-104893,P003,West,1.0,2026-04-23,pending
ORD-104894,P004,East,5.0,2026-01-01,COMPLETED
ORD-104895,P003,West,4.0,2026-05-06,cancelled
ORD-104896,P001,West,2.0,2026-02-25,completed
ORD-104897,P004,South,3.0,2026-04-19,Completed
ORD-104898,P010,West,5.0,2026-03-08,cancelled
ORD-104899,P004,North,2.0,2026-03-01,Completed
ORD-104900,P004,West,1.0,2026-04-05,cancelled
ORD-104901,P001,South,4.0,2026-04-25,COMPLETED
ORD-104902,P005,West,4.0,2026-04-02,Completed
ORD-104903,P007,West,4.0,2026-02-04,cancelled
ORD-104904,P009,North,5.0,2026-03-22,pending
ORD-104905,P008,East,3.0,2026-05-07,pending
ORD-104906,P005,East,3.0,2026-06-25,pending
ORD-104907,P006,East,4.0,2026-02-05,cancelled
ORD-104908,P005,South,4.0,2026-01-08,cancelled
ORD-104909,P009,East,,2026-05-02,Completed
ORD-104910,P001,West,1.0,2026-05-03,COMPLETED
ORD-104911,P010,East,1.0,2026-04-24,completed
ORD-104912,P006,South,2.0,2026-05-01,completed
ORD-104913,P010,North,1.0,2026-05-31,pending
ORD-104914,P005,West,3.0,2026-01-09,pending
ORD-104915,P003,East,3.0,2026-03-03,Completed
ORD-104916,P009,West,3.0,2026-03-27,Completed
ORD-104917,P004,South,4.0,2026-06-23,completed
ORD-104918,P001,East,5.0,2026-01-10,completed
ORD-104919,P002,South,5.0,2026-01-16,COMPLETED
ORD-104920,P007,North,5.0,2026-01-20,pending
ORD-104921,P010,West,1.0,2026-06-01,completed
ORD-104922,P009,East,4.0,2026-01-27,COMPLETED
ORD-104923,P007,North,3.0,2026-04-20,cancelled
ORD-104924,P008,North,4.0,2026-04-19,pending
ORD-104925,P008,North,4.0,2026-06-21,pending
ORD-104926,P007,West,2.0,2026-04-13,pending
ORD-104927,P001,South,3.0,2026-04-06,pending
ORD-104928,P010,North,5.0,2026-04-06,completed
ORD-104929,P005,South,1.0,2026-02-12,Completed
ORD-104930,P010,South,3.0,2026-06-30,completed
ORD-104931,P006,West,5.0,2026-03-13,pending
ORD-104932,P007,South,1.0,2026-02-14,COMPLETED
ORD-104933,P002,North,4.0,2026-02-25,completed
ORD-104934,P005,East,2.0,2026-05-05,Completed
ORD-104935,P009,North,5.0,2026-06-01,COMPLETED
ORD-104936,P003,West,3.0,2026-03-08,Completed
ORD-104937,P001,East,3.0,2026-02-18,completed
ORD-104938,P001,South,2.0,2026-06-22,pending
ORD-104939,P008,South,1.0,2026-06-15,pending
ORD-104940,P007,East,4.0,2026-04-16,cancelled
ORD-104941,P005,South,2.0,2026-01-25,COMPLETED
ORD-104942,P002,South,,2026-05-10,COMPLETED
ORD-104943,P009,South,4.0,2026-04-06,COMPLETED
ORD-104944,P009,East,5.0,2026-01-21,pending
ORD-104945,P009,South,4.0,2026-04-04,pending
ORD-104946,P010,East,5.0,2026-03-25,completed
ORD-104947,P010,East,1.0,2026-05-14,Completed
ORD-104948,P009,East,5.0,2026-04-07,completed
ORD-104949,P007,East,2.0,2026-04-28,Completed
ORD-104950,P009,North,3.0,2026-02-22,pending
ORD-104951,P010,North,2.0,2026-01-24,pending
ORD-104952,P002,West,2.0,2026-03-08,pending
ORD-104953,P003,South,5.0,2026-03-21,COMPLETED
ORD-104954,P010,South,1.0,2026-04-29,pending
ORD-104955,P002,North,2.0,2026-02-14,cancelled
ORD-104956,P004,North,3.0,2026-03-17,cancelled
ORD-104957,P002,South,3.0,2026-02-20,COMPLETED
ORD-104958,P004,North,1.0,2026-01-14,Completed
ORD-104959,P001,East,,2026-03-20,cancelled
ORD-104960,P009,North,5.0,2026-01-23,cancelled
ORD-104961,P006,East,3.0,2026-06-07,COMPLETED
ORD-104962,P008,West,3.0,2026-04-15,COMPLETED
ORD-104963,P005,South,1.0,2026-01-31,Completed
ORD-104964,P007,East,1.0,2026-06-07,cancelled
ORD-104965,P005,North,1.0,2026-06-25,completed
ORD-104966,P007,West,4.0,2026-01-27,pending
ORD-104967,P002,North,5.0,2026-01-05,Completed
ORD-104968,P003,East,1.0,2026-06-20,cancelled
ORD-104969,P009,West,2.0,2026-02-06,Completed
ORD-104970,P002,West,4.0,2026-06-12,Completed
ORD-104971,P007,West,1.0,2026-06-08,pending
ORD-104972,P004,East,1.0,2026-06-11,completed
ORD-104973,P001,South,3.0,2026-03-30,cancelled
ORD-104974,P003,West,2.0,2026-02-03,Completed
ORD-104975,P003,North,4.0,2026-01-08,COMPLETED
ORD-104976,P009,West,3.0,2026-03-28,Completed
ORD-104977,P009,North,3.0,2026-04-29,completed
ORD-104978,P005,South,1.0,2026-03-27,COMPLETED
ORD-104979,P009,North,2.0,2026-06-14,pending
ORD-104980,P007,West,5.0,2026-01-05,completed
ORD-104981,P003,East,,2026-02-16,COMPLETED
ORD-104982,P005,East,4.0,2026-05-03,pending
ORD-104983,P006,North,1.0,2026-01-11,pending
ORD-104984,P010,East,3.0,2026-05-10,Completed
ORD-104985,P001,West,3.0,2026-01-25,cancelled
ORD-104986,P003,West,5.0,2026-02-26,cancelled
ORD-104987,P007,West,5.0,2026-03-30,pending
ORD-104988,P004,South,1.0,2026-01-19,cancelled
ORD-104989,P003,North,1.0,2026-02-05,Completed
ORD-104990,P009,North,4.0,2026-04-08,pending
ORD-104991,P005,West,1.0,2026-06-20,pending
ORD-104992,P010,South,2.0,2026-01-04,COMPLETED
ORD-104993,P002,East,5.0,2026-03-07,Completed
ORD-104994,P010,East,1.0,2026-03-16,COMPLETED
ORD-104995,P008,North,2.0,2026-05-25,COMPLETED
ORD-104996,P008,South,1.0,2026-02-02,cancelled
ORD-104997,P008,North,3.0,2026-02-25,Completed
ORD-104998,P003,West,5.0,2026-06-18,COMPLETED
ORD-104999,P009,West,5.0,2026-05-13,cancelled
ORD-105000,P006,South,2.0,2026-04-08,COMPLETED
ORD-105001,P009,South,2.0,2026-06-19,pending
ORD-105002,P003,North,1.0,2026-05-18,pending
ORD-105003,P004,South,1.0,2026-02-09,cancelled
ORD-105004,P009,East,3.0,2026-05-12,cancelled
ORD-105005,P008,West,5.0,2026-04-15,cancelled
ORD-105006,P005,South,3.0,2026-03-24,COMPLETED
ORD-105007,P010,West,1.0,2026-03-25,Completed
ORD-105008,P006,South,4.0,2026-06-12,COMPLETED
ORD-105009,P006,East,2.0,2026-06-25,pending
ORD-105010,P010,East,4.0,2026-05-06,COMPLETED
ORD-105011,P002,North,3.0,2026-06-25,pending
ORD-105012,P007,South,3.0,2026-06-25,completed
ORD-105013,P002,West,3.0,2026-06-07,Completed
ORD-105014,P005,West,3.0,2026-06-06,completed
ORD-105015,P006,West,1.0,2026-06-14,pending
ORD-105016,P007,West,1.0,2026-04-23,completed
ORD-105017,P010,East,2.0,2026-02-22,completed
ORD-105018,P002,South,1.0,2026-04-12,COMPLETED
ORD-105019,P010,South,3.0,2026-05-02,Completed
ORD-105020,P003,East,2.0,2026-05-15,COMPLETED
ORD-105021,P010,West,5.0,2026-02-12,completed
ORD-105022,P010,East,1.0,2026-06-10,completed
ORD-105023,P009,East,,2026-01-09,Completed
ORD-105024,P004,North,3.0,2026-03-18,Completed
ORD-105025,P008,East,5.0,2026-03-03,cancelled
ORD-105026,P007,North,3.0,2026-05-05,COMPLETED
ORD-105027,P005,North,5.0,2026-04-17,Completed
ORD-105028,P007,West,3.0,2026-01-11,cancelled
ORD-105029,P003,South,3.0,2026-05-07,Completed
ORD-105030,P007,East,1.0,2026-06-28,completed
ORD-105031,P010,South,3.0,2026-06-26,cancelled
ORD-105032,P008,South,3.0,2026-06-10,completed
ORD-105033,P003,East,2.0,2026-01-22,pending
ORD-105034,P004,West,3.0,2026-01-06,pending
ORD-105035,P003,South,4.0,2026-01-23,COMPLETED
ORD-105036,P004,East,5.0,2026-06-05,COMPLETED
ORD-105037,P005,North,5.0,2026-04-12,completed
ORD-105038,P008,North,5.0,2026-03-29,pending
ORD-105039,P002,North,3.0,2026-06-05,COMPLETED
ORD-105040,P002,East,3.0,2026-02-09,pending
ORD-105041,P003,South,4.0,2026-03-28,COMPLETED
ORD-105042,P010,South,2.0,2026-05-19,pending
ORD-105043,P006,West,4.0,2026-06-19,cancelled
ORD-105044,P006,East,1.0,2026-04-08,cancelled
ORD-105045,P001,East,5.0,2026-04-03,COMPLETED
ORD-105046,P004,East,4.0,2026-06-13,pending
ORD-105047,P008,West,4.0,2026-06-18,pending
ORD-105048,P003,North,3.0,2026-02-06,pending
ORD-105049,P001,West,2.0,2026-05-05,COMPLETED
ORD-105050,P002,South,4.0,2026-03-30,cancelled
ORD-105051,P002,North,3.0,2026-01-14,COMPLETED
ORD-105052,P008,South,5.0,2026-04-27,COMPLETED
ORD-105053,P004,North,3.0,2026-06-19,pending
ORD-105054,P008,South,3.0,2026-02-04,cancelled
ORD-105055,P009,West,2.0,2026-03-28,COMPLETED
ORD-105056,P005,West,4.0,2026-06-15,pending
ORD-105057,P006,East,5.0,2026-06-16,COMPLETED
ORD-105058,P003,South,3.0,2026-03-02,COMPLETED
ORD-105059,P009,East,5.0,2026-01-05,COMPLETED
ORD-105060,P008,North,4.0,2026-04-03,completed
ORD-105061,P003,East,1.0,2026-05-16,Completed
ORD-105062,P007,South,3.0,2026-02-12,cancelled
ORD-105063,P001,North,3.0,2026-03-18,cancelled
ORD-105064,P010,North,4.0,2026-04-24,pending
ORD-105065,P008,South,1.0,2026-06-27,pending
ORD-105066,P006,East,5.0,2026-03-23,Completed
ORD-105067,P008,East,4.0,2026-03-14,completed
ORD-105068,P002,North,4.0,2026-04-29,completed
ORD-105069,P001,West,1.0,2026-01-20,completed
ORD-105070,P002,North,4.0,2026-04-23,pending
ORD-105071,P005,North,4.0,2026-05-28,pending
ORD-105072,P003,East,1.0,2026-05-16,cancelled
ORD-105073,P003,East,2.0,2026-01-29,pending
ORD-105074,P010,West,2.0,2026-04-19,COMPLETED
ORD-105075,P004,West,3.0,2026-04-20,COMPLETED
ORD-105076,P009,West,1.0,2026-06-02,cancelled
ORD-105077,P003,South,1.0,2026-02-04,Completed
ORD-105078,P004,North,5.0,2026-03-30,completed
ORD-105079,P002,South,4.0,2026-03-11,COMPLETED
ORD-105080,P003,East,2.0,2026-05-07,cancelled
ORD-105081,P007,South,5.0,2026-06-22,cancelled
ORD-105082,P008,East,1.0,2026-01-17,Completed
ORD-105083,P001,North,2.0,2026-06-20,COMPLETED
ORD-105084,P007,South,1.0,2026-04-04,pending
ORD-105085,P003,South,4.0,2026-03-29,Completed
ORD-105086,P008,East,1.0,2026-06-01,Completed
ORD-105087,P009,West,5.0,2026-05-14,completed
ORD-105088,P002,South,2.0,2026-02-02,completed
ORD-105089,P005,South,2.0,2026-06-10,cancelled
ORD-105090,P002,West,5.0,2026-01-28,pending
ORD-105091,P003,East,3.0,2026-03-27,cancelled
ORD-105092,P005,East,3.0,2026-06-11,Completed
ORD-105093,P003,East,1.0,2026-04-06,completed
ORD-105094,P009,East,4.0,2026-01-25,cancelled
ORD-105095,P004,North,2.0,2026-05-11,completed
ORD-105096,P004,North,2.0,2026-05-22,cancelled
ORD-105097,P007,East,5.0,2026-05-12,COMPLETED
ORD-105098,P008,East,2.0,2026-01-21,Completed
ORD-105099,P001,East,2.0,2026-01-20,Completed
ORD-105100,P004,East,1.0,2026-03-24,completed
ORD-105101,P003,South,4.0,2026-04-24,completed
ORD-105102,P004,West,4.0,2026-01-01,COMPLETED
ORD-105103,P008,North,1.0,2026-05-04,cancelled
ORD-105104,P008,North,2.0,2026-04-22,cancelled
ORD-105105,P007,East,,2026-02-06,cancelled
ORD-105106,P008,North,2.0,2026-06-26,completed
ORD-105107,P008,North,5.0,2026-02-07,pending
ORD-105108,P007,North,1.0,2026-05-24,pending
ORD-105109,P007,South,2.0,2026-05-28,cancelled
ORD-105110,P005,East,3.0,2026-06-17,pending
ORD-105111,P007,East,5.0,2026-04-30,completed
ORD-105112,P007,East,2.0,2026-01-10,pending
ORD-105113,P001,East,5.0,2026-04-10,completed
ORD-105114,P010,North,2.0,2026-05-05,COMPLETED
ORD-105115,P002,West,1.0,2026-06-30,pending
ORD-105116,P002,North,5.0,2026-04-06,Completed
ORD-105117,P010,West,4.0,2026-04-11,COMPLETED
ORD-105118,P003,East,1.0,2026-01-31,pending
ORD-105119,P004,West,3.0,2026-06-13,Completed
ORD-105120,P007,South,4.0,2026-01-01,pending
ORD-105121,P001,West,3.0,2026-05-21,pending
ORD-105122,P001,South,3.0,2026-02-06,pending
ORD-105123,P004,East,5.0,2026-05-09,completed
ORD-105124,P001,East,3.0,2026-04-15,completed
ORD-105125,P008,East,4.0,2026-03-21,pending
ORD-105126,P004,East,2.0,2026-06-26,completed
ORD-105127,P005,North,5.0,2026-01-13,Completed
ORD-105128,P004,East,5.0,2026-01-23,cancelled
ORD-105129,P010,North,3.0,2026-05-29,pending
ORD-105130,P008,West,1.0,2026-01-26,cancelled
ORD-105131,P001,North,5.0,2026-02-19,cancelled
ORD-105132,P001,East,3.0,2026-05-27,cancelled
ORD-105133,P001,North,3.0,2026-03-26,pending
ORD-105134,P004,East,4.0,2026-06-12,cancelled
ORD-105135,P009,North,4.0,2026-03-08,cancelled
ORD-105136,P008,West,1.0,2026-04-29,cancelled
ORD-105137,P005,East,5.0,2026-02-27,cancelled
ORD-105138,P004,West,1.0,2026-01-21,Completed
ORD-105139,P004,East,4.0,2026-02-15,cancelled
ORD-105140,P006,East,3.0,2026-05-08,completed
ORD-105141,P001,East,1.0,2026-03-19,pending
ORD-105142,P005,West,2.0,2026-06-29,completed
ORD-105143,P009,East,3.0,2026-01-24,COMPLETED
ORD-105144,P003,North,5.0,2026-05-04,COMPLETED
ORD-105145,P010,West,1.0,2026-03-18,completed
ORD-105146,P002,West,5.0,2026-01-14,cancelled
ORD-105147,P007,West,3.0,2026-03-20,cancelled
ORD-105148,P006,South,4.0,2026-04-29,Completed
ORD-105149,P003,South,3.0,2026-04-10,COMPLETED
ORD-105150,P001,North,3.0,2026-02-22,cancelled
ORD-105151,P009,West,,2026-03-31,cancelled
ORD-105152,P007,South,4.0,2026-06-01,completed
ORD-105153,P004,South,5.0,2026-05-13,cancelled
ORD-105154,P001,West,4.0,2026-06-09,cancelled
ORD-105155,P010,West,2.0,2026-04-06,pending
ORD-105156,P010,South,4.0,2026-04-15,cancelled
ORD-105157,P010,West,1.0,2026-02-17,completed
ORD-105158,P008,East,5.0,2026-03-03,pending
ORD-105159,P007,South,1.0,2026-02-14,cancelled
ORD-105160,P009,South,2.0,2026-06-17,Completed
ORD-105161,P004,South,2.0,2026-06-25,Completed
ORD-105162,P010,South,4.0,2026-05-31,completed
ORD-105163,P007,West,3.0,2026-01-08,Completed
ORD-105164,P001,East,2.0,2026-04-13,COMPLETED
ORD-105165,P008,West,2.0,2026-05-18,pending
ORD-105166,P005,South,2.0,2026-01-24,cancelled
ORD-105167,P001,West,3.0,2026-01-09,COMPLETED
ORD-105168,P009,East,4.0,2026-05-23,COMPLETED
ORD-105169,P004,North,5.0,2026-01-28,completed
ORD-105170,P005,East,3.0,2026-02-12,Completed
ORD-105171,P009,East,4.0,2026-01-02,cancelled
ORD-105172,P005,East,1.0,2026-02-03,cancelled
ORD-105173,P009,West,1.0,2026-04-19,Completed
ORD-105174,P001,South,2.0,2026-02-28,completed
ORD-105175,P008,North,3.0,2026-01-09,pending
ORD-105176,P007,South,5.0,2026-04-17,Completed
ORD-105177,P009,West,5.0,2026-05-01,cancelled
ORD-105178,P004,North,2.0,2026-06-29,COMPLETED
ORD-105179,P010,West,1.0,2026-04-03,cancelled
ORD-105180,P010,East,4.0,2026-04-11,completed
ORD-105181,P004,South,5.0,2026-02-19,completed
ORD-105182,P008,North,1.0,2026-01-02,Completed
ORD-105183,P009,East,1.0,2026-05-05,Completed
ORD-105184,P001,South,1.0,2026-02-07,completed
ORD-105185,P008,East,3.0,2026-04-03,completed
ORD-105186,P007,West,1.0,2026-03-12,completed
ORD-105187,P005,West,4.0,2026-04-14,COMPLETED
ORD-105188,P001,East,5.0,2026-01-26,cancelled
ORD-105189,P005,South,2.0,2026-03-12,cancelled
ORD-105190,P001,East,5.0,2026-05-04,Completed
ORD-105191,P004,East,4.0,2026-01-04,Completed
ORD-105192,P004,South,1.0,2026-06-26,cancelled
ORD-105193,P001,East,5.0,2026-01-23,Completed
ORD-105194,P004,West,3.0,2026-02-04,pending
ORD-105195,P006,North,4.0,2026-05-09,completed
ORD-105196,P002,North,5.0,2026-04-04,cancelled
ORD-105197,P008,West,1.0,2026-06-05,pending
ORD-105198,P003,North,1.0,2026-03-31,completed
ORD-105199,P009,East,2.0,2026-02-09,Completed
ORD-105200,P010,North,5.0,2026-04-26,Completed
ORD-105201,P008,East,5.0,2026-05-30,completed
ORD-105202,P006,East,1.0,2026-05-18,completed
ORD-105203,P007,West,5.0,2026-02-24,Completed
ORD-105204,P001,East,4.0,2026-04-30,COMPLETED
ORD-105205,P002,South,4.0,2026-03-21,Completed
ORD-105206,P010,South,3.0,2026-04-16,pending
ORD-105207,P002,South,2.0,2026-05-13,COMPLETED
ORD-105208,P010,West,4.0,2026-05-01,cancelled
ORD-105209,P008,East,3.0,2026-02-13,Completed
ORD-105210,P006,West,2.0,2026-03-19,pending
ORD-105211,P007,West,4.0,2026-04-03,COMPLETED
ORD-105212,P004,North,5.0,2026-05-13,pending
ORD-105213,P001,East,1.0,2026-02-27,COMPLETED
ORD-105214,P003,West,4.0,2026-03-17,completed
ORD-105215,P001,East,,2026-01-13,completed
ORD-105216,P007,East,4.0,2026-06-28,cancelled
ORD-105217,P003,South,2.0,2026-03-15,Completed
ORD-105218,P006,South,2.0,2026-03-08,cancelled
ORD-105219,P010,North,1.0,2026-03-01,COMPLETED
ORD-105220,P001,East,2.0,2026-01-26,completed
ORD-105221,P002,South,4.0,2026-04-28,COMPLETED
ORD-105222,P002,West,3.0,2026-03-08,cancelled
ORD-105223,P010,North,5.0,2026-01-04,COMPLETED
ORD-105224,P003,South,3.0,2026-06-06,pending
ORD-105225,P009,West,2.0,2026-03-11,Completed
ORD-105226,P010,South,3.0,2026-05-18,pending
ORD-105227,P007,West,4.0,2026-06-25,cancelled
ORD-105228,P002,South,1.0,2026-04-01,Completed
ORD-105229,P003,South,4.0,2026-04-21,Completed
ORD-105230,P007,North,2.0,2026-03-25,Completed
ORD-105231,P010,North,1.0,2026-05-25,cancelled
ORD-105232,P005,West,3.0,2026-04-27,COMPLETED
ORD-105233,P003,West,3.0,2026-04-26,COMPLETED
ORD-105234,P005,North,3.0,2026-06-18,Completed
ORD-105235,P004,West,5.0,2026-02-01,Completed
ORD-105236,P001,West,3.0,2026-04-21,pending
ORD-105237,P004,South,2.0,2026-06-09,pending
ORD-105238,P007,North,2.0,2026-05-31,pending
ORD-105239,P003,East,4.0,2026-06-26,pending
ORD-105240,P004,West,5.0,2026-03-27,completed
ORD-105241,P004,North,2.0,2026-03-05,COMPLETED
ORD-105242,P006,South,2.0,2026-03-05,cancelled
ORD-105243,P005,South,4.0,2026-01-26,COMPLETED
ORD-105244,P001,East,4.0,2026-06-12,Completed
ORD-105245,P001,South,3.0,2026-03-03,completed
ORD-105246,P007,South,2.0,2026-01-13,COMPLETED
ORD-105247,P002,West,3.0,2026-01-08,COMPLETED
ORD-105248,P006,West,5.0,2026-05-17,COMPLETED
ORD-105249,P001,South,3.0,2026-03-11,COMPLETED
ORD-105250,P007,North,5.0,2026-03-20,Completed
ORD-105251,P006,North,2.0,2026-04-06,pending
ORD-105252,P001,North,2.0,2026-05-05,COMPLETED
ORD-105253,P001,South,3.0,2026-03-31,pending
ORD-105254,P005,West,4.0,2026-01-18,COMPLETED
ORD-105255,P006,North,4.0,2026-05-08,cancelled
ORD-105256,P004,South,4.0,2026-02-14,Completed
ORD-105257,P001,North,2.0,2026-04-21,completed
ORD-105258,P009,East,4.0,2026-06-18,Completed
ORD-105259,P006,North,1.0,2026-02-03,cancelled
ORD-105260,P007,East,2.0,2026-01-19,completed
ORD-105261,P006,West,3.0,2026-06-05,cancelled
ORD-105262,P010,West,3.0,2026-04-25,Completed
ORD-105263,P004,West,,2026-06-27,pending
ORD-105264,P001,North,1.0,2026-06-01,COMPLETED
ORD-105265,P007,North,5.0,2026-01-25,Completed
ORD-105266,P008,North,2.0,2026-05-12,completed
ORD-105267,P005,North,2.0,2026-04-11,pending
ORD-105268,P009,West,4.0,2026-01-30,pending
ORD-105269,P006,East,5.0,2026-01-23,completed
ORD-105270,P006,North,4.0,2026-06-10,COMPLETED
ORD-105271,P007,South,2.0,2026-05-23,pending
ORD-105272,P001,West,4.0,2026-01-04,Completed
ORD-105273,P001,North,3.0,2026-06-13,cancelled
ORD-105274,P003,South,3.0,2026-06-11,cancelled
ORD-105275,P005,West,1.0,2026-01-05,pending
ORD-105276,P004,West,5.0,2026-01-13,pending
ORD-105277,P010,East,3.0,2026-06-10,COMPLETED
ORD-105278,P005,South,1.0,2026-06-05,COMPLETED
ORD-105279,P007,East,4.0,2026-05-04,cancelled
ORD-105280,P009,West,1.0,2026-05-12,pending
ORD-105281,P006,North,3.0,2026-05-06,COMPLETED
ORD-105282,P007,East,3.0,2026-01-12,cancelled
ORD-105283,P004,South,1.0,2026-03-19,pending
ORD-105284,P001,West,2.0,2026-06-10,completed
ORD-105285,P001,East,3.0,2026-02-04,cancelled
ORD-105286,P006,South,4.0,2026-02-24,cancelled
ORD-105287,P004,South,4.0,2026-01-05,pending
ORD-105288,P008,South,1.0,2026-01-28,COMPLETED
ORD-105289,P005,West,1.0,2026-05-21,completed
ORD-105290,P003,North,3.0,2026-03-09,COMPLETED
ORD-105291,P006,North,3.0,2026-03-24,COMPLETED
ORD-105292,P010,North,5.0,2026-01-09,pending
ORD-105293,P004,West,4.0,2026-05-26,Completed
ORD-105294,P009,West,4.0,2026-05-11,completed
ORD-105295,P007,North,3.0,2026-02-24,Completed
ORD-105296,P009,North,,2026-02-26,pending
ORD-105297,P002,South,5.0,2026-03-16,COMPLETED
ORD-105298,P010,North,3.0,2026-02-27,completed
ORD-105299,P008,West,3.0,2026-05-26,cancelled
ORD-105300,P007,West,3.0,2026-02-09,completed
ORD-105301,P009,West,3.0,2026-06-05,Completed
ORD-105302,P008,West,2.0,2026-03-25,Completed
ORD-105303,P004,South,3.0,2026-01-10,completed
ORD-105304,P006,West,1.0,2026-04-08,Completed
ORD-105305,P006,East,1.0,2026-01-21,COMPLETED
ORD-105306,P002,South,5.0,2026-05-13,completed
ORD-105307,P006,West,1.0,2026-01-18,pending
ORD-105308,P002,South,4.0,2026-02-16,pending
ORD-105309,P009,East,5.0,2026-03-17,completed
ORD-105310,P010,West,4.0,2026-05-23,completed
ORD-105311,P006,West,3.0,2026-02-05,pending
ORD-105312,P005,East,2.0,2026-03-19,Completed
ORD-105313,P005,South,5.0,2026-06-27,cancelled
ORD-105314,P004,South,2.0,2026-01-19,cancelled
ORD-105315,P002,East,1.0,2026-03-18,completed
ORD-105316,P009,South,4.0,2026-01-09,pending
ORD-105317,P002,North,2.0,2026-03-09,pending
ORD-105318,P007,West,3.0,2026-01-02,cancelled
ORD-105319,P002,North,5.0,2026-05-09,pending
ORD-105320,P003,West,5.0,2026-03-22,Completed
ORD-105321,P005,West,2.0,2026-05-05,COMPLETED
ORD-105322,P002,South,3.0,2026-01-12,completed
ORD-105323,P004,North,5.0,2026-01-18,completed
ORD-105324,P005,East,2.0,2026-01-03,Completed
ORD-105325,P006,North,5.0,2026-06-12,completed
ORD-105326,P005,West,3.0,2026-03-21,cancelled
ORD-105327,P001,East,4.0,2026-05-27,cancelled
ORD-105328,P002,West,1.0,2026-03-17,completed
ORD-105329,P004,East,3.0,2026-01-27,cancelled
ORD-105330,P005,West,2.0,2026-03-22,cancelled
ORD-105331,P006,West,1.0,2026-06-19,cancelled
ORD-105332,P005,South,4.0,2026-01-07,COMPLETED
ORD-105333,P005,West,,2026-06-08,Completed
ORD-105334,P004,North,4.0,2026-06-05,pending
ORD-105335,P005,South,4.0,2026-01-23,COMPLETED
ORD-105336,P002,West,,2026-01-02,Completed
ORD-105337,P007,East,1.0,2026-04-26,pending
ORD-105338,P001,West,4.0,2026-03-31,Completed
ORD-105339,P002,North,5.0,2026-06-25,pending
ORD-105340,P007,East,1.0,2026-06-14,Completed
ORD-105341,P006,West,3.0,2026-02-27,completed
ORD-105342,P001,West,5.0,2026-03-13,cancelled
ORD-105343,P008,East,4.0,2026-06-03,pending
ORD-105344,P009,East,5.0,2026-06-01,completed
ORD-105345,P008,South,1.0,2026-01-04,completed
ORD-105346,P001,West,,2026-04-27,completed
ORD-105347,P008,South,3.0,2026-05-05,pending
ORD-105348,P005,South,1.0,2026-06-02,cancelled
ORD-105349,P009,North,1.0,2026-01-27,cancelled
ORD-105350,P002,West,1.0,2026-05-27,COMPLETED
ORD-105351,P010,South,3.0,2026-01-07,COMPLETED
ORD-105352,P005,East,5.0,2026-01-23,cancelled
ORD-105353,P008,South,5.0,2026-03-13,COMPLETED
ORD-105354,P010,East,2.0,2026-04-15,Completed
ORD-105355,P010,West,1.0,2026-01-28,Completed
ORD-105356,P004,South,1.0,2026-04-03,COMPLETED
ORD-105357,P010,South,4.0,2026-06-27,COMPLETED
ORD-105358,P004,North,5.0,2026-04-09,cancelled
ORD-105359,P008,North,2.0,2026-03-02,pending
ORD-105360,P005,South,4.0,2026-04-20,Completed
ORD-105361,P004,East,4.0,2026-05-24,COMPLETED
ORD-105362,P004,South,4.0,2026-06-09,pending
ORD-105363,P008,North,1.0,2026-06-19,Completed
ORD-105364,P005,South,4.0,2026-05-28,pending
ORD-105365,P007,North,3.0,2026-04-23,COMPLETED
ORD-105366,P009,North,2.0,2026-06-14,COMPLETED
ORD-105367,P008,South,1.0,2026-06-05,cancelled
ORD-105368,P003,North,5.0,2026-03-28,pending
ORD-105369,P010,East,4.0,2026-02-18,COMPLETED
ORD-105370,P007,West,,2026-02-23,COMPLETED
ORD-105371,P006,West,,2026-04-03,Completed
ORD-105372,P010,East,4.0,2026-03-02,completed
ORD-105373,P009,West,5.0,2026-04-12,Completed
ORD-105374,P006,South,1.0,2026-03-24,COMPLETED
ORD-105375,P001,South,1.0,2026-06-09,completed
ORD-105376,P001,North,1.0,2026-06-20,completed
ORD-105377,P002,West,1.0,2026-03-25,pending
ORD-105378,P008,East,5.0,2026-02-19,pending
ORD-105379,P002,North,1.0,2026-02-05,completed
ORD-105380,P009,South,2.0,2026-05-12,pending
ORD-105381,P005,West,5.0,2026-06-20,completed
ORD-105382,P009,West,2.0,2026-04-14,completed
ORD-105383,P001,East,4.0,2026-03-09,cancelled
ORD-105384,P004,West,3.0,2026-06-10,COMPLETED
ORD-105385,P007,South,1.0,2026-01-18,pending
ORD-105386,P009,South,,2026-02-04,Completed
ORD-105387,P002,West,1.0,2026-05-15,cancelled
ORD-105388,P007,South,2.0,2026-01-17,Completed
ORD-105389,P007,North,4.0,2026-03-09,pending
ORD-105390,P004,South,5.0,2026-04-19,pending
ORD-105391,P002,West,1.0,2026-04-16,Completed
ORD-105392,P003,North,2.0,2026-02-27,Completed
ORD-105393,P006,South,4.0,2026-02-05,cancelled
ORD-105394,P002,West,2.0,2026-02-14,cancelled
ORD-105395,P010,East,2.0,2026-03-08,Completed
ORD-105396,P006,West,3.0,2026-02-17,COMPLETED
ORD-105397,P009,South,4.0,2026-03-13,pending
ORD-105398,P007,North,1.0,2026-05-10,completed
ORD-105399,P005,South,3.0,2026-02-26,completed
ORD-105400,P010,North,4.0,2026-05-14,cancelled
ORD-105401,P002,East,5.0,2026-03-27,completed
ORD-105402,P007,South,5.0,2026-06-28,cancelled
ORD-105403,P010,South,5.0,2026-01-14,completed
ORD-105404,P003,East,2.0,2026-01-05,cancelled
ORD-105405,P003,West,4.0,2026-01-30,cancelled
ORD-105406,P001,South,5.0,2026-02-25,COMPLETED
ORD-105407,P002,North,3.0,2026-05-18,COMPLETED
ORD-105408,P010,West,2.0,2026-05-31,cancelled
ORD-105409,P010,East,5.0,2026-02-20,COMPLETED
ORD-105410,P006,South,4.0,2026-01-18,COMPLETED
ORD-105411,P002,North,2.0,2026-01-19,cancelled
ORD-105412,P008,South,4.0,2026-01-04,Completed
ORD-105413,P006,West,1.0,2026-04-11,completed
ORD-105414,P003,East,2.0,2026-04-04,Completed
ORD-105415,P004,North,3.0,2026-01-08,cancelled
ORD-105416,P004,South,2.0,2026-01-09,COMPLETED
ORD-105417,P009,West,2.0,2026-02-05,completed
ORD-105418,P001,South,4.0,2026-05-01,Completed
ORD-105419,P007,East,2.0,2026-04-01,Completed
ORD-105420,P001,South,,2026-05-01,pending
ORD-105421,P008,East,4.0,2026-01-06,COMPLETED
ORD-105422,P002,South,4.0,2026-04-22,Completed
ORD-105423,P007,North,3.0,2026-03-25,COMPLETED
ORD-105424,P006,North,,2026-01-24,COMPLETED
ORD-105425,P002,North,5.0,2026-01-09,COMPLETED
ORD-105426,P003,West,2.0,2026-02-02,completed
ORD-105427,P001,West,,2026-02-23,cancelled
ORD-105428,P003,South,2.0,2026-02-03,pending
ORD-105429,P004,South,2.0,2026-01-01,COMPLETED
ORD-105430,P004,East,5.0,2026-04-27,completed
ORD-105431,P007,South,5.0,2026-05-27,completed
ORD-105432,P010,West,2.0,2026-01-29,completed
ORD-105433,P007,West,4.0,2026-04-20,COMPLETED
ORD-105434,P001,South,3.0,2026-03-05,COMPLETED
ORD-105435,P005,North,4.0,2026-03-06,completed
ORD-105436,P007,East,1.0,2026-04-11,completed
ORD-105437,P009,East,3.0,2026-03-15,pending
ORD-105438,P001,East,1.0,2026-01-26,cancelled
ORD-105439,P007,South,4.0,2026-03-18,Completed
ORD-105440,P009,South,1.0,2026-01-01,COMPLETED
ORD-105441,P001,North,4.0,2026-03-23,pending
ORD-105442,P010,West,2.0,2026-06-30,completed
ORD-105443,P006,East,2.0,2026-02-11,Completed
ORD-105444,P003,North,5.0,2026-06-19,Completed
ORD-105445,P008,West,2.0,2026-06-15,COMPLETED
ORD-105446,P005,East,4.0,2026-01-15,Completed
ORD-105447,P006,South,1.0,2026-06-23,completed
ORD-105448,P002,East,3.0,2026-01-30,COMPLETED
ORD-105449,P009,West,4.0,2026-06-25,cancelled
ORD-105450,P009,South,2.0,2026-05-22,completed
ORD-105451,P008,North,1.0,2026-03-12,COMPLETED
ORD-105452,P006,North,5.0,2026-05-17,cancelled
ORD-105453,P002,West,3.0,2026-05-20,Completed
ORD-105454,P003,South,3.0,2026-06-05,COMPLETED
ORD-105455,P006,South,3.0,2026-06-02,pending
ORD-105456,P007,East,5.0,2026-04-24,pending
ORD-105457,P002,South,5.0,2026-01-28,pending
ORD-105458,P004,East,4.0,2026-01-05,cancelled
ORD-105459,P003,East,1.0,2026-04-24,completed
ORD-105460,P007,East,5.0,2026-01-01,cancelled
ORD-105461,P001,East,2.0,2026-01-28,Completed
ORD-105462,P002,South,5.0,2026-02-22,pending
ORD-105463,P007,North,2.0,2026-01-16,COMPLETED
ORD-105464,P008,North,5.0,2026-04-21,pending
ORD-105465,P009,South,,2026-05-31,cancelled
ORD-105466,P005,North,2.0,2026-04-10,pending
ORD-105467,P010,West,5.0,2026-06-13,Completed
ORD-105468,P008,East,1.0,2026-01-27,Completed
ORD-105469,P004,West,5.0,2026-05-14,COMPLETED
ORD-105470,P003,East,5.0,2026-05-12,pending
ORD-105471,P009,North,3.0,2026-04-12,Completed
ORD-105472,P010,West,1.0,2026-04-30,pending
ORD-105473,P001,North,4.0,2026-06-15,pending
ORD-105474,P005,East,3.0,2026-06-07,cancelled
ORD-105475,P005,East,1.0,2026-03-21,cancelled
ORD-105476,P007,South,2.0,2026-05-29,cancelled
ORD-105477,P006,South,4.0,2026-03-14,COMPLETED
ORD-105478,P010,West,3.0,2026-01-28,Completed
ORD-105479,P006,South,5.0,2026-05-29,COMPLETED
ORD-105480,P010,West,5.0,2026-01-14,cancelled
ORD-105481,P006,East,2.0,2026-05-10,cancelled
ORD-105482,P006,North,5.0,2026-04-17,COMPLETED
ORD-105483,P004,North,2.0,2026-03-20,completed
ORD-105484,P008,North,4.0,2026-06-16,cancelled
ORD-105485,P007,South,1.0,2026-01-25,completed
ORD-105486,P008,South,2.0,2026-05-11,Completed
ORD-105487,P004,East,2.0,2026-02-20,Completed
ORD-105488,P007,East,5.0,2026-05-29,COMPLETED
ORD-105489,P001,South,2.0,2026-02-17,cancelled
ORD-105490,P006,South,3.0,2026-02-20,COMPLETED
ORD-105491,P002,West,5.0,2026-03-14,completed
ORD-105492,P004,South,4.0,2026-02-05,cancelled
ORD-105493,P002,West,3.0,2026-03-16,completed
ORD-105494,P010,East,3.0,2026-03-04,cancelled
ORD-105495,P001,North,1.0,2026-02-08,cancelled
ORD-105496,P005,South,3.0,2026-01-19,COMPLETED
ORD-105497,P006,East,4.0,2026-05-25,completed
ORD-105498,P003,South,5.0,2026-01-28,completed
ORD-105499,P003,North,3.0,2026-05-03,completed
ORD-105500,P008,North,2.0,2026-04-14,Completed
ORD-105501,P009,South,1.0,2026-06-16,COMPLETED
ORD-105502,P007,East,3.0,2026-03-17,Completed
ORD-105503,P001,East,3.0,2026-03-07,pending
ORD-105504,P006,South,2.0,2026-01-14,COMPLETED
ORD-105505,P007,West,5.0,2026-01-02,pending
ORD-105506,P005,South,4.0,2026-02-25,cancelled
ORD-105507,P004,North,4.0,2026-05-28,completed
ORD-105508,P001,South,2.0,2026-05-14,cancelled
ORD-105509,P010,South,4.0,2026-04-07,pending
ORD-105510,P001,South,5.0,2026-02-17,cancelled
ORD-105511,P006,North,4.0,2026-03-28,pending
ORD-105512,P001,West,,2026-04-21,completed
ORD-105513,P006,North,1.0,2026-06-23,Completed
ORD-105514,P010,East,1.0,2026-02-23,cancelled
ORD-105515,P007,West,1.0,2026-06-03,cancelled
ORD-105516,P003,South,2.0,2026-01-19,pending
ORD-105517,P002,South,4.0,2026-06-02,pending
ORD-105518,P003,North,2.0,2026-01-29,completed
ORD-105519,P008,South,4.0,2026-01-22,completed
ORD-105520,P001,South,5.0,2026-05-24,Completed
ORD-105521,P008,East,1.0,2026-04-24,COMPLETED
ORD-105522,P005,East,5.0,2026-06-08,pending
ORD-105523,P008,South,2.0,2026-02-12,Completed
ORD-105524,P003,North,2.0,2026-06-27,cancelled
ORD-105525,P010,North,3.0,2026-05-22,cancelled
ORD-105526,P007,East,3.0,2026-04-04,cancelled
ORD-105527,P007,West,1.0,2026-01-04,cancelled
ORD-105528,P005,South,3.0,2026-04-23,COMPLETED
ORD-105529,P003,West,5.0,2026-04-03,cancelled
ORD-105530,P005,West,5.0,2026-05-01,COMPLETED
ORD-105531,P001,North,5.0,2026-04-24,COMPLETED
ORD-105532,P007,West,1.0,2026-03-23,cancelled
ORD-105533,P002,West,2.0,2026-02-06,pending
ORD-105534,P005,West,5.0,2026-02-09,Completed
ORD-105535,P009,West,1.0,2026-02-07,cancelled
ORD-105536,P005,West,,2026-01-31,COMPLETED
ORD-105537,P004,North,4.0,2026-05-07,completed
ORD-105538,P006,West,1.0,2026-04-10,Completed
ORD-105539,P002,West,4.0,2026-06-26,pending
ORD-105540,P006,North,5.0,2026-06-12,pending
ORD-105541,P004,South,3.0,2026-02-01,Completed
ORD-105542,P009,East,3.0,2026-06-25,COMPLETED
ORD-105543,P002,North,5.0,2026-04-13,completed
ORD-105544,P010,East,5.0,2026-05-23,cancelled
ORD-105545,P001,North,5.0,2026-06-29,cancelled
ORD-105546,P008,East,4.0,2026-01-27,cancelled
ORD-105547,P002,West,1.0,2026-01-15,COMPLETED
ORD-105548,P004,West,5.0,2026-02-27,COMPLETED
ORD-105549,P008,West,2.0,2026-06-02,COMPLETED
ORD-105550,P007,North,1.0,2026-01-22,completed
ORD-105551,P001,North,4.0,2026-05-27,completed
ORD-105552,P002,East,,2026-05-08,Completed
ORD-105553,P001,North,3.0,2026-04-06,pending
ORD-105554,P008,South,5.0,2026-02-11,Completed
ORD-105555,P001,North,2.0,2026-01-21,pending
ORD-105556,P008,West,4.0,2026-04-04,COMPLETED
ORD-105557,P004,West,4.0,2026-06-03,COMPLETED
ORD-105558,P005,East,5.0,2026-02-12,COMPLETED
ORD-105559,P003,East,3.0,2026-01-15,completed
ORD-105560,P006,West,3.0,2026-02-24,completed
ORD-105561,P004,West,5.0,2026-03-03,Completed
ORD-105562,P008,West,5.0,2026-04-19,cancelled
ORD-105563,P007,North,4.0,2026-05-17,completed
ORD-105564,P009,East,1.0,2026-03-23,cancelled
ORD-105565,P005,North,5.0,2026-06-03,COMPLETED
ORD-105566,P010,North,5.0,2026-04-11,pending
ORD-105567,P001,North,3.0,2026-05-12,pending
ORD-105568,P007,East,3.0,2026-02-13,cancelled
ORD-105569,P005,East,,2026-03-09,pending
ORD-105570,P010,West,3.0,2026-05-23,COMPLETED
ORD-105571,P004,South,5.0,2026-03-23,completed
ORD-105572,P002,North,1.0,2026-01-30,pending
ORD-105573,P006,North,3.0,2026-06-27,cancelled
ORD-105574,P007,East,2.0,2026-05-11,completed
ORD-105575,P004,West,2.0,2026-04-02,completed
ORD-105576,P008,South,5.0,2026-06-27,completed
ORD-105577,P001,South,4.0,2026-02-09,COMPLETED
ORD-105578,P003,West,2.0,2026-03-30,completed
ORD-105579,P006,East,2.0,2026-03-26,pending
ORD-105580,P009,North,2.0,2026-05-04,completed
ORD-105581,P005,East,5.0,2026-05-01,COMPLETED
ORD-105582,P008,West,,2026-03-20,Completed
ORD-105583,P010,West,4.0,2026-03-05,pending
ORD-105584,P005,West,2.0,2026-06-24,completed
ORD-105585,P005,North,4.0,2026-04-21,COMPLETED
ORD-105586,P009,East,2.0,2026-01-13,pending
ORD-105587,P003,West,4.0,2026-04-19,pending
ORD-105588,P009,West,5.0,2026-05-13,pending
ORD-105589,P008,East,3.0,2026-05-01,pending
ORD-105590,P005,East,2.0,2026-04-26,COMPLETED
ORD-105591,P001,South,5.0,2026-01-30,Completed
ORD-105592,P007,East,4.0,2026-01-01,Completed
ORD-105593,P008,North,5.0,2026-03-27,Completed
ORD-105594,P005,South,1.0,2026-04-07,completed
ORD-105595,P003,East,4.0,2026-03-13,pending
ORD-105596,P004,East,1.0,2026-04-19,COMPLETED
ORD-105597,P007,West,2.0,2026-05-22,Completed
ORD-105598,P001,North,3.0,2026-04-30,pending
ORD-105599,P005,North,2.0,2026-05-13,completed
ORD-105600,P007,South,4.0,2026-01-09,COMPLETED
ORD-105601,P004,North,4.0,2026-03-05,Completed
ORD-105602,P008,West,2.0,2026-01-18,COMPLETED
ORD-105603,P005,East,1.0,2026-04-27,completed
ORD-105604,P003,North,1.0,2026-06-10,cancelled
ORD-105605,P009,West,1.0,2026-02-17,cancelled
ORD-105606,P007,East,3.0,2026-01-20,COMPLETED
ORD-105607,P010,East,4.0,2026-05-11,Completed
ORD-105608,P006,East,3.0,2026-04-21,completed
ORD-105609,P009,South,5.0,2026-01-08,pending
ORD-105610,P003,South,2.0,2026-03-28,pending
ORD-105611,P009,West,3.0,2026-04-08,pending
ORD-105612,P005,East,5.0,2026-04-10,Completed
ORD-105613,P009,West,3.0,2026-03-15,Completed
ORD-105614,P001,North,2.0,2026-03-04,pending
ORD-105615,P009,West,2.0,2026-05-23,Completed
ORD-105616,P003,South,4.0,2026-01-05,pending
ORD-105617,P007,South,4.0,2026-03-17,pending
ORD-105618,P007,West,3.0,2026-02-04,Completed
ORD-105619,P008,West,1.0,2026-02-06,Completed
ORD-105620,P003,West,2.0,2026-01-02,COMPLETED
ORD-105621,P008,North,5.0,2026-01-21,Completed
ORD-105622,P004,East,3.0,2026-03-10,cancelled
ORD-105623,P004,West,2.0,2026-03-29,cancelled
ORD-105624,P008,North,3.0,2026-06-14,Completed
ORD-105625,P006,East,4.0,2026-05-16,Completed
ORD-105626,P001,West,2.0,2026-02-02,Completed
ORD-105627,P009,West,1.0,2026-03-30,COMPLETED
ORD-105628,P003,North,2.0,2026-03-07,COMPLETED
ORD-105629,P006,East,5.0,2026-03-28,pending
ORD-105630,P004,West,4.0,2026-05-29,completed
ORD-105631,P005,North,5.0,2026-01-27,pending
ORD-105632,P002,West,3.0,2026-04-03,cancelled
ORD-105633,P008,West,3.0,2026-03-01,cancelled
ORD-105634,P010,East,3.0,2026-01-03,pending
ORD-105635,P005,West,2.0,2026-06-21,Completed
ORD-105636,P003,North,2.0,2026-02-15,COMPLETED
ORD-105637,P009,East,4.0,2026-06-04,cancelled
ORD-105638,P001,West,2.0,2026-01-03,pending
ORD-105639,P005,East,4.0,2026-03-22,COMPLETED
ORD-105640,P001,West,,2026-05-05,pending
ORD-105641,P010,South,2.0,2026-03-24,completed
ORD-105642,P004,North,2.0,2026-03-04,pending
ORD-105643,P008,West,2.0,2026-01-24,Completed
ORD-105644,P006,North,5.0,2026-04-19,completed
ORD-105645,P001,North,3.0,2026-05-19,Completed
ORD-105646,P004,East,2.0,2026-04-28,COMPLETED
ORD-105647,P007,North,4.0,2026-04-28,cancelled
ORD-105648,P003,West,3.0,2026-05-11,cancelled
ORD-105649,P006,West,3.0,2026-06-05,cancelled
ORD-105650,P010,East,4.0,2026-06-20,COMPLETED
ORD-105651,P010,East,1.0,2026-03-29,COMPLETED
ORD-105652,P006,South,4.0,2026-06-16,Completed
ORD-105653,P010,North,3.0,2026-06-11,pending
ORD-105654,P006,North,5.0,2026-03-15,COMPLETED
ORD-105655,P003,East,3.0,2026-06-26,Completed
ORD-105656,P001,South,1.0,2026-04-27,cancelled
ORD-105657,P006,North,2.0,2026-01-25,completed
ORD-105658,P005,West,3.0,2026-04-06,COMPLETED
ORD-105659,P003,South,2.0,2026-01-16,cancelled
ORD-105660,P007,East,1.0,2026-06-09,pending
ORD-105661,P009,East,2.0,2026-02-06,COMPLETED
ORD-105662,P004,North,3.0,2026-02-14,COMPLETED
ORD-105663,P001,South,4.0,2026-06-29,Completed
ORD-105664,P005,North,1.0,2026-06-14,Completed
ORD-105665,P002,North,2.0,2026-05-22,COMPLETED
ORD-105666,P008,East,1.0,2026-05-27,completed
ORD-105667,P005,East,2.0,2026-05-03,Completed
ORD-105668,P006,West,,2026-03-19,pending
ORD-105669,P010,North,3.0,2026-01-23,Completed
ORD-105670,P005,East,2.0,2026-05-09,Completed
ORD-105671,P010,West,4.0,2026-06-25,cancelled
ORD-105672,P009,North,2.0,2026-04-17,COMPLETED
ORD-105673,P003,North,2.0,2026-01-30,pending
ORD-105674,P002,South,2.0,2026-06-28,completed
ORD-105675,P002,East,2.0,2026-03-16,pending
ORD-105676,P009,North,5.0,2026-06-04,completed
ORD-105677,P010,West,3.0,2026-04-08,Completed
ORD-105678,P004,North,5.0,2026-01-30,completed
ORD-105679,P009,North,2.0,2026-02-09,COMPLETED
ORD-105680,P007,South,2.0,2026-05-24,Completed
ORD-105681,P007,West,3.0,2026-06-10,completed
ORD-105682,P008,North,2.0,2026-01-22,pending
ORD-105683,P010,North,4.0,2026-01-24,COMPLETED
ORD-105684,P001,North,2.0,2026-03-24,Completed
ORD-105685,P001,East,3.0,2026-03-05,pending
ORD-105686,P006,North,1.0,2026-04-21,COMPLETED
ORD-105687,P009,West,4.0,2026-05-02,cancelled
ORD-105688,P006,South,4.0,2026-06-30,Completed
ORD-105689,P004,West,2.0,2026-01-20,completed
ORD-105690,P007,South,5.0,2026-01-07,completed
ORD-105691,P002,North,4.0,2026-06-16,completed
ORD-105692,P004,West,2.0,2026-05-27,completed
ORD-105693,P007,West,,2026-04-13,COMPLETED
ORD-105694,P010,East,5.0,2026-06-05,cancelled
ORD-105695,P007,South,2.0,2026-06-25,Completed
ORD-105696,P004,West,4.0,2026-06-26,completed
ORD-105697,P006,North,5.0,2026-05-14,cancelled
ORD-105698,P002,North,2.0,2026-03-12,Completed
ORD-105699,P003,East,1.0,2026-02-25,cancelled
ORD-105700,P006,West,5.0,2026-05-17,pending
ORD-105701,P009,South,3.0,2026-02-19,pending
ORD-105702,P001,West,5.0,2026-05-28,COMPLETED
ORD-105703,P009,South,5.0,2026-06-27,COMPLETED
ORD-105704,P005,East,1.0,2026-04-02,Completed
ORD-105705,P010,West,2.0,2026-01-30,COMPLETED
ORD-105706,P009,South,5.0,2026-02-12,pending
ORD-105707,P004,West,5.0,2026-05-21,Completed
ORD-105708,P003,North,2.0,2026-03-03,cancelled
ORD-105709,P005,East,4.0,2026-04-23,cancelled
ORD-105710,P005,West,3.0,2026-05-13,completed
ORD-105711,P007,West,2.0,2026-03-01,completed
ORD-105712,P007,North,3.0,2026-02-28,Completed
ORD-105713,P010,West,1.0,2026-04-24,COMPLETED
ORD-105714,P006,East,,2026-05-12,completed
ORD-105715,P002,East,3.0,2026-03-10,cancelled
ORD-105716,P003,North,2.0,2026-05-20,cancelled
ORD-105717,P002,West,1.0,2026-01-19,completed
ORD-105718,P005,North,4.0,2026-04-09,completed
ORD-105719,P002,South,1.0,2026-05-13,COMPLETED
ORD-105720,P006,East,3.0,2026-03-28,COMPLETED
ORD-105721,P003,South,3.0,2026-04-12,Completed
ORD-105722,P008,North,1.0,2026-04-26,Completed
ORD-105723,P005,East,3.0,2026-06-23,COMPLETED
ORD-105724,P006,East,4.0,2026-05-26,completed
ORD-105725,P001,North,1.0,2026-03-01,pending
ORD-105726,P007,South,2.0,2026-06-14,Completed
ORD-105727,P009,West,2.0,2026-04-07,completed
ORD-105728,P008,West,2.0,2026-02-23,pending
ORD-105729,P006,North,3.0,2026-06-18,cancelled
ORD-105730,P001,South,5.0,2026-05-30,pending
ORD-105731,P002,East,1.0,2026-04-15,completed
ORD-105732,P004,East,1.0,2026-04-16,Completed
ORD-105733,P005,East,2.0,2026-05-16,cancelled
ORD-105734,P008,North,2.0,2026-01-09,cancelled
ORD-105735,P010,East,1.0,2026-03-26,COMPLETED
ORD-105736,P003,East,5.0,2026-06-02,cancelled
ORD-105737,P007,East,1.0,2026-05-28,cancelled
ORD-105738,P006,South,2.0,2026-04-22,pending
ORD-105739,P001,North,1.0,2026-01-04,cancelled
ORD-105740,P004,East,3.0,2026-03-11,COMPLETED
ORD-105741,P010,South,1.0,2026-02-17,cancelled
ORD-105742,P004,South,4.0,2026-05-22,COMPLETED
ORD-105743,P009,West,1.0,2026-06-05,completed
ORD-105744,P002,North,1.0,2026-04-24,Completed
ORD-105745,P010,East,1.0,2026-03-14,Completed
ORD-105746,P001,East,1.0,2026-03-11,COMPLETED
ORD-105747,P003,South,3.0,2026-06-10,Completed
ORD-105748,P009,South,5.0,2026-02-21,cancelled
ORD-105749,P006,West,5.0,2026-04-14,completed
ORD-105750,P004,South,3.0,2026-01-13,cancelled
ORD-105751,P005,West,4.0,2026-06-13,completed
ORD-105752,P002,South,1.0,2026-03-29,pending
ORD-105753,P008,East,1.0,2026-01-10,cancelled
ORD-105754,P010,North,1.0,2026-01-31,completed
ORD-105755,P005,East,1.0,2026-04-13,completed
ORD-105756,P010,South,5.0,2026-05-10,cancelled
ORD-105757,P006,South,3.0,2026-03-19,cancelled
ORD-105758,P004,East,2.0,2026-06-21,Completed
ORD-105759,P008,West,5.0,2026-06-21,cancelled
ORD-105760,P008,North,5.0,2026-01-02,completed
ORD-105761,P003,South,1.0,2026-03-29,Completed
ORD-105762,P002,North,2.0,2026-06-16,Completed
ORD-105763,P007,North,4.0,2026-05-04,cancelled
ORD-105764,P001,West,2.0,2026-02-07,pending
ORD-105765,P004,East,4.0,2026-05-27,COMPLETED
ORD-105766,P007,South,1.0,2026-06-21,completed
ORD-105767,P004,West,,2026-06-24,pending
ORD-105768,P001,North,4.0,2026-04-25,pending
ORD-105769,P001,West,4.0,2026-05-16,pending
ORD-105770,P004,North,1.0,2026-02-12,pending
ORD-105771,P009,East,5.0,2026-03-02,Completed
ORD-105772,P007,East,4.0,2026-05-06,Completed
ORD-105773,P010,East,4.0,2026-04-15,COMPLETED
ORD-105774,P005,West,2.0,2026-03-29,cancelled
ORD-105775,P008,East,1.0,2026-04-12,pending
ORD-105776,P009,North,5.0,2026-02-11,COMPLETED
ORD-105777,P008,East,,2026-05-03,completed
ORD-105778,P004,East,2.0,2026-03-20,completed
ORD-105779,P003,South,2.0,2026-04-22,completed
ORD-105780,P004,West,3.0,2026-02-02,COMPLETED
ORD-105781,P003,West,1.0,2026-04-06,pending
ORD-105782,P001,East,1.0,2026-04-29,cancelled
ORD-105783,P004,North,3.0,2026-03-27,Completed
ORD-105784,P003,West,4.0,2026-03-11,COMPLETED
ORD-105785,P002,East,2.0,2026-02-02,cancelled
ORD-105786,P010,North,3.0,2026-06-01,Completed
ORD-105787,P007,South,4.0,2026-04-15,cancelled
ORD-105788,P004,East,5.0,2026-02-25,COMPLETED
ORD-105789,P007,South,2.0,2026-02-10,cancelled
ORD-105790,P003,East,2.0,2026-02-17,completed
ORD-105791,P001,South,1.0,2026-03-01,completed
ORD-105792,P009,East,2.0,2026-06-27,COMPLETED
ORD-105793,P001,West,,2026-02-22,Completed
ORD-105794,P004,South,5.0,2026-03-01,pending
ORD-105795,P004,East,1.0,2026-05-17,Completed
ORD-105796,P006,West,1.0,2026-06-15,COMPLETED
ORD-105797,P008,West,5.0,2026-02-26,COMPLETED
ORD-105798,P002,West,4.0,2026-05-03,pending
ORD-105799,P001,West,3.0,2026-06-17,COMPLETED
ORD-105800,P005,South,4.0,2026-06-26,pending
ORD-105801,P004,South,1.0,2026-04-29,COMPLETED
ORD-105802,P004,West,5.0,2026-02-07,cancelled
ORD-105803,P009,East,3.0,2026-05-16,Completed
ORD-105804,P009,South,5.0,2026-05-23,completed
ORD-105805,P004,West,5.0,2026-06-04,cancelled
ORD-105806,P009,South,3.0,2026-02-25,completed
ORD-105807,P004,North,3.0,2026-02-12,pending
ORD-105808,P007,East,1.0,2026-03-30,Completed
ORD-105809,P006,West,5.0,2026-01-03,cancelled
ORD-105810,P001,West,3.0,2026-04-14,cancelled
ORD-105811,P007,North,5.0,2026-05-01,pending
ORD-105812,P009,South,5.0,2026-04-20,COMPLETED
ORD-105813,P010,North,3.0,2026-01-23,Completed
ORD-105814,P005,West,2.0,2026-02-07,completed
ORD-105815,P006,West,4.0,2026-04-01,COMPLETED
ORD-105816,P004,West,5.0,2026-05-27,COMPLETED
ORD-105817,P010,East,,2026-03-28,pending
ORD-105818,P010,East,3.0,2026-03-31,cancelled
ORD-105819,P006,East,4.0,2026-04-22,completed
ORD-105820,P009,South,2.0,2026-05-06,completed
ORD-105821,P001,South,4.0,2026-06-19,Completed
ORD-105822,P007,West,2.0,2026-06-21,COMPLETED
ORD-105823,P007,West,2.0,2026-06-18,Completed
ORD-105824,P004,West,2.0,2026-03-14,pending
ORD-105825,P002,West,,2026-04-20,completed
ORD-105826,P010,North,3.0,2026-02-01,pending
ORD-105827,P009,West,1.0,2026-04-21,cancelled
ORD-105828,P004,West,4.0,2026-02-09,pending
ORD-105829,P010,South,5.0,2026-06-10,COMPLETED
ORD-105830,P010,East,4.0,2026-04-03,completed
ORD-105831,P010,North,4.0,2026-06-21,completed
ORD-105832,P007,East,5.0,2026-03-16,completed
ORD-105833,P001,East,2.0,2026-03-15,COMPLETED
ORD-105834,P007,East,4.0,2026-04-22,Completed
ORD-105835,P004,West,1.0,2026-05-19,COMPLETED
ORD-105836,P003,North,4.0,2026-05-09,cancelled
ORD-105837,P006,South,3.0,2026-01-23,cancelled
ORD-105838,P008,South,3.0,2026-01-24,Completed
ORD-105839,P005,North,4.0,2026-04-01,pending
ORD-105840,P006,South,4.0,2026-06-08,Completed
ORD-105841,P006,South,5.0,2026-01-15,pending
ORD-105842,P010,West,5.0,2026-06-22,Completed
ORD-105843,P005,East,2.0,2026-02-26,COMPLETED
ORD-105844,P005,West,2.0,2026-05-16,completed
ORD-105845,P003,East,2.0,2026-01-27,pending
ORD-105846,P008,North,1.0,2026-01-17,Completed
ORD-105847,P006,West,4.0,2026-03-21,cancelled
ORD-105848,P001,North,4.0,2026-03-18,COMPLETED
ORD-105849,P008,West,5.0,2026-03-12,completed
ORD-105850,P002,North,1.0,2026-04-20,COMPLETED
ORD-105851,P001,West,3.0,2026-03-02,pending
ORD-105852,P007,North,1.0,2026-05-09,completed
ORD-105853,P005,East,2.0,2026-02-01,Completed
ORD-105854,P004,South,4.0,2026-04-06,cancelled
ORD-105855,P001,South,3.0,2026-01-26,completed
ORD-105856,P001,East,4.0,2026-02-12,Completed
ORD-105857,P009,North,1.0,2026-01-03,completed
ORD-105858,P003,East,1.0,2026-03-17,pending
ORD-105859,P002,North,1.0,2026-04-06,pending
ORD-105860,P005,North,4.0,2026-06-05,COMPLETED
ORD-105861,P001,East,1.0,2026-04-02,pending
ORD-105862,P004,West,1.0,2026-05-28,pending
ORD-105863,P007,West,1.0,2026-06-19,pending
ORD-105864,P001,East,2.0,2026-06-14,pending
ORD-105865,P004,East,,2026-02-11,completed
ORD-105866,P010,North,5.0,2026-04-19,Completed
ORD-105867,P004,North,3.0,2026-02-05,pending
ORD-105868,P006,South,3.0,2026-02-11,completed
ORD-105869,P001,West,1.0,2026-02-24,cancelled
ORD-105870,P008,East,4.0,2026-04-03,COMPLETED
ORD-105871,P009,West,1.0,2026-01-02,Completed
ORD-105872,P007,North,1.0,2026-02-03,cancelled
ORD-105873,P010,North,4.0,2026-04-05,completed
ORD-105874,P003,North,1.0,2026-01-29,completed
ORD-105875,P009,North,2.0,2026-01-21,Completed
ORD-105876,P010,South,2.0,2026-06-05,COMPLETED
ORD-105877,P006,West,2.0,2026-05-30,completed
ORD-105878,P007,South,3.0,2026-02-08,COMPLETED
ORD-105879,P010,North,5.0,2026-04-21,cancelled
ORD-105880,P002,West,1.0,2026-05-27,COMPLETED
ORD-105881,P006,East,1.0,2026-01-08,Completed
ORD-105882,P001,West,,2026-02-25,completed
ORD-105883,P007,North,5.0,2026-03-12,completed
ORD-105884,P005,West,5.0,2026-03-07,completed
ORD-105885,P010,North,5.0,2026-05-08,Completed
ORD-105886,P005,East,5.0,2026-04-19,COMPLETED
ORD-105887,P001,North,3.0,2026-04-14,pending
ORD-105888,P001,South,4.0,2026-04-16,COMPLETED
ORD-105889,P006,West,2.0,2026-04-12,pending
ORD-105890,P009,North,2.0,2026-03-31,pending
ORD-105891,P005,East,5.0,2026-01-21,completed
ORD-105892,P005,East,4.0,2026-06-08,cancelled
ORD-105893,P003,South,5.0,2026-03-22,COMPLETED
ORD-105894,P008,West,5.0,2026-04-14,COMPLETED
ORD-105895,P004,North,3.0,2026-01-12,cancelled
ORD-105896,P003,West,3.0,2026-05-15,cancelled
ORD-105897,P009,North,4.0,2026-03-23,Completed
ORD-105898,P010,West,4.0,2026-04-25,cancelled
ORD-105899,P003,West,2.0,2026-05-19,COMPLETED
ORD-105900,P010,South,4.0,2026-05-14,pending
ORD-105901,P010,West,1.0,2026-06-11,completed
ORD-105902,P007,West,4.0,2026-04-05,cancelled
ORD-105903,P005,South,3.0,2026-01-12,cancelled
ORD-105904,P003,North,2.0,2026-02-22,COMPLETED
ORD-105905,P003,South,3.0,2026-03-12,Completed
ORD-105906,P006,North,,2026-04-10,COMPLETED
ORD-105907,P009,East,1.0,2026-06-08,cancelled
ORD-105908,P003,East,1.0,2026-01-28,COMPLETED
ORD-105909,P003,East,2.0,2026-01-03,COMPLETED
ORD-105910,P004,South,5.0,2026-01-23,COMPLETED
ORD-105911,P006,North,5.0,2026-04-16,Completed
ORD-105912,P005,South,2.0,2026-06-19,completed
ORD-105913,P001,North,5.0,2026-06-04,COMPLETED
ORD-105914,P005,North,3.0,2026-02-27,completed
ORD-105915,P005,West,3.0,2026-01-08,Completed
ORD-105916,P008,South,3.0,2026-05-04,completed
ORD-105917,P003,North,5.0,2026-01-25,Completed
ORD-105918,P004,South,5.0,2026-01-24,pending
ORD-105919,P002,North,1.0,2026-05-09,pending
ORD-105920,P007,East,4.0,2026-02-08,COMPLETED
ORD-105921,P008,West,3.0,2026-05-13,COMPLETED
ORD-105922,P009,West,3.0,2026-05-02,Completed
ORD-105923,P007,East,5.0,2026-02-24,Completed
ORD-105924,P004,South,3.0,2026-05-07,Completed
ORD-105925,P003,East,1.0,2026-06-13,completed
ORD-105926,P008,South,3.0,2026-05-15,completed
ORD-105927,P004,East,5.0,2026-03-06,pending
ORD-105928,P003,West,3.0,2026-05-11,cancelled
ORD-105929,P007,West,4.0,2026-05-02,completed
ORD-105930,P009,West,5.0,2026-02-02,cancelled
ORD-105931,P002,South,4.0,2026-06-20,COMPLETED
ORD-105932,P004,South,4.0,2026-01-19,pending
ORD-105933,P006,South,2.0,2026-06-04,cancelled
ORD-105934,P003,North,3.0,2026-01-25,completed
ORD-105935,P005,South,,2026-03-09,completed
ORD-105936,P001,North,3.0,2026-04-10,COMPLETED
ORD-105937,P003,West,3.0,2026-06-01,cancelled
ORD-105938,P005,South,5.0,2026-03-11,pending
ORD-105939,P008,North,3.0,2026-01-25,Completed
ORD-105940,P004,East,4.0,2026-03-04,Completed
ORD-105941,P010,West,,2026-04-21,completed
ORD-105942,P001,East,3.0,2026-02-22,pending
ORD-105943,P010,East,5.0,2026-05-08,COMPLETED
ORD-105944,P009,North,5.0,2026-04-16,pending
ORD-105945,P002,West,2.0,2026-05-02,completed
ORD-105946,P006,South,3.0,2026-05-27,Completed
ORD-105947,P008,South,4.0,2026-04-22,COMPLETED
ORD-105948,P010,South,2.0,2026-01-12,Completed
ORD-105949,P003,East,1.0,2026-02-28,cancelled
ORD-105950,P001,West,1.0,2026-03-16,COMPLETED
ORD-105951,P009,West,3.0,2026-02-25,cancelled
ORD-105952,P008,East,,2026-05-08,completed
ORD-105953,P004,West,3.0,2026-04-14,cancelled
ORD-105954,P001,West,2.0,2026-01-01,Completed
ORD-105955,P009,North,2.0,2026-02-09,pending
ORD-105956,P003,South,5.0,2026-01-31,cancelled
ORD-105957,P009,West,3.0,2026-02-12,cancelled
ORD-105958,P003,East,2.0,2026-04-20,pending
ORD-105959,P004,North,3.0,2026-02-20,pending
ORD-105960,P007,South,1.0,2026-05-26,cancelled
ORD-105961,P007,West,3.0,2026-06-18,pending
ORD-105962,P006,North,3.0,2026-03-01,COMPLETED
ORD-105963,P004,East,5.0,2026-03-29,completed
ORD-105964,P002,East,4.0,2026-05-14,COMPLETED
ORD-105965,P002,East,1.0,2026-02-09,cancelled
ORD-105966,P004,North,1.0,2026-04-30,COMPLETED
ORD-105967,P009,West,5.0,2026-02-27,completed
ORD-105968,P002,West,5.0,2026-06-26,COMPLETED
ORD-105969,P006,East,3.0,2026-05-22,Completed
ORD-105970,P002,South,2.0,2026-06-09,completed
ORD-105971,P004,South,4.0,2026-04-15,COMPLETED
ORD-105972,P010,South,4.0,2026-05-08,cancelled
ORD-105973,P009,West,5.0,2026-05-07,Completed
ORD-105974,P006,West,3.0,2026-05-24,completed
ORD-105975,P008,North,2.0,2026-03-07,pending
ORD-105976,P001,East,4.0,2026-05-21,Completed
ORD-105977,P004,North,4.0,2026-02-21,cancelled
ORD-105978,P002,North,1.0,2026-04-04,completed
ORD-105979,P004,North,5.0,2026-06-06,completed
ORD-105980,P005,South,4.0,2026-03-14,COMPLETED
ORD-105981,P008,South,3.0,2026-06-08,pending
ORD-105982,P010,North,,2026-01-04,pending
ORD-105983,P007,West,3.0,2026-01-25,cancelled
ORD-105984,P010,East,5.0,2026-01-05,pending
ORD-105985,P002,West,1.0,2026-03-29,cancelled
ORD-105986,P008,West,2.0,2026-06-06,cancelled
ORD-105987,P008,North,4.0,2026-02-16,completed
ORD-105988,P001,South,4.0,2026-02-16,COMPLETED
ORD-105989,P004,South,5.0,2026-06-22,cancelled
ORD-105990,P010,West,3.0,2026-05-25,COMPLETED
ORD-105991,P010,North,3.0,2026-05-01,COMPLETED
ORD-105992,P008,South,4.0,2026-06-08,cancelled
ORD-105993,P001,North,3.0,2026-01-31,pending
ORD-105994,P002,West,2.0,2026-04-30,cancelled
ORD-105995,P001,West,4.0,2026-05-31,pending
ORD-105996,P009,West,1.0,2026-06-26,pending
ORD-105997,P006,West,3.0,2026-06-22,pending
ORD-105998,P007,East,2.0,2026-05-03,cancelled
ORD-105999,P005,West,4.0,2026-03-11,Completed
ORD-106000,P003,West,4.0,2026-05-06,COMPLETED
ORD-106001,P010,East,5.0,2026-04-11,cancelled
ORD-106002,P007,East,3.0,2026-04-09,cancelled
ORD-106003,P002,East,2.0,2026-03-31,COMPLETED
ORD-106004,P008,East,2.0,2026-03-06,COMPLETED
ORD-106005,P001,South,2.0,2026-04-04,pending
ORD-106006,P001,East,5.0,2026-05-24,pending
ORD-106007,P007,South,3.0,2026-03-22,COMPLETED
ORD-106008,P001,West,3.0,2026-03-02,COMPLETED
ORD-106009,P009,West,3.0,2026-01-09,Completed
ORD-106010,P009,South,3.0,2026-02-25,cancelled
ORD-106011,P010,South,1.0,2026-02-18,Completed
ORD-106012,P007,West,5.0,2026-06-03,completed
ORD-106013,P005,West,2.0,2026-01-08,completed
ORD-106014,P005,East,,2026-01-23,cancelled
ORD-106015,P004,East,3.0,2026-02-15,completed
ORD-106016,P001,West,2.0,2026-02-06,pending
ORD-106017,P008,West,3.0,2026-06-11,cancelled
ORD-106018,P008,West,4.0,2026-03-13,cancelled
ORD-106019,P001,South,2.0,2026-03-05,cancelled
ORD-106020,P004,West,3.0,2026-05-27,pending
ORD-106021,P003,East,1.0,2026-01-14,completed
ORD-106022,P002,South,4.0,2026-01-06,completed
ORD-106023,P008,North,5.0,2026-05-17,COMPLETED
ORD-106024,P002,East,3.0,2026-04-11,pending
ORD-106025,P008,West,2.0,2026-05-02,Completed
ORD-106026,P001,North,2.0,2026-04-20,COMPLETED
ORD-106027,P008,East,4.0,2026-06-17,pending
ORD-106028,P010,East,,2026-02-23,COMPLETED
ORD-106029,P003,North,4.0,2026-04-15,completed
ORD-106030,P007,West,4.0,2026-05-16,completed
ORD-106031,P008,North,5.0,2026-01-22,Completed
ORD-106032,P004,North,5.0,2026-04-13,completed
ORD-106033,P003,West,3.0,2026-02-18,pending
ORD-106034,P010,East,1.0,2026-05-14,Completed
ORD-106035,P004,West,4.0,2026-05-08,completed
ORD-106036,P006,North,1.0,2026-06-27,completed
ORD-106037,P007,East,1.0,2026-06-14,cancelled
ORD-106038,P005,West,4.0,2026-01-11,pending
ORD-106039,P004,East,3.0,2026-05-18,pending
ORD-106040,P004,South,3.0,2026-01-03,cancelled
ORD-106041,P004,East,1.0,2026-04-21,COMPLETED
ORD-106042,P005,South,5.0,2026-06-08,completed
ORD-106043,P010,South,4.0,2026-01-03,pending
ORD-106044,P009,West,3.0,2026-03-04,Completed
ORD-106045,P002,West,3.0,2026-04-20,pending
ORD-106046,P009,East,1.0,2026-03-10,pending
ORD-106047,P009,East,5.0,2026-06-18,Completed
ORD-106048,P001,South,1.0,2026-02-21,cancelled
ORD-106049,P006,North,3.0,2026-04-22,Completed
ORD-106050,P007,North,3.0,2026-06-08,Completed
ORD-106051,P004,North,5.0,2026-06-16,pending
ORD-106052,P010,West,1.0,2026-04-13,pending
ORD-106053,P003,East,4.0,2026-03-04,COMPLETED
ORD-106054,P005,South,,2026-01-01,pending
ORD-106055,P010,East,1.0,2026-01-31,Completed
ORD-106056,P008,South,,2026-02-23,Completed
ORD-106057,P010,South,3.0,2026-04-02,completed
ORD-106058,P001,South,5.0,2026-03-16,Completed
ORD-106059,P001,West,2.0,2026-06-27,completed
ORD-106060,P005,North,1.0,2026-05-16,pending
ORD-106061,P004,East,3.0,2026-01-15,cancelled
ORD-106062,P004,East,4.0,2026-05-13,pending
ORD-106063,P008,South,3.0,2026-02-22,COMPLETED
ORD-106064,P004,North,1.0,2026-05-15,pending
ORD-106065,P003,South,2.0,2026-05-05,pending
ORD-106066,P003,East,5.0,2026-04-22,COMPLETED
ORD-106067,P002,East,3.0,2026-05-10,COMPLETED
ORD-106068,P008,West,5.0,2026-06-25,completed
ORD-106069,P006,North,5.0,2026-03-28,completed
ORD-106070,P010,East,3.0,2026-04-19,pending
ORD-106071,P008,North,3.0,2026-04-10,completed
ORD-106072,P005,East,1.0,2026-05-12,COMPLETED
ORD-106073,P001,South,3.0,2026-05-11,cancelled
ORD-106074,P005,South,1.0,2026-01-11,cancelled
ORD-106075,P007,East,3.0,2026-06-02,pending
ORD-106076,P004,East,1.0,2026-04-05,completed
ORD-106077,P009,South,3.0,2026-02-04,COMPLETED
ORD-106078,P008,West,3.0,2026-04-26,COMPLETED
ORD-106079,P010,East,1.0,2026-02-16,Completed
ORD-106080,P004,West,3.0,2026-05-12,pending
ORD-106081,P004,West,1.0,2026-05-04,cancelled
ORD-106082,P001,East,5.0,2026-03-14,COMPLETED
ORD-106083,P009,West,3.0,2026-03-21,completed
ORD-106084,P007,South,5.0,2026-04-20,COMPLETED
ORD-106085,P007,West,3.0,2026-06-18,COMPLETED
ORD-106086,P010,East,2.0,2026-02-26,cancelled
ORD-106087,P007,East,1.0,2026-04-25,cancelled
ORD-106088,P005,South,2.0,2026-02-01,cancelled
ORD-106089,P003,West,2.0,2026-06-23,completed
ORD-106090,P005,North,2.0,2026-04-05,COMPLETED
ORD-106091,P002,North,3.0,2026-05-08,COMPLETED
ORD-106092,P006,South,3.0,2026-05-23,COMPLETED
ORD-106093,P010,East,2.0,2026-03-28,completed
ORD-106094,P007,South,4.0,2026-05-23,cancelled
ORD-106095,P007,North,5.0,2026-05-11,COMPLETED
ORD-106096,P001,North,,2026-03-19,cancelled
ORD-106097,P001,South,1.0,2026-03-17,COMPLETED
ORD-106098,P006,West,2.0,2026-06-24,completed
ORD-106099,P010,South,5.0,2026-04-27,cancelled
ORD-106100,P001,South,4.0,2026-06-07,completed
ORD-106101,P009,East,1.0,2026-05-28,completed
ORD-106102,P001,East,5.0,2026-04-05,Completed
ORD-106103,P010,North,2.0,2026-01-21,Completed
ORD-106104,P001,West,1.0,2026-02-11,pending
ORD-106105,P004,South,5.0,2026-06-25,cancelled
ORD-106106,P004,North,1.0,2026-05-08,Completed
ORD-106107,P009,West,1.0,2026-05-24,pending
ORD-106108,P009,South,3.0,2026-06-07,cancelled
ORD-106109,P009,West,4.0,2026-01-26,cancelled
ORD-106110,P004,South,5.0,2026-03-11,Completed
ORD-106111,P005,North,2.0,2026-05-12,cancelled
ORD-106112,P007,West,4.0,2026-03-16,COMPLETED
ORD-106113,P005,East,5.0,2026-01-08,Completed
ORD-106114,P003,West,4.0,2026-05-07,pending
ORD-106115,P006,North,5.0,2026-05-13,cancelled
ORD-106116,P008,East,2.0,2026-03-19,COMPLETED
ORD-106117,P007,West,3.0,2026-05-15,COMPLETED
ORD-106118,P007,South,5.0,2026-06-06,pending
ORD-106119,P006,North,3.0,2026-03-05,cancelled
ORD-106120,P007,South,3.0,2026-03-21,completed
ORD-106121,P003,West,5.0,2026-06-10,completed
ORD-106122,P009,West,5.0,2026-05-25,cancelled
ORD-106123,P007,North,1.0,2026-04-18,pending
ORD-106124,P003,South,2.0,2026-02-05,COMPLETED
ORD-106125,P007,West,1.0,2026-05-24,Completed
ORD-106126,P008,South,5.0,2026-02-23,COMPLETED
ORD-106127,P001,North,4.0,2026-04-10,cancelled
ORD-106128,P005,East,2.0,2026-06-30,completed
ORD-106129,P005,East,3.0,2026-03-26,cancelled
ORD-106130,P007,East,4.0,2026-06-16,pending
ORD-106131,P007,North,3.0,2026-05-24,COMPLETED
ORD-106132,P002,West,4.0,2026-02-03,cancelled
ORD-106133,P005,East,3.0,2026-06-13,Completed
ORD-106134,P007,South,3.0,2026-02-27,cancelled
ORD-106135,P002,West,3.0,2026-03-07,COMPLETED
ORD-106136,P003,North,1.0,2026-01-11,pending
ORD-106137,P007,East,1.0,2026-04-24,COMPLETED
ORD-106138,P003,South,5.0,2026-01-13,completed
ORD-106139,P010,East,1.0,2026-05-16,COMPLETED
ORD-106140,P007,North,3.0,2026-04-06,pending
ORD-106141,P006,North,2.0,2026-01-13,Completed
ORD-106142,P003,West,4.0,2026-05-25,Completed
ORD-106143,P003,North,2.0,2026-05-06,Completed
ORD-106144,P004,North,,2026-05-21,completed
ORD-106145,P009,North,4.0,2026-06-07,completed
ORD-106146,P001,South,1.0,2026-04-04,pending
ORD-106147,P005,West,3.0,2026-03-31,pending
ORD-106148,P007,North,2.0,2026-04-03,cancelled
ORD-106149,P001,South,5.0,2026-06-30,cancelled
ORD-106150,P002,East,5.0,2026-01-29,Completed
ORD-106151,P001,North,4.0,2026-03-21,COMPLETED
ORD-106152,P002,North,1.0,2026-02-26,pending
ORD-106153,P003,North,5.0,2026-02-05,cancelled
ORD-106154,P005,South,1.0,2026-03-28,COMPLETED
ORD-106155,P008,South,2.0,2026-03-03,completed
ORD-106156,P010,West,1.0,2026-02-02,Completed
ORD-106157,P007,West,1.0,2026-04-19,Completed
ORD-106158,P004,West,4.0,2026-02-21,COMPLETED
ORD-106159,P006,North,2.0,2026-05-11,COMPLETED
ORD-106160,P008,East,4.0,2026-03-25,cancelled
ORD-106161,P003,South,4.0,2026-01-14,completed
ORD-106162,P003,East,1.0,2026-04-27,COMPLETED
ORD-106163,P007,West,5.0,2026-05-21,completed
ORD-106164,P006,North,2.0,2026-04-29,completed
ORD-106165,P009,West,5.0,2026-01-24,Completed
ORD-106166,P003,East,2.0,2026-03-03,pending
ORD-106167,P004,South,,2026-06-28,COMPLETED
ORD-106168,P005,East,3.0,2026-05-16,completed
ORD-106169,P007,West,4.0,2026-03-26,pending
ORD-106170,P005,South,5.0,2026-02-18,Completed
ORD-106171,P001,East,3.0,2026-02-07,cancelled
ORD-106172,P009,East,5.0,2026-03-27,completed
ORD-106173,P003,East,1.0,2026-01-09,COMPLETED
ORD-106174,P005,North,1.0,2026-05-20,completed
ORD-106175,P010,South,3.0,2026-02-26,Completed
ORD-106176,P004,South,1.0,2026-04-17,COMPLETED
ORD-106177,P008,East,1.0,2026-04-05,completed
ORD-106178,P010,East,3.0,2026-05-19,Completed
ORD-106179,P008,North,2.0,2026-04-25,completed
ORD-106180,P008,East,1.0,2026-01-03,Completed
ORD-106181,P006,South,2.0,2026-06-30,Completed
ORD-106182,P010,North,5.0,2026-05-01,COMPLETED
ORD-106183,P007,North,5.0,2026-05-16,cancelled
ORD-106184,P006,East,4.0,2026-01-10,Completed
ORD-106185,P010,North,1.0,2026-03-03,completed
ORD-106186,P006,North,5.0,2026-04-03,pending
ORD-106187,P004,North,2.0,2026-03-05,cancelled
ORD-106188,P005,West,,2026-06-14,pending
ORD-106189,P005,North,3.0,2026-03-18,COMPLETED
ORD-106190,P003,South,3.0,2026-03-27,cancelled
ORD-106191,P001,West,4.0,2026-06-19,COMPLETED
ORD-106192,P001,East,1.0,2026-05-28,cancelled
ORD-106193,P009,East,2.0,2026-06-15,cancelled
ORD-106194,P002,South,2.0,2026-05-29,cancelled
ORD-106195,P002,West,1.0,2026-02-01,completed
ORD-106196,P001,South,1.0,2026-06-05,pending
ORD-106197,P002,East,1.0,2026-05-31,pending
ORD-106198,P002,West,2.0,2026-06-17,Completed
ORD-106199,P008,West,5.0,2026-06-26,completed
ORD-106200,P006,West,4.0,2026-06-21,cancelled
ORD-106201,P001,East,4.0,2026-01-22,Completed
ORD-106202,P007,South,1.0,2026-05-10,completed
ORD-106203,P010,West,5.0,2026-03-27,cancelled
ORD-106204,P005,North,4.0,2026-04-22,Completed
ORD-106205,P006,East,5.0,2026-06-02,completed
ORD-106206,P010,South,1.0,2026-02-12,Completed
ORD-106207,P006,South,5.0,2026-04-13,cancelled
ORD-106208,P005,South,1.0,2026-05-16,cancelled
ORD-106209,P006,West,3.0,2026-01-28,pending
ORD-106210,P007,West,5.0,2026-06-13,completed
ORD-106211,P009,North,4.0,2026-02-03,COMPLETED
ORD-106212,P009,East,5.0,2026-04-26,Completed
ORD-106213,P006,East,3.0,2026-06-07,Completed
ORD-106214,P009,East,5.0,2026-03-02,pending
ORD-106215,P008,South,1.0,2026-02-01,completed
ORD-106216,P010,North,3.0,2026-02-21,cancelled
ORD-106217,P010,South,4.0,2026-02-01,completed
ORD-106218,P010,West,5.0,2026-01-23,Completed
ORD-106219,P004,South,2.0,2026-04-05,completed
ORD-106220,P004,West,1.0,2026-05-23,COMPLETED
ORD-106221,P007,South,4.0,2026-05-16,COMPLETED
ORD-106222,P004,East,2.0,2026-03-02,cancelled
ORD-106223,P003,South,3.0,2026-01-14,pending
ORD-106224,P008,West,1.0,2026-03-06,Completed
ORD-106225,P009,West,5.0,2026-02-10,Completed
ORD-106226,P005,North,5.0,2026-04-05,Completed
ORD-106227,P003,South,4.0,2026-02-05,pending
ORD-106228,P007,North,5.0,2026-03-27,COMPLETED
ORD-106229,P008,North,4.0,2026-04-06,cancelled
ORD-106230,P008,North,2.0,2026-05-25,completed
ORD-106231,P003,East,3.0,2026-06-21,Completed
ORD-106232,P006,North,3.0,2026-03-05,cancelled
ORD-106233,P006,South,4.0,2026-01-09,Completed
ORD-106234,P001,East,2.0,2026-06-08,cancelled
ORD-106235,P010,East,3.0,2026-06-29,cancelled
ORD-106236,P003,East,5.0,2026-06-06,completed
ORD-106237,P007,West,4.0,2026-05-18,completed
ORD-106238,P009,East,4.0,2026-05-18,pending
ORD-106239,P005,East,1.0,2026-02-28,completed
ORD-106240,P002,East,4.0,2026-01-05,pending
ORD-106241,P008,South,5.0,2026-03-08,Completed
ORD-106242,P002,North,1.0,2026-01-01,pending
ORD-106243,P009,West,5.0,2026-06-13,completed
ORD-106244,P004,South,3.0,2026-02-09,Completed
ORD-106245,P009,North,3.0,2026-03-20,cancelled
ORD-106246,P001,East,4.0,2026-02-18,completed
ORD-106247,P002,East,2.0,2026-04-16,cancelled
ORD-106248,P003,East,3.0,2026-03-19,cancelled
ORD-106249,P003,South,2.0,2026-01-01,COMPLETED
ORD-106250,P005,South,2.0,2026-04-10,pending
ORD-106251,P005,West,1.0,2026-01-02,cancelled
ORD-106252,P004,East,4.0,2026-06-20,cancelled
ORD-106253,P001,East,3.0,2026-06-09,cancelled
ORD-106254,P001,North,2.0,2026-06-19,pending
ORD-106255,P009,North,3.0,2026-01-20,completed
ORD-106256,P007,East,3.0,2026-02-18,completed
ORD-106257,P003,South,1.0,2026-01-01,cancelled
ORD-106258,P006,North,1.0,2026-04-13,pending
ORD-106259,P006,East,1.0,2026-04-22,pending
ORD-106260,P006,North,2.0,2026-03-11,cancelled
ORD-106261,P007,North,3.0,2026-04-03,pending
ORD-106262,P002,West,3.0,2026-03-26,pending
ORD-106263,P002,North,4.0,2026-04-23,pending
ORD-106264,P003,North,2.0,2026-05-25,COMPLETED
ORD-106265,P010,South,5.0,2026-02-15,completed
ORD-106266,P002,East,5.0,2026-06-16,pending
ORD-106267,P005,North,3.0,2026-05-09,completed
ORD-106268,P002,East,4.0,2026-02-25,pending
ORD-106269,P010,North,2.0,2026-02-18,cancelled
ORD-106270,P006,North,2.0,2026-02-09,completed
ORD-106271,P002,East,2.0,2026-04-26,completed
ORD-106272,P010,East,4.0,2026-05-10,pending
ORD-106273,P009,West,5.0,2026-05-12,COMPLETED
ORD-106274,P009,South,5.0,2026-01-19,completed
ORD-106275,P004,West,3.0,2026-06-19,pending
ORD-106276,P002,East,5.0,2026-04-17,completed
ORD-106277,P006,South,5.0,2026-02-18,completed
ORD-106278,P002,South,3.0,2026-01-26,Completed
ORD-106279,P004,East,5.0,2026-01-27,Completed
ORD-106280,P004,South,1.0,2026-03-16,Completed
ORD-106281,P003,West,4.0,2026-03-06,cancelled
ORD-106282,P002,South,2.0,2026-06-11,completed
ORD-106283,P003,South,3.0,2026-03-22,Completed
ORD-106284,P004,West,1.0,2026-05-18,cancelled
ORD-106285,P008,North,2.0,2026-04-09,pending
ORD-106286,P004,West,4.0,2026-06-16,cancelled
ORD-106287,P008,North,4.0,2026-03-19,cancelled
ORD-106288,P003,North,3.0,2026-01-20,Completed
ORD-106289,P005,North,,2026-06-26,Completed
ORD-106290,P001,North,,2026-04-05,pending
ORD-106291,P008,East,2.0,2026-02-07,COMPLETED
ORD-106292,P005,West,1.0,2026-02-16,cancelled
ORD-106293,P009,South,4.0,2026-06-01,cancelled
ORD-106294,P004,East,2.0,2026-05-29,pending
ORD-106295,P002,South,5.0,2026-05-22,pending
ORD-106296,P004,South,2.0,2026-04-08,cancelled
ORD-106297,P009,West,4.0,2026-06-16,completed
ORD-106298,P005,South,4.0,2026-02-16,Completed
ORD-106299,P002,East,1.0,2026-05-14,completed
ORD-106300,P007,South,2.0,2026-06-24,COMPLETED
ORD-106301,P004,West,3.0,2026-03-21,completed
ORD-106302,P008,North,3.0,2026-06-17,completed
ORD-106303,P009,East,5.0,2026-05-22,pending
ORD-106304,P010,South,4.0,2026-04-13,cancelled
ORD-106305,P009,West,1.0,2026-04-17,Completed
ORD-106306,P009,East,3.0,2026-01-03,completed
ORD-106307,P010,East,3.0,2026-03-07,Completed
ORD-106308,P003,East,2.0,2026-04-05,Completed
ORD-106309,P001,North,1.0,2026-03-25,pending
ORD-106310,P007,East,1.0,2026-02-23,completed
ORD-106311,P010,West,1.0,2026-04-16,Completed
ORD-106312,P007,West,5.0,2026-02-28,completed
ORD-106313,P006,East,2.0,2026-01-08,cancelled
ORD-106314,P003,South,4.0,2026-02-06,cancelled
ORD-106315,P009,North,2.0,2026-04-30,Completed
ORD-106316,P004,North,1.0,2026-06-12,cancelled
ORD-106317,P002,South,3.0,2026-05-15,cancelled
ORD-106318,P006,North,2.0,2026-02-05,cancelled
ORD-106319,P006,West,4.0,2026-05-29,Completed
ORD-106320,P002,East,2.0,2026-01-23,Completed
ORD-106321,P002,West,2.0,2026-01-05,completed
ORD-106322,P007,East,1.0,2026-03-27,completed
ORD-106323,P004,North,1.0,2026-05-17,Completed
ORD-106324,P007,East,1.0,2026-03-18,completed
ORD-106325,P003,South,3.0,2026-01-18,completed
ORD-106326,P009,West,5.0,2026-01-23,COMPLETED
ORD-106327,P007,West,4.0,2026-01-17,pending
ORD-106328,P008,South,1.0,2026-06-14,COMPLETED
ORD-106329,P010,West,1.0,2026-06-05,Completed
ORD-106330,P003,East,3.0,2026-01-06,cancelled
ORD-106331,P005,South,2.0,2026-02-24,completed
ORD-106332,P001,East,1.0,2026-04-16,completed
ORD-106333,P005,North,3.0,2026-04-12,completed
ORD-106334,P004,South,3.0,2026-02-01,cancelled
ORD-106335,P010,South,4.0,2026-03-19,Completed
ORD-106336,P003,South,3.0,2026-06-23,cancelled
ORD-106337,P008,North,1.0,2026-02-03,pending
ORD-106338,P010,West,4.0,2026-05-24,cancelled
ORD-106339,P007,West,1.0,2026-05-02,Completed
ORD-106340,P009,West,2.0,2026-05-03,Completed
ORD-106341,P010,North,5.0,2026-05-18,Completed
ORD-106342,P010,South,5.0,2026-04-27,cancelled
ORD-106343,P004,East,5.0,2026-01-10,COMPLETED
ORD-106344,P006,West,1.0,2026-03-29,cancelled
ORD-106345,P004,North,1.0,2026-03-13,cancelled
ORD-106346,P010,West,1.0,2026-06-18,Completed
ORD-106347,P002,West,5.0,2026-03-31,COMPLETED
ORD-106348,P010,North,5.0,2026-02-19,COMPLETED
ORD-106349,P004,West,1.0,2026-06-19,COMPLETED
ORD-106350,P005,South,5.0,2026-03-20,Completed
ORD-106351,P008,East,4.0,2026-01-21,Completed
ORD-106352,P009,West,1.0,2026-03-22,Completed
ORD-106353,P001,North,2.0,2026-04-30,cancelled
ORD-106354,P009,East,3.0,2026-06-18,COMPLETED
ORD-106355,P006,South,3.0,2026-03-28,COMPLETED
ORD-106356,P001,West,5.0,2026-04-26,pending
ORD-106357,P009,South,2.0,2026-05-31,completed
ORD-106358,P001,West,1.0,2026-01-10,COMPLETED
ORD-106359,P001,East,1.0,2026-06-08,completed
ORD-106360,P003,West,4.0,2026-03-17,COMPLETED
ORD-106361,P008,North,3.0,2026-05-18,completed
ORD-106362,P001,East,4.0,2026-06-27,cancelled
ORD-106363,P002,West,3.0,2026-05-14,Completed
ORD-106364,P007,East,4.0,2026-02-02,completed
ORD-106365,P005,West,1.0,2026-05-25,completed
ORD-106366,P002,West,1.0,2026-05-09,Completed
ORD-106367,P004,East,1.0,2026-02-10,COMPLETED
ORD-106368,P005,North,2.0,2026-02-27,COMPLETED
ORD-106369,P007,West,5.0,2026-06-18,pending
ORD-106370,P008,East,1.0,2026-06-18,Completed
ORD-106371,P001,South,1.0,2026-03-08,cancelled
ORD-106372,P008,South,5.0,2026-06-09,Completed
ORD-106373,P005,North,5.0,2026-04-30,completed
ORD-106374,P002,South,5.0,2026-06-24,cancelled
ORD-106375,P005,South,3.0,2026-03-04,COMPLETED
ORD-106376,P007,North,1.0,2026-04-06,Completed
ORD-106377,P008,North,4.0,2026-04-05,completed
ORD-106378,P001,East,4.0,2026-03-04,COMPLETED
ORD-106379,P004,East,4.0,2026-02-09,COMPLETED
ORD-106380,P001,East,2.0,2026-06-26,COMPLETED
ORD-106381,P002,South,1.0,2026-06-16,COMPLETED
ORD-106382,P005,North,1.0,2026-01-28,Completed
ORD-106383,P001,North,2.0,2026-04-08,cancelled
ORD-106384,P010,North,3.0,2026-02-22,Completed
ORD-106385,P003,East,4.0,2026-01-20,cancelled
ORD-106386,P004,South,2.0,2026-04-04,COMPLETED
ORD-106387,P007,North,1.0,2026-01-31,COMPLETED
ORD-106388,P010,East,2.0,2026-05-27,cancelled
ORD-106389,P002,East,3.0,2026-05-17,COMPLETED
ORD-106390,P004,East,2.0,2026-04-23,cancelled
ORD-106391,P009,East,1.0,2026-02-02,COMPLETED
ORD-106392,P010,East,2.0,2026-05-29,Completed
ORD-106393,P003,East,5.0,2026-02-19,Completed
ORD-106394,P006,North,3.0,2026-05-11,Completed
ORD-106395,P009,North,4.0,2026-05-13,COMPLETED
ORD-106396,P001,North,4.0,2026-05-08,Completed
ORD-106397,P006,East,3.0,2026-03-08,Completed
ORD-106398,P005,West,4.0,2026-06-30,COMPLETED
ORD-106399,P005,West,5.0,2026-03-12,Completed
ORD-106400,P001,West,1.0,2026-03-20,completed
ORD-106401,P007,West,5.0,2026-01-03,Completed
ORD-106402,P007,West,4.0,2026-03-18,COMPLETED
ORD-106403,P006,West,2.0,2026-02-23,pending
ORD-106404,P006,East,4.0,2026-06-16,completed
ORD-106405,P010,South,3.0,2026-01-26,completed
ORD-106406,P008,East,3.0,2026-02-10,Completed
ORD-106407,P010,North,4.0,2026-04-22,completed
ORD-106408,P010,South,3.0,2026-06-07,cancelled
ORD-106409,P001,South,2.0,2026-04-23,COMPLETED
ORD-106410,P002,West,1.0,2026-06-30,cancelled
ORD-106411,P001,South,2.0,2026-02-25,pending
ORD-106412,P005,East,2.0,2026-03-05,cancelled
ORD-106413,P009,East,2.0,2026-05-27,cancelled
ORD-106414,P002,East,3.0,2026-05-08,COMPLETED
ORD-106415,P005,East,3.0,2026-06-04,cancelled
ORD-106416,P009,South,2.0,2026-01-30,completed
ORD-106417,P008,South,1.0,2026-03-15,pending
ORD-106418,P004,South,3.0,2026-02-03,completed
ORD-106419,P003,South,2.0,2026-02-24,cancelled
ORD-106420,P007,West,3.0,2026-01-27,completed
ORD-106421,P005,East,4.0,2026-01-11,COMPLETED
ORD-106422,P006,North,4.0,2026-01-26,Completed
ORD-106423,P009,North,3.0,2026-01-21,completed
ORD-106424,P003,South,3.0,2026-02-03,COMPLETED
ORD-106425,P010,South,5.0,2026-04-02,Completed
ORD-106426,P008,West,3.0,2026-04-18,Completed
ORD-106427,P004,South,3.0,2026-06-09,Completed
ORD-106428,P004,West,2.0,2026-06-13,cancelled
ORD-106429,P009,West,5.0,2026-02-25,Completed
ORD-106430,P002,North,2.0,2026-03-30,cancelled
ORD-106431,P001,West,1.0,2026-05-06,COMPLETED
ORD-106432,P004,East,5.0,2026-06-10,cancelled
ORD-106433,P010,West,3.0,2026-06-20,Completed
ORD-106434,P008,East,4.0,2026-01-18,Completed
ORD-106435,P002,East,5.0,2026-01-07,pending
ORD-106436,P009,North,2.0,2026-02-19,completed
ORD-106437,P010,North,2.0,2026-04-03,Completed
ORD-106438,P008,South,2.0,2026-04-26,pending
ORD-106439,P008,East,3.0,2026-02-19,pending
ORD-106440,P006,South,4.0,2026-01-14,COMPLETED
ORD-106441,P010,North,4.0,2026-06-13,pending
ORD-106442,P001,North,2.0,2026-01-01,completed
ORD-106443,P009,West,2.0,2026-06-17,completed
ORD-106444,P009,East,2.0,2026-05-30,pending
ORD-106445,P006,West,2.0,2026-05-26,Completed
ORD-106446,P004,East,5.0,2026-01-20,pending
ORD-106447,P008,North,4.0,2026-03-31,pending
ORD-106448,P001,South,5.0,2026-02-20,pending
ORD-106449,P009,West,5.0,2026-01-15,COMPLETED
ORD-106450,P002,East,,2026-04-30,COMPLETED
ORD-106451,P002,North,5.0,2026-02-26,pending
ORD-106452,P007,East,4.0,2026-05-07,COMPLETED
ORD-106453,P006,East,1.0,2026-06-24,pending
ORD-106454,P006,North,1.0,2026-05-28,COMPLETED
ORD-106455,P010,South,4.0,2026-04-23,cancelled
ORD-106456,P010,West,2.0,2026-03-16,pending
ORD-106457,P007,North,1.0,2026-03-28,COMPLETED
ORD-106458,P003,East,2.0,2026-01-11,pending
ORD-106459,P005,East,3.0,2026-06-19,cancelled
ORD-106460,P003,West,3.0,2026-01-28,Completed
ORD-106461,P005,South,3.0,2026-06-04,completed
ORD-106462,P007,West,1.0,2026-04-07,cancelled
ORD-106463,P009,West,3.0,2026-06-23,pending
ORD-106464,P006,East,1.0,2026-04-25,completed
ORD-106465,P007,West,2.0,2026-06-15,cancelled
ORD-106466,P005,West,5.0,2026-01-24,cancelled
ORD-106467,P009,East,4.0,2026-06-06,completed
ORD-106468,P002,East,1.0,2026-02-10,cancelled
ORD-106469,P005,South,3.0,2026-04-02,Completed
ORD-106470,P008,North,1.0,2026-05-20,COMPLETED
ORD-106471,P001,South,1.0,2026-05-04,pending
ORD-106472,P008,West,2.0,2026-04-06,cancelled
ORD-106473,P010,North,2.0,2026-02-05,Completed
ORD-106474,P008,East,1.0,2026-02-23,Completed
ORD-106475,P006,West,1.0,2026-04-10,Completed
ORD-106476,P004,North,3.0,2026-01-02,cancelled
ORD-106477,P009,East,1.0,2026-05-28,COMPLETED
ORD-106478,P004,East,4.0,2026-02-06,cancelled
ORD-106479,P001,North,3.0,2026-01-02,cancelled
ORD-106480,P009,West,1.0,2026-02-24,Completed
ORD-106481,P001,East,2.0,2026-02-21,cancelled
ORD-106482,P006,South,5.0,2026-06-17,COMPLETED
ORD-106483,P007,East,5.0,2026-05-18,cancelled
ORD-106484,P008,West,4.0,2026-01-08,completed
ORD-106485,P001,East,1.0,2026-05-08,COMPLETED
ORD-106486,P004,West,1.0,2026-03-05,COMPLETED
ORD-106487,P010,West,3.0,2026-01-21,Completed
ORD-106488,P007,West,4.0,2026-05-24,Completed
ORD-106489,P009,West,1.0,2026-06-29,COMPLETED
ORD-106490,P008,East,3.0,2026-05-06,COMPLETED
ORD-106491,P006,West,5.0,2026-05-09,Completed
ORD-106492,P005,West,3.0,2026-05-19,Completed
ORD-106493,P008,East,1.0,2026-05-10,COMPLETED
ORD-106494,P002,West,2.0,2026-06-04,COMPLETED
ORD-106495,P010,North,2.0,2026-02-14,Completed
ORD-106496,P004,South,5.0,2026-05-28,completed
ORD-106497,P001,North,2.0,2026-04-29,completed
ORD-106498,P005,East,3.0,2026-03-11,cancelled
ORD-106499,P008,North,3.0,2026-05-04,completed
ORD-106500,P008,West,3.0,2026-06-16,COMPLETED
ORD-106501,P007,South,1.0,2026-05-21,cancelled
ORD-106502,P005,West,4.0,2026-04-05,cancelled
ORD-106503,P007,West,4.0,2026-04-06,cancelled
ORD-106504,P005,West,3.0,2026-05-04,Completed
ORD-106505,P001,East,2.0,2026-05-09,pending
ORD-106506,P007,East,2.0,2026-03-21,completed
ORD-106507,P008,North,5.0,2026-04-04,pending
ORD-106508,P009,South,5.0,2026-05-07,cancelled
ORD-106509,P003,East,3.0,2026-04-30,Completed
ORD-106510,P003,West,5.0,2026-01-02,COMPLETED
ORD-106511,P001,South,5.0,2026-04-17,cancelled
ORD-106512,P004,West,3.0,2026-06-15,completed
ORD-106513,P001,West,4.0,2026-04-08,cancelled
ORD-106514,P004,North,1.0,2026-05-30,COMPLETED
ORD-106515,P004,South,2.0,2026-01-15,pending
ORD-106516,P004,North,1.0,2026-03-03,completed
ORD-106517,P009,North,3.0,2026-03-09,pending
ORD-106518,P009,East,3.0,2026-03-24,COMPLETED
ORD-106519,P003,East,5.0,2026-06-28,cancelled
ORD-106520,P002,North,4.0,2026-03-29,pending
ORD-106521,P008,East,5.0,2026-03-06,Completed
ORD-106522,P006,West,5.0,2026-01-19,Completed
ORD-106523,P009,North,3.0,2026-04-27,COMPLETED
ORD-106524,P007,West,2.0,2026-04-19,Completed
ORD-106525,P009,East,5.0,2026-05-28,cancelled
ORD-106526,P005,West,2.0,2026-01-18,COMPLETED
ORD-106527,P007,North,5.0,2026-01-12,completed
ORD-106528,P007,East,5.0,2026-02-03,COMPLETED
ORD-106529,P008,South,4.0,2026-04-18,pending
ORD-106530,P005,West,3.0,2026-02-05,completed
ORD-106531,P008,West,4.0,2026-06-01,pending
ORD-106532,P010,North,1.0,2026-01-13,Completed
ORD-106533,P008,North,5.0,2026-01-20,COMPLETED
ORD-106534,P003,South,4.0,2026-01-03,Completed
ORD-106535,P002,North,3.0,2026-02-02,completed
ORD-106536,P010,East,4.0,2026-01-11,Completed
ORD-106537,P005,West,2.0,2026-03-11,completed
ORD-106538,P002,East,2.0,2026-04-11,Completed
ORD-106539,P010,East,2.0,2026-02-24,COMPLETED
ORD-106540,P004,West,2.0,2026-02-03,pending
ORD-106541,P002,North,4.0,2026-03-12,COMPLETED
ORD-106542,P006,East,3.0,2026-06-02,Completed
ORD-106543,P001,East,2.0,2026-02-06,COMPLETED
ORD-106544,P001,East,5.0,2026-05-05,Completed
ORD-106545,P004,North,5.0,2026-02-17,pending
ORD-106546,P008,South,1.0,2026-01-07,COMPLETED
ORD-106547,P004,North,1.0,2026-01-23,cancelled
ORD-106548,P008,South,3.0,2026-01-25,Completed
ORD-106549,P003,West,2.0,2026-05-06,cancelled
ORD-106550,P007,East,4.0,2026-04-01,completed
ORD-106551,P008,West,2.0,2026-02-02,COMPLETED
ORD-106552,P006,North,1.0,2026-03-21,Completed
ORD-106553,P007,West,2.0,2026-04-15,pending
ORD-106554,P004,South,2.0,2026-05-28,cancelled
ORD-106555,P001,North,1.0,2026-02-05,Completed
ORD-106556,P005,South,4.0,2026-02-26,Completed
ORD-106557,P008,East,3.0,2026-06-08,cancelled
ORD-106558,P008,South,5.0,2026-02-18,completed
ORD-106559,P003,North,1.0,2026-06-04,pending
ORD-106560,P002,West,2.0,2026-02-07,pending
ORD-106561,P006,West,1.0,2026-03-22,COMPLETED
ORD-106562,P003,North,2.0,2026-01-22,Completed
ORD-106563,P001,West,3.0,2026-06-30,pending
ORD-106564,P002,North,3.0,2026-01-12,Completed
ORD-106565,P007,South,3.0,2026-03-06,COMPLETED
ORD-106566,P004,West,3.0,2026-02-11,Completed
ORD-106567,P003,North,4.0,2026-06-26,Completed
ORD-106568,P003,West,2.0,2026-04-24,COMPLETED
ORD-106569,P003,North,5.0,2026-04-29,cancelled
ORD-106570,P009,West,5.0,2026-03-23,Completed
ORD-106571,P004,East,1.0,2026-05-19,completed
ORD-106572,P010,North,2.0,2026-01-12,Completed
ORD-106573,P006,West,4.0,2026-05-12,cancelled
ORD-106574,P006,West,4.0,2026-03-14,completed
ORD-106575,P008,East,1.0,2026-02-12,Completed
ORD-106576,P005,West,2.0,2026-03-12,Completed
ORD-106577,P005,East,4.0,2026-04-07,pending
ORD-106578,P005,East,4.0,2026-01-17,Completed
ORD-106579,P006,West,2.0,2026-01-31,COMPLETED
ORD-106580,P002,East,4.0,2026-05-12,cancelled
ORD-106581,P010,West,5.0,2026-06-22,COMPLETED
ORD-106582,P010,East,1.0,2026-04-15,completed
ORD-106583,P004,South,3.0,2026-06-30,Completed
ORD-106584,P003,West,5.0,2026-05-26,COMPLETED
ORD-106585,P003,North,2.0,2026-01-23,Completed
ORD-106586,P006,East,4.0,2026-01-24,pending
ORD-106587,P006,West,2.0,2026-02-20,cancelled
ORD-106588,P007,North,3.0,2026-04-16,Completed
ORD-106589,P007,South,5.0,2026-03-20,cancelled
ORD-106590,P001,North,4.0,2026-05-20,Completed
ORD-106591,P003,South,5.0,2026-06-01,Completed
ORD-106592,P006,South,2.0,2026-06-13,pending
ORD-106593,P003,East,3.0,2026-02-12,pending
ORD-106594,P007,East,,2026-02-04,cancelled
ORD-106595,P010,South,5.0,2026-03-26,cancelled
ORD-106596,P009,East,4.0,2026-02-24,cancelled
ORD-106597,P010,North,4.0,2026-01-07,pending
ORD-106598,P003,East,4.0,2026-03-21,cancelled
ORD-106599,P010,South,1.0,2026-03-21,pending
ORD-106600,P005,West,3.0,2026-02-23,completed
ORD-106601,P009,East,3.0,2026-03-25,cancelled
ORD-106602,P003,West,4.0,2026-05-27,cancelled
ORD-106603,P010,South,2.0,2026-02-07,COMPLETED
ORD-106604,P008,West,3.0,2026-02-10,cancelled
ORD-106605,P009,South,1.0,2026-06-05,COMPLETED
ORD-106606,P008,South,2.0,2026-02-15,COMPLETED
ORD-106607,P005,West,1.0,2026-04-21,COMPLETED
ORD-106608,P002,West,1.0,2026-03-18,cancelled
ORD-106609,P009,South,5.0,2026-04-12,cancelled
ORD-106610,P009,West,5.0,2026-06-28,Completed
ORD-106611,P005,East,2.0,2026-03-06,pending
ORD-106612,P006,West,3.0,2026-01-22,cancelled
ORD-106613,P002,East,5.0,2026-02-28,pending
ORD-106614,P004,South,5.0,2026-06-28,Completed
ORD-106615,P009,North,2.0,2026-01-08,COMPLETED
ORD-106616,P008,North,2.0,2026-04-18,cancelled
ORD-106617,P008,South,5.0,2026-06-04,pending
ORD-106618,P001,South,1.0,2026-01-24,completed
ORD-106619,P007,North,3.0,2026-02-25,Completed
ORD-106620,P001,South,1.0,2026-01-02,COMPLETED
ORD-106621,P003,North,2.0,2026-02-25,cancelled
ORD-106622,P004,North,1.0,2026-06-23,pending
ORD-106623,P009,North,1.0,2026-02-15,Completed
ORD-106624,P004,West,1.0,2026-02-01,completed
ORD-106625,P003,East,2.0,2026-06-09,completed
ORD-106626,P008,East,5.0,2026-05-05,completed
ORD-106627,P001,North,5.0,2026-06-28,completed
ORD-106628,P008,East,2.0,2026-04-07,Completed
ORD-106629,P005,South,2.0,2026-03-21,pending
ORD-106630,P008,East,3.0,2026-01-30,COMPLETED
ORD-106631,P008,West,1.0,2026-03-19,cancelled
ORD-106632,P001,West,,2026-06-26,cancelled
ORD-106633,P003,South,3.0,2026-05-17,completed
ORD-106634,P001,South,5.0,2026-06-09,completed
ORD-106635,P009,East,5.0,2026-02-21,completed
ORD-106636,P003,South,1.0,2026-02-22,completed
ORD-106637,P006,South,1.0,2026-06-03,pending
ORD-106638,P004,East,4.0,2026-02-05,cancelled
ORD-106639,P003,South,1.0,2026-04-03,Completed
ORD-106640,P002,North,4.0,2026-02-26,pending
ORD-106641,P006,South,2.0,2026-03-16,Completed
ORD-106642,P007,North,1.0,2026-05-07,cancelled
ORD-106643,P008,North,4.0,2026-05-10,cancelled
ORD-106644,P009,South,1.0,2026-04-16,Completed
ORD-106645,P006,East,4.0,2026-01-25,COMPLETED
ORD-106646,P003,West,1.0,2026-04-21,Completed
ORD-106647,P003,East,3.0,2026-01-11,Completed
ORD-106648,P001,North,2.0,2026-03-14,completed
ORD-106649,P010,East,1.0,2026-05-14,COMPLETED
ORD-106650,P001,East,1.0,2026-04-25,pending
ORD-106651,P005,East,3.0,2026-05-09,cancelled
ORD-106652,P008,North,4.0,2026-04-25,pending
ORD-106653,P005,West,1.0,2026-04-22,completed
ORD-106654,P009,South,4.0,2026-06-17,cancelled
ORD-106655,P005,East,3.0,2026-06-18,pending
ORD-106656,P004,East,1.0,2026-03-24,completed
ORD-106657,P008,West,5.0,2026-02-11,cancelled
ORD-106658,P004,South,1.0,2026-02-05,pending
ORD-106659,P004,North,1.0,2026-02-03,Completed
ORD-106660,P002,East,,2026-02-19,Completed
ORD-106661,P007,North,5.0,2026-05-17,pending
ORD-106662,P001,North,1.0,2026-04-04,cancelled
ORD-106663,P006,North,3.0,2026-01-17,cancelled
ORD-106664,P002,West,4.0,2026-01-23,COMPLETED
ORD-106665,P009,West,5.0,2026-04-01,pending
ORD-106666,P007,North,3.0,2026-02-19,completed
ORD-106667,P008,North,3.0,2026-06-19,pending
ORD-106668,P002,North,1.0,2026-03-05,completed
ORD-106669,P005,West,4.0,2026-03-27,cancelled
ORD-106670,P008,North,3.0,2026-04-17,Completed
ORD-106671,P005,West,1.0,2026-05-25,cancelled
ORD-106672,P001,South,4.0,2026-05-26,cancelled
ORD-106673,P005,North,4.0,2026-03-26,cancelled
ORD-106674,P001,South,5.0,2026-02-03,completed
ORD-106675,P005,East,3.0,2026-06-30,cancelled
ORD-106676,P009,West,2.0,2026-02-11,COMPLETED
ORD-106677,P004,North,3.0,2026-02-08,pending
ORD-106678,P003,East,5.0,2026-05-17,cancelled
ORD-106679,P004,West,4.0,2026-04-03,Completed
ORD-106680,P010,South,3.0,2026-06-05,cancelled
ORD-106681,P001,East,5.0,2026-02-11,Completed
ORD-106682,P010,West,2.0,2026-05-09,pending
ORD-106683,P009,West,3.0,2026-03-20,COMPLETED
ORD-106684,P003,West,5.0,2026-06-23,Completed
ORD-106685,P006,East,2.0,2026-04-11,pending
ORD-106686,P002,West,4.0,2026-05-22,Completed
ORD-106687,P003,South,2.0,2026-05-02,Completed
ORD-106688,P005,West,1.0,2026-01-01,completed
ORD-106689,P007,South,1.0,2026-04-19,completed
ORD-106690,P005,South,4.0,2026-06-26,Completed
ORD-106691,P005,East,4.0,2026-06-26,Completed
ORD-106692,P007,West,2.0,2026-02-13,Completed
ORD-106693,P006,North,3.0,2026-04-28,COMPLETED
ORD-106694,P006,East,3.0,2026-01-31,Completed
ORD-106695,P002,North,3.0,2026-01-20,pending
ORD-106696,P005,East,3.0,2026-03-17,Completed
ORD-106697,P002,East,3.0,2026-06-11,cancelled
ORD-106698,P004,North,1.0,2026-05-10,Completed
ORD-106699,P010,North,4.0,2026-01-29,COMPLETED
ORD-106700,P008,South,4.0,2026-06-14,COMPLETED
ORD-106701,P003,West,4.0,2026-05-31,Completed
ORD-106702,P006,West,5.0,2026-02-24,completed
ORD-106703,P006,North,3.0,2026-03-03,completed
ORD-106704,P005,North,2.0,2026-04-05,COMPLETED
ORD-106705,P008,South,2.0,2026-05-26,completed
ORD-106706,P006,South,2.0,2026-04-30,completed
ORD-106707,P001,North,4.0,2026-05-09,COMPLETED
ORD-106708,P004,West,3.0,2026-05-03,Completed
ORD-106709,P001,North,4.0,2026-06-12,completed
ORD-106710,P007,West,1.0,2026-04-18,cancelled
ORD-106711,P010,West,4.0,2026-06-10,COMPLETED
ORD-106712,P010,South,1.0,2026-01-27,pending
ORD-106713,P008,North,1.0,2026-06-03,cancelled
ORD-106714,P002,West,5.0,2026-03-10,completed
ORD-106715,P002,South,2.0,2026-01-28,Completed
ORD-106716,P002,North,,2026-04-17,COMPLETED
ORD-106717,P001,West,5.0,2026-02-17,pending
ORD-106718,P007,South,1.0,2026-05-11,Completed
ORD-106719,P001,West,3.0,2026-05-22,pending
ORD-106720,P009,South,4.0,2026-03-17,pending
ORD-106721,P007,West,3.0,2026-04-08,Completed
ORD-106722,P001,North,3.0,2026-01-16,COMPLETED
ORD-106723,P003,West,,2026-03-07,cancelled
ORD-106724,P004,South,5.0,2026-05-06,cancelled
ORD-106725,P002,East,3.0,2026-04-01,pending
ORD-106726,P010,West,4.0,2026-03-11,cancelled
ORD-106727,P004,South,1.0,2026-05-06,COMPLETED
ORD-106728,P006,West,5.0,2026-05-08,pending
ORD-106729,P004,West,4.0,2026-04-10,COMPLETED
ORD-106730,P002,East,5.0,2026-01-11,COMPLETED
ORD-106731,P009,East,,2026-01-27,COMPLETED
ORD-106732,P004,North,3.0,2026-05-26,cancelled
ORD-106733,P001,East,4.0,2026-02-04,pending
ORD-106734,P007,North,4.0,2026-04-19,Completed
ORD-106735,P006,West,4.0,2026-03-20,completed
ORD-106736,P008,North,1.0,2026-03-25,completed
ORD-106737,P002,East,2.0,2026-05-09,Completed
ORD-106738,P007,East,5.0,2026-03-21,completed
ORD-106739,P003,East,1.0,2026-03-13,pending
ORD-106740,P006,South,3.0,2026-06-05,Completed
ORD-106741,P006,East,4.0,2026-02-10,cancelled
ORD-106742,P010,North,4.0,2026-03-26,COMPLETED
ORD-106743,P006,South,3.0,2026-04-28,pending
ORD-106744,P006,East,2.0,2026-02-09,COMPLETED
ORD-106745,P009,West,5.0,2026-03-16,completed
ORD-106746,P002,West,2.0,2026-06-18,Completed
ORD-106747,P008,South,5.0,2026-05-31,cancelled
ORD-106748,P006,South,4.0,2026-02-11,cancelled
ORD-106749,P005,North,2.0,2026-06-23,pending
ORD-106750,P006,North,1.0,2026-03-10,pending
ORD-106751,P005,East,1.0,2026-01-23,Completed
ORD-106752,P005,West,3.0,2026-02-06,cancelled
ORD-106753,P006,East,2.0,2026-02-26,pending
ORD-106754,P008,South,5.0,2026-04-07,COMPLETED
ORD-106755,P007,East,4.0,2026-01-19,Completed
ORD-106756,P001,North,2.0,2026-03-11,completed
ORD-106757,P007,South,4.0,2026-03-04,completed
ORD-106758,P002,West,2.0,2026-05-15,cancelled
ORD-106759,P003,South,3.0,2026-05-14,pending
ORD-106760,P004,South,1.0,2026-06-18,COMPLETED
ORD-106761,P002,North,4.0,2026-06-06,completed
ORD-106762,P004,South,3.0,2026-02-21,COMPLETED
ORD-106763,P005,East,4.0,2026-01-23,completed
ORD-106764,P003,North,2.0,2026-06-23,completed
ORD-106765,P004,North,1.0,2026-05-01,completed
ORD-106766,P010,West,4.0,2026-03-03,cancelled
ORD-106767,P008,West,4.0,2026-04-29,COMPLETED
ORD-106768,P008,East,3.0,2026-04-07,COMPLETED
ORD-106769,P010,South,5.0,2026-01-15,completed
ORD-106770,P010,East,1.0,2026-03-26,completed
ORD-106771,P001,West,5.0,2026-02-05,COMPLETED
ORD-106772,P006,South,5.0,2026-02-22,pending
ORD-106773,P003,South,1.0,2026-02-19,Completed
ORD-106774,P006,North,5.0,2026-06-23,COMPLETED
ORD-106775,P006,West,,2026-01-08,cancelled
ORD-106776,P005,West,4.0,2026-01-05,completed
ORD-106777,P007,East,3.0,2026-04-23,completed
ORD-106778,P005,West,1.0,2026-03-20,cancelled
ORD-106779,P005,South,3.0,2026-05-24,Completed
ORD-106780,P008,West,2.0,2026-06-28,pending
ORD-106781,P005,West,4.0,2026-01-14,Completed
ORD-106782,P006,North,3.0,2026-02-12,pending
ORD-106783,P010,West,1.0,2026-02-22,Completed
ORD-106784,P006,South,5.0,2026-05-20,pending
ORD-106785,P010,East,3.0,2026-01-22,completed
ORD-106786,P007,East,1.0,2026-06-23,pending
ORD-106787,P005,West,3.0,2026-03-22,COMPLETED
ORD-106788,P007,East,5.0,2026-03-06,completed
ORD-106789,P001,North,2.0,2026-03-08,COMPLETED
ORD-106790,P003,West,3.0,2026-05-15,COMPLETED
ORD-106791,P005,North,5.0,2026-05-07,pending
ORD-106792,P008,East,1.0,2026-05-05,COMPLETED
ORD-106793,P007,North,5.0,2026-04-26,Completed
ORD-106794,P007,South,3.0,2026-05-06,completed
ORD-106795,P003,North,3.0,2026-05-09,completed
ORD-106796,P008,North,4.0,2026-05-04,Completed
ORD-106797,P005,West,2.0,2026-06-29,completed
ORD-106798,P007,South,1.0,2026-01-26,cancelled
ORD-106799,P010,South,1.0,2026-06-08,cancelled
ORD-106800,P005,West,2.0,2026-03-31,cancelled
ORD-106801,P006,South,2.0,2026-03-15,Completed
ORD-106802,P009,West,5.0,2026-04-13,COMPLETED
ORD-106803,P002,North,4.0,2026-04-01,pending
ORD-106804,P009,East,4.0,2026-01-18,completed
ORD-106805,P006,West,1.0,2026-04-04,cancelled
ORD-106806,P007,East,5.0,2026-05-24,Completed
ORD-106807,P007,West,1.0,2026-03-03,COMPLETED
ORD-106808,P010,East,4.0,2026-04-05,completed
ORD-106809,P002,South,4.0,2026-02-26,Completed
ORD-106810,P003,East,1.0,2026-02-03,pending
ORD-106811,P003,West,1.0,2026-04-06,pending
ORD-106812,P003,South,4.0,2026-01-21,pending
ORD-106813,P008,West,5.0,2026-03-21,COMPLETED
ORD-106814,P009,West,1.0,2026-05-04,pending
ORD-106815,P007,North,4.0,2026-02-27,completed
ORD-106816,P005,West,2.0,2026-02-22,Completed
ORD-106817,P006,North,2.0,2026-05-25,Completed
ORD-106818,P001,South,4.0,2026-01-31,pending
ORD-106819,P001,West,1.0,2026-01-29,pending
ORD-106820,P002,West,1.0,2026-05-27,pending
ORD-106821,P006,East,4.0,2026-06-20,completed
ORD-106822,P007,South,4.0,2026-02-08,Completed
ORD-106823,P006,West,3.0,2026-04-17,cancelled
ORD-106824,P008,West,3.0,2026-04-06,Completed
ORD-106825,P010,East,1.0,2026-05-14,COMPLETED
ORD-106826,P001,South,2.0,2026-01-10,cancelled
ORD-106827,P004,South,3.0,2026-01-05,pending
ORD-106828,P003,East,4.0,2026-04-24,Completed
ORD-106829,P006,South,4.0,2026-02-02,completed
ORD-106830,P002,South,,2026-05-23,Completed
ORD-106831,P009,West,5.0,2026-01-01,COMPLETED
ORD-106832,P009,West,1.0,2026-06-20,pending
ORD-106833,P006,North,1.0,2026-02-21,Completed
ORD-106834,P009,West,5.0,2026-01-21,completed
ORD-106835,P004,West,4.0,2026-06-13,Completed
ORD-106836,P007,East,5.0,2026-06-16,completed
ORD-106837,P004,West,3.0,2026-02-10,pending
ORD-106838,P009,East,,2026-03-13,Completed
ORD-106839,P008,North,5.0,2026-06-06,COMPLETED
ORD-106840,P001,West,3.0,2026-02-27,Completed
ORD-106841,P002,South,3.0,2026-06-18,COMPLETED
ORD-106842,P003,West,3.0,2026-06-26,cancelled
ORD-106843,P008,East,2.0,2026-01-26,completed
ORD-106844,P006,West,4.0,2026-04-14,completed
ORD-106845,P003,West,3.0,2026-06-29,pending
ORD-106846,P005,North,2.0,2026-05-19,pending
ORD-106847,P009,South,1.0,2026-03-02,COMPLETED
ORD-106848,P002,West,4.0,2026-03-12,COMPLETED
ORD-106849,P010,South,1.0,2026-01-23,cancelled
ORD-106850,P006,West,2.0,2026-04-23,pending
ORD-106851,P003,West,5.0,2026-02-04,COMPLETED
ORD-106852,P005,North,2.0,2026-05-25,pending
ORD-106853,P005,East,3.0,2026-05-24,Completed
ORD-106854,P005,West,4.0,2026-03-23,cancelled
ORD-106855,P002,West,3.0,2026-03-02,completed
ORD-106856,P001,North,5.0,2026-05-30,COMPLETED
ORD-106857,P007,South,2.0,2026-04-24,pending
ORD-106858,P006,South,1.0,2026-06-01,completed
ORD-106859,P010,North,4.0,2026-03-14,completed
ORD-106860,P007,North,3.0,2026-04-09,Completed
ORD-106861,P007,West,4.0,2026-01-09,Completed
ORD-106862,P001,South,,2026-06-21,Completed
ORD-106863,P004,North,2.0,2026-05-21,completed
ORD-106864,P010,West,4.0,2026-06-08,cancelled
ORD-106865,P004,South,2.0,2026-04-24,cancelled
ORD-106866,P004,East,4.0,2026-03-17,COMPLETED
ORD-106867,P007,North,1.0,2026-05-04,pending
ORD-106868,P001,West,3.0,2026-03-30,cancelled
ORD-106869,P005,West,1.0,2026-02-19,COMPLETED
ORD-106870,P005,West,2.0,2026-04-11,completed
ORD-106871,P007,North,3.0,2026-03-06,COMPLETED
ORD-106872,P007,West,2.0,2026-05-21,completed
ORD-106873,P006,West,1.0,2026-05-13,Completed
ORD-106874,P006,North,5.0,2026-02-24,Completed
ORD-106875,P007,South,4.0,2026-04-18,pending
ORD-106876,P001,North,5.0,2026-06-25,completed
ORD-106877,P005,North,4.0,2026-01-04,completed
ORD-106878,P006,West,1.0,2026-06-05,completed
ORD-106879,P001,North,1.0,2026-01-19,cancelled
ORD-106880,P004,East,4.0,2026-05-13,Completed
ORD-106881,P005,East,4.0,2026-05-08,pending
ORD-106882,P004,North,3.0,2026-05-27,completed
ORD-106883,P004,East,4.0,2026-01-28,cancelled
ORD-106884,P002,South,2.0,2026-05-15,completed
ORD-106885,P006,South,5.0,2026-03-17,COMPLETED
ORD-106886,P003,North,5.0,2026-04-02,completed
ORD-106887,P004,East,1.0,2026-04-01,pending
ORD-106888,P005,East,2.0,2026-02-12,COMPLETED
ORD-106889,P010,North,2.0,2026-04-25,Completed
ORD-106890,P004,West,4.0,2026-05-23,cancelled
ORD-106891,P007,West,5.0,2026-01-10,pending
ORD-106892,P006,South,3.0,2026-01-19,completed
ORD-106893,P004,West,5.0,2026-05-25,cancelled
ORD-106894,P005,South,,2026-03-16,completed
ORD-106895,P009,West,5.0,2026-02-20,Completed
ORD-106896,P010,West,2.0,2026-06-25,cancelled
ORD-106897,P007,South,4.0,2026-03-04,completed
ORD-106898,P006,North,1.0,2026-03-21,Completed
ORD-106899,P004,North,5.0,2026-01-27,cancelled
ORD-106900,P001,West,4.0,2026-03-29,cancelled
ORD-106901,P008,South,5.0,2026-01-19,pending
ORD-106902,P010,North,1.0,2026-02-04,Completed
ORD-106903,P009,East,3.0,2026-04-24,completed
ORD-106904,P006,South,1.0,2026-05-09,Completed
ORD-106905,P007,West,5.0,2026-01-04,cancelled
ORD-106906,P002,South,5.0,2026-06-02,cancelled
ORD-106907,P003,East,4.0,2026-04-07,completed
ORD-106908,P004,East,4.0,2026-04-14,cancelled
ORD-106909,P005,East,3.0,2026-06-28,COMPLETED
ORD-106910,P004,East,3.0,2026-04-26,cancelled
ORD-106911,P005,South,3.0,2026-03-18,Completed
ORD-106912,P007,North,5.0,2026-06-17,COMPLETED
ORD-106913,P002,North,4.0,2026-01-27,cancelled
ORD-106914,P004,East,4.0,2026-03-01,cancelled
ORD-106915,P005,West,3.0,2026-04-18,completed
ORD-106916,P007,North,5.0,2026-05-17,Completed
ORD-106917,P009,North,2.0,2026-02-23,COMPLETED
ORD-106918,P007,North,4.0,2026-03-24,COMPLETED
ORD-106919,P009,North,3.0,2026-04-20,COMPLETED
ORD-106920,P007,South,5.0,2026-02-21,pending
ORD-106921,P003,East,3.0,2026-03-04,Completed
ORD-106922,P005,West,1.0,2026-03-24,COMPLETED
ORD-106923,P006,South,5.0,2026-05-01,pending
ORD-106924,P001,South,3.0,2026-06-13,Completed
ORD-106925,P008,West,5.0,2026-01-23,cancelled
ORD-106926,P003,West,4.0,2026-06-26,COMPLETED
ORD-106927,P008,South,2.0,2026-04-17,cancelled
ORD-106928,P001,East,3.0,2026-02-23,cancelled
ORD-106929,P009,South,1.0,2026-04-24,pending
ORD-106930,P004,South,5.0,2026-02-01,COMPLETED
ORD-106931,P002,South,1.0,2026-02-14,cancelled
ORD-106932,P003,South,3.0,2026-03-31,completed
ORD-106933,P009,East,3.0,2026-04-03,completed
ORD-106934,P009,South,5.0,2026-06-06,Completed
ORD-106935,P002,North,2.0,2026-03-08,COMPLETED
ORD-106936,P007,North,2.0,2026-02-27,pending
ORD-106937,P003,West,3.0,2026-04-21,pending
ORD-106938,P001,West,5.0,2026-03-20,cancelled
ORD-106939,P006,North,5.0,2026-04-24,pending
ORD-106940,P007,South,2.0,2026-06-17,COMPLETED
ORD-106941,P001,West,5.0,2026-05-15,cancelled
ORD-106942,P009,West,2.0,2026-03-22,COMPLETED
ORD-106943,P008,North,5.0,2026-04-09,pending
ORD-106944,P003,North,3.0,2026-02-23,pending
ORD-106945,P008,East,2.0,2026-02-15,cancelled
ORD-106946,P004,West,1.0,2026-01-20,pending
ORD-106947,P005,North,2.0,2026-04-10,cancelled
ORD-106948,P003,North,2.0,2026-05-12,cancelled
ORD-106949,P005,North,3.0,2026-06-05,cancelled
ORD-106950,P005,North,4.0,2026-05-27,Completed
ORD-106951,P005,South,1.0,2026-06-16,Completed
ORD-106952,P002,North,2.0,2026-01-16,cancelled
ORD-106953,P007,South,3.0,2026-02-15,COMPLETED
ORD-106954,P005,East,5.0,2026-01-19,COMPLETED
ORD-106955,P008,West,5.0,2026-06-07,COMPLETED
ORD-106956,P002,North,5.0,2026-01-27,cancelled
ORD-106957,P002,West,4.0,2026-01-10,completed
ORD-106958,P001,West,3.0,2026-02-16,cancelled
ORD-106959,P010,North,5.0,2026-01-05,COMPLETED
ORD-106960,P004,North,4.0,2026-05-11,Completed
ORD-106961,P005,North,4.0,2026-03-13,cancelled
ORD-106962,P008,East,4.0,2026-05-20,Completed
ORD-106963,P003,West,2.0,2026-01-20,COMPLETED
ORD-106964,P003,South,3.0,2026-02-24,completed
ORD-106965,P008,North,1.0,2026-01-20,cancelled
ORD-106966,P003,East,,2026-06-07,Completed
ORD-106967,P001,North,4.0,2026-03-30,cancelled
ORD-106968,P002,East,2.0,2026-03-06,Completed
ORD-106969,P002,North,5.0,2026-05-08,COMPLETED
ORD-106970,P006,North,5.0,2026-03-07,Completed
ORD-106971,P005,South,2.0,2026-05-29,pending
ORD-106972,P009,East,2.0,2026-01-19,completed
ORD-106973,P009,East,4.0,2026-05-31,cancelled
ORD-106974,P009,North,2.0,2026-01-01,cancelled
ORD-106975,P010,South,1.0,2026-04-21,COMPLETED
ORD-106976,P001,South,2.0,2026-05-03,COMPLETED
ORD-106977,P010,South,3.0,2026-01-17,Completed
ORD-106978,P001,South,2.0,2026-03-05,cancelled
ORD-106979,P005,West,2.0,2026-06-03,pending
ORD-106980,P004,East,2.0,2026-05-10,cancelled
ORD-106981,P007,East,5.0,2026-04-01,pending
ORD-106982,P005,East,1.0,2026-02-09,Completed
ORD-106983,P004,West,1.0,2026-01-07,COMPLETED
ORD-106984,P009,South,5.0,2026-04-16,completed
ORD-106985,P009,North,1.0,2026-03-23,COMPLETED
ORD-106986,P009,North,1.0,2026-05-07,COMPLETED
ORD-106987,P002,South,4.0,2026-05-23,cancelled
ORD-106988,P003,North,4.0,2026-01-27,COMPLETED
ORD-106989,P005,West,2.0,2026-03-07,pending
ORD-106990,P002,North,4.0,2026-06-27,COMPLETED
ORD-106991,P001,South,3.0,2026-01-08,cancelled
ORD-106992,P009,East,5.0,2026-06-23,cancelled
ORD-106993,P006,West,4.0,2026-06-22,COMPLETED
ORD-106994,P005,West,1.0,2026-06-03,cancelled
ORD-106995,P003,West,1.0,2026-02-26,COMPLETED
ORD-106996,P008,North,5.0,2026-03-09,completed
ORD-106997,P009,South,5.0,2026-01-01,Completed
ORD-106998,P009,South,2.0,2026-06-13,pending
ORD-106999,P010,East,,2026-06-10,Completed
ORD-107000,P010,East,1.0,2026-03-05,Completed
ORD-107001,P007,East,4.0,2026-06-05,COMPLETED
ORD-107002,P003,West,3.0,2026-06-26,pending
ORD-107003,P001,North,4.0,2026-02-25,cancelled
ORD-107004,P009,West,3.0,2026-01-18,pending
ORD-107005,P002,East,4.0,2026-03-05,COMPLETED
ORD-107006,P003,South,2.0,2026-06-06,completed
ORD-107007,P004,East,3.0,2026-06-09,Completed
ORD-107008,P007,East,5.0,2026-01-11,pending
ORD-107009,P008,East,1.0,2026-03-02,completed
ORD-107010,P002,West,3.0,2026-03-07,cancelled
ORD-107011,P006,West,4.0,2026-03-11,cancelled
ORD-107012,P001,North,4.0,2026-03-12,cancelled
ORD-107013,P009,East,4.0,2026-01-18,COMPLETED
ORD-107014,P010,West,4.0,2026-05-03,completed
ORD-107015,P001,South,3.0,2026-06-19,completed
ORD-107016,P006,South,4.0,2026-05-01,pending
ORD-107017,P010,North,1.0,2026-01-25,COMPLETED
ORD-107018,P002,West,3.0,2026-06-30,cancelled
ORD-107019,P010,East,1.0,2026-06-13,cancelled
ORD-107020,P003,West,1.0,2026-01-27,cancelled
ORD-107021,P010,North,5.0,2026-05-31,cancelled
ORD-107022,P003,West,1.0,2026-03-01,completed
ORD-107023,P001,East,5.0,2026-03-09,cancelled
ORD-107024,P008,South,4.0,2026-01-29,Completed
ORD-107025,P009,South,5.0,2026-01-18,completed
ORD-107026,P003,East,2.0,2026-05-06,COMPLETED
ORD-107027,P010,North,4.0,2026-06-22,completed
ORD-107028,P009,North,3.0,2026-03-16,pending
ORD-107029,P006,South,2.0,2026-04-05,completed
ORD-107030,P005,West,2.0,2026-02-24,completed
ORD-107031,P009,East,4.0,2026-03-24,completed
ORD-107032,P008,West,3.0,2026-02-01,COMPLETED
ORD-107033,P009,East,1.0,2026-01-25,completed
ORD-107034,P001,North,3.0,2026-03-11,cancelled
ORD-107035,P001,South,1.0,2026-02-08,completed
ORD-107036,P007,North,5.0,2026-03-21,cancelled
ORD-107037,P003,West,2.0,2026-05-30,Completed
ORD-107038,P009,East,3.0,2026-05-09,Completed
ORD-107039,P008,East,5.0,2026-02-22,cancelled
ORD-107040,P010,South,3.0,2026-06-03,completed
ORD-107041,P010,South,4.0,2026-05-03,COMPLETED
ORD-107042,P005,East,4.0,2026-04-25,pending
ORD-107043,P004,West,1.0,2026-06-20,COMPLETED
ORD-107044,P004,South,5.0,2026-05-31,completed
ORD-107045,P007,West,5.0,2026-06-27,COMPLETED
ORD-107046,P004,North,1.0,2026-04-13,cancelled
ORD-107047,P005,North,2.0,2026-02-27,COMPLETED
ORD-107048,P007,North,2.0,2026-01-16,completed
ORD-107049,P007,West,4.0,2026-06-24,COMPLETED
ORD-107050,P003,North,2.0,2026-05-03,cancelled
ORD-107051,P010,West,4.0,2026-06-30,Completed
ORD-107052,P006,West,3.0,2026-01-03,Completed
ORD-107053,P008,North,2.0,2026-02-10,pending
ORD-107054,P009,North,4.0,2026-06-11,cancelled
ORD-107055,P007,South,4.0,2026-02-04,completed
ORD-107056,P003,East,1.0,2026-03-31,cancelled
ORD-107057,P004,North,3.0,2026-05-28,cancelled
ORD-107058,P005,South,1.0,2026-05-04,COMPLETED
ORD-107059,P007,South,1.0,2026-04-30,Completed
ORD-107060,P007,North,1.0,2026-06-08,COMPLETED
ORD-107061,P006,South,1.0,2026-01-09,Completed
ORD-107062,P005,West,2.0,2026-01-08,Completed
ORD-107063,P001,West,4.0,2026-04-21,COMPLETED
ORD-107064,P005,North,2.0,2026-06-17,COMPLETED
ORD-107065,P003,North,4.0,2026-06-10,pending
ORD-107066,P005,East,2.0,2026-02-26,pending
ORD-107067,P007,West,1.0,2026-01-19,COMPLETED
ORD-107068,P009,South,5.0,2026-01-18,completed
ORD-107069,P006,South,2.0,2026-04-26,cancelled
ORD-107070,P008,West,3.0,2026-05-23,COMPLETED
ORD-107071,P003,North,1.0,2026-04-15,cancelled
ORD-107072,P001,East,1.0,2026-03-31,COMPLETED
ORD-107073,P003,East,4.0,2026-06-09,pending
ORD-107074,P008,East,2.0,2026-03-10,COMPLETED
ORD-107075,P010,West,3.0,2026-05-30,pending
ORD-107076,P007,South,2.0,2026-06-02,COMPLETED
ORD-107077,P007,North,2.0,2026-01-07,COMPLETED
ORD-107078,P006,East,5.0,2026-01-17,cancelled
ORD-107079,P006,South,5.0,2026-01-20,COMPLETED
ORD-107080,P010,South,2.0,2026-03-27,cancelled
ORD-107081,P004,East,3.0,2026-03-10,pending
ORD-107082,P001,North,4.0,2026-06-21,cancelled
ORD-107083,P003,South,4.0,2026-01-29,completed
ORD-107084,P007,West,2.0,2026-03-12,cancelled
ORD-107085,P006,South,2.0,2026-03-05,COMPLETED
ORD-107086,P008,North,1.0,2026-01-11,completed
ORD-107087,P005,North,4.0,2026-05-16,completed
ORD-107088,P010,East,5.0,2026-05-23,pending
ORD-107089,P005,West,3.0,2026-03-05,pending
ORD-107090,P002,West,4.0,2026-02-04,pending
ORD-107091,P004,North,1.0,2026-01-03,COMPLETED
ORD-107092,P009,North,5.0,2026-05-19,completed
ORD-107093,P009,East,,2026-01-31,Completed
ORD-107094,P005,East,5.0,2026-01-07,completed
ORD-107095,P001,West,2.0,2026-03-28,COMPLETED
ORD-107096,P009,West,5.0,2026-06-18,pending
ORD-107097,P001,South,2.0,2026-06-12,completed
ORD-107098,P002,West,4.0,2026-04-16,completed
ORD-107099,P003,North,3.0,2026-06-12,cancelled
ORD-107100,P008,East,1.0,2026-04-19,Completed
ORD-107101,P006,South,2.0,2026-05-25,completed
ORD-107102,P008,East,3.0,2026-03-10,pending
ORD-107103,P002,West,,2026-02-14,pending
ORD-107104,P003,South,3.0,2026-01-01,cancelled
ORD-107105,P006,East,1.0,2026-04-17,cancelled
ORD-107106,P007,West,5.0,2026-04-01,completed
ORD-107107,P004,East,5.0,2026-01-06,COMPLETED
ORD-107108,P001,South,5.0,2026-03-19,cancelled
ORD-107109,P005,North,3.0,2026-06-16,completed
ORD-107110,P009,South,5.0,2026-04-09,COMPLETED
ORD-107111,P004,South,1.0,2026-02-03,cancelled
ORD-107112,P003,West,1.0,2026-03-11,Completed
ORD-107113,P007,South,5.0,2026-01-26,COMPLETED
ORD-107114,P006,East,4.0,2026-05-06,completed
ORD-107115,P009,East,2.0,2026-01-04,pending
ORD-107116,P004,North,3.0,2026-03-21,COMPLETED
ORD-107117,P005,West,3.0,2026-02-06,pending
ORD-107118,P009,North,1.0,2026-05-11,cancelled
ORD-107119,P010,East,2.0,2026-04-09,Completed
ORD-107120,P006,West,4.0,2026-06-20,cancelled
ORD-107121,P003,South,2.0,2026-02-05,completed
ORD-107122,P003,East,3.0,2026-05-01,completed
ORD-107123,P009,East,4.0,2026-02-22,pending
ORD-107124,P001,South,1.0,2026-02-11,completed
ORD-107125,P008,North,1.0,2026-05-08,cancelled
ORD-107126,P003,East,1.0,2026-05-25,Completed
ORD-107127,P007,East,2.0,2026-06-19,COMPLETED
ORD-107128,P004,North,3.0,2026-03-13,Completed
ORD-107129,P010,North,2.0,2026-01-19,Completed
ORD-107130,P002,West,4.0,2026-05-16,cancelled
ORD-107131,P010,North,4.0,2026-06-13,cancelled
ORD-107132,P005,West,2.0,2026-05-01,completed
ORD-107133,P002,North,5.0,2026-01-21,Completed
ORD-107134,P009,South,5.0,2026-03-06,Completed
ORD-107135,P007,North,4.0,2026-01-05,cancelled
ORD-107136,P008,East,2.0,2026-06-08,COMPLETED
ORD-107137,P003,East,2.0,2026-02-04,pending
ORD-107138,P003,East,4.0,2026-02-04,cancelled
ORD-107139,P008,West,3.0,2026-02-16,cancelled
ORD-107140,P006,South,5.0,2026-01-13,pending
ORD-107141,P006,North,3.0,2026-02-17,pending
ORD-107142,P005,North,4.0,2026-04-21,Completed
ORD-107143,P009,West,5.0,2026-02-28,cancelled
ORD-107144,P009,East,1.0,2026-05-10,COMPLETED
ORD-107145,P008,South,5.0,2026-03-26,pending
ORD-107146,P005,West,4.0,2026-04-25,pending
ORD-107147,P004,South,2.0,2026-06-24,Completed
ORD-107148,P001,East,1.0,2026-02-08,cancelled
ORD-107149,P008,East,4.0,2026-06-01,cancelled
ORD-107150,P009,North,5.0,2026-06-20,pending
ORD-107151,P007,West,1.0,2026-02-25,Completed
ORD-107152,P010,East,3.0,2026-03-25,pending
ORD-107153,P003,North,5.0,2026-06-30,COMPLETED
ORD-107154,P008,South,3.0,2026-02-14,completed
ORD-107155,P002,East,4.0,2026-06-08,cancelled
ORD-107156,P010,South,2.0,2026-04-19,pending
ORD-107157,P010,East,5.0,2026-04-08,pending
ORD-107158,P008,West,4.0,2026-06-23,pending
ORD-107159,P003,North,1.0,2026-02-04,completed
ORD-107160,P001,East,4.0,2026-01-25,cancelled
ORD-107161,P010,West,1.0,2026-01-15,COMPLETED
ORD-107162,P008,East,5.0,2026-03-24,completed
ORD-107163,P010,West,1.0,2026-06-29,pending
ORD-107164,P001,East,3.0,2026-01-01,pending
ORD-107165,P008,East,2.0,2026-02-16,cancelled
ORD-107166,P005,West,2.0,2026-06-27,pending
ORD-107167,P005,South,3.0,2026-05-13,completed
ORD-107168,P008,West,3.0,2026-02-01,completed
ORD-107169,P003,South,3.0,2026-06-17,Completed
ORD-107170,P004,South,4.0,2026-03-25,COMPLETED
ORD-107171,P008,West,2.0,2026-06-24,COMPLETED
ORD-107172,P003,East,4.0,2026-04-10,COMPLETED
ORD-107173,P001,North,,2026-02-22,pending
ORD-107174,P008,North,4.0,2026-06-03,cancelled
ORD-107175,P002,South,1.0,2026-06-11,cancelled
ORD-107176,P002,North,3.0,2026-06-19,cancelled
ORD-107177,P007,West,3.0,2026-04-16,cancelled
ORD-107178,P003,West,2.0,2026-01-24,COMPLETED
ORD-107179,P004,West,2.0,2026-04-05,completed
ORD-107180,P004,East,4.0,2026-02-09,pending
ORD-107181,P006,East,4.0,2026-02-06,cancelled
ORD-107182,P008,East,4.0,2026-02-22,pending
ORD-107183,P002,West,2.0,2026-01-15,pending
ORD-107184,P005,West,4.0,2026-04-29,completed
ORD-107185,P003,West,5.0,2026-06-24,pending
ORD-107186,P004,West,2.0,2026-06-18,completed
ORD-107187,P010,South,4.0,2026-04-12,COMPLETED
ORD-107188,P007,East,5.0,2026-06-28,completed
ORD-107189,P010,North,3.0,2026-03-23,cancelled
ORD-107190,P007,North,4.0,2026-02-25,Completed
ORD-107191,P007,North,1.0,2026-02-07,COMPLETED
ORD-107192,P002,East,5.0,2026-04-10,cancelled
ORD-107193,P001,North,3.0,2026-03-18,Completed
ORD-107194,P008,South,3.0,2026-06-11,Completed
ORD-107195,P008,South,5.0,2026-06-10,COMPLETED
ORD-107196,P010,West,4.0,2026-05-20,completed
ORD-107197,P006,East,5.0,2026-04-03,completed
ORD-107198,P008,South,5.0,2026-01-23,cancelled
ORD-107199,P010,North,5.0,2026-06-03,Completed
ORD-107200,P008,North,5.0,2026-01-03,Completed
ORD-107201,P004,North,2.0,2026-06-28,cancelled
ORD-107202,P009,South,3.0,2026-05-27,cancelled
ORD-107203,P001,North,5.0,2026-02-10,pending
ORD-107204,P005,East,1.0,2026-01-20,Completed
ORD-107205,P010,East,3.0,2026-01-18,completed
ORD-107206,P010,West,4.0,2026-04-01,cancelled
ORD-107207,P006,South,3.0,2026-03-28,COMPLETED
ORD-107208,P003,East,1.0,2026-06-26,cancelled
ORD-107209,P004,South,5.0,2026-01-02,Completed
ORD-107210,P010,South,2.0,2026-02-27,pending
ORD-107211,P008,West,2.0,2026-05-15,COMPLETED
ORD-107212,P010,West,2.0,2026-06-16,cancelled
ORD-107213,P009,East,4.0,2026-06-20,COMPLETED
ORD-107214,P007,East,4.0,2026-03-12,Completed
ORD-107215,P009,North,1.0,2026-03-04,pending
ORD-107216,P006,North,1.0,2026-06-25,pending
ORD-107217,P008,West,3.0,2026-03-22,completed
ORD-107218,P006,North,3.0,2026-05-19,pending
ORD-107219,P001,North,5.0,2026-01-28,cancelled
ORD-107220,P008,West,3.0,2026-06-02,COMPLETED
ORD-107221,P008,North,4.0,2026-04-22,pending
ORD-107222,P009,West,4.0,2026-04-20,COMPLETED
ORD-107223,P007,South,2.0,2026-03-26,COMPLETED
ORD-107224,P008,East,4.0,2026-04-24,Completed
ORD-107225,P004,South,4.0,2026-05-03,Completed
ORD-107226,P009,North,2.0,2026-01-30,Completed
ORD-107227,P008,South,4.0,2026-03-16,Completed
ORD-107228,P005,North,2.0,2026-03-22,completed
ORD-107229,P010,North,1.0,2026-03-16,COMPLETED
ORD-107230,P008,West,,2026-02-03,cancelled
ORD-107231,P010,South,3.0,2026-04-20,COMPLETED
ORD-107232,P010,West,4.0,2026-05-05,cancelled
ORD-107233,P001,East,5.0,2026-05-27,pending
ORD-107234,P002,East,2.0,2026-04-23,cancelled
ORD-107235,P007,South,5.0,2026-04-04,pending
ORD-107236,P006,West,5.0,2026-05-15,pending
ORD-107237,P006,East,2.0,2026-06-17,completed
ORD-107238,P010,East,3.0,2026-05-18,pending
ORD-107239,P007,West,5.0,2026-01-17,COMPLETED
ORD-107240,P003,West,4.0,2026-03-28,cancelled
ORD-107241,P005,West,1.0,2026-03-02,Completed
ORD-107242,P004,East,4.0,2026-05-10,COMPLETED
ORD-107243,P007,North,5.0,2026-01-19,pending
ORD-107244,P008,East,5.0,2026-03-27,Completed
ORD-107245,P003,North,1.0,2026-02-17,completed
ORD-107246,P006,North,3.0,2026-05-31,completed
ORD-107247,P008,West,3.0,2026-02-28,COMPLETED
ORD-107248,P001,North,3.0,2026-03-24,COMPLETED
ORD-107249,P003,West,4.0,2026-03-16,completed
ORD-107250,P003,South,1.0,2026-02-18,cancelled
ORD-107251,P006,South,2.0,2026-03-02,COMPLETED
ORD-107252,P010,East,5.0,2026-05-01,pending
ORD-107253,P001,West,2.0,2026-05-27,pending
ORD-107254,P003,North,1.0,2026-06-30,pending
ORD-107255,P008,West,3.0,2026-05-24,cancelled
ORD-107256,P009,South,4.0,2026-06-16,Completed
ORD-107257,P008,South,4.0,2026-04-19,cancelled
ORD-107258,P004,South,4.0,2026-05-29,cancelled
ORD-107259,P001,West,4.0,2026-05-26,pending
ORD-107260,P006,North,1.0,2026-03-27,COMPLETED
ORD-107261,P005,North,2.0,2026-04-04,pending
ORD-107262,P007,North,1.0,2026-02-10,cancelled
ORD-107263,P010,South,2.0,2026-03-01,cancelled
ORD-107264,P006,West,3.0,2026-02-07,COMPLETED
ORD-107265,P007,North,3.0,2026-03-02,completed
ORD-107266,P006,West,4.0,2026-04-19,cancelled
ORD-107267,P006,West,3.0,2026-02-22,pending
ORD-107268,P002,West,5.0,2026-06-01,pending
ORD-107269,P005,West,3.0,2026-01-02,Completed
ORD-107270,P009,East,4.0,2026-01-01,COMPLETED
ORD-107271,P010,West,5.0,2026-06-10,Completed
ORD-107272,P010,North,1.0,2026-04-05,COMPLETED
ORD-107273,P002,North,4.0,2026-02-18,cancelled
ORD-107274,P003,South,3.0,2026-01-17,cancelled
ORD-107275,P009,West,2.0,2026-03-04,cancelled
ORD-107276,P009,South,5.0,2026-03-27,Completed
ORD-107277,P002,South,2.0,2026-03-15,cancelled
ORD-107278,P002,South,,2026-05-03,cancelled
ORD-107279,P004,North,5.0,2026-05-25,COMPLETED
ORD-107280,P009,North,3.0,2026-02-25,pending
ORD-107281,P004,North,2.0,2026-04-19,Completed
ORD-107282,P009,West,4.0,2026-04-12,completed
ORD-107283,P007,West,3.0,2026-05-02,pending
ORD-107284,P006,South,3.0,2026-04-25,COMPLETED
ORD-107285,P002,East,4.0,2026-01-01,cancelled
ORD-107286,P003,North,2.0,2026-04-01,COMPLETED
ORD-107287,P009,North,,2026-06-16,pending
ORD-107288,P006,West,3.0,2026-03-25,cancelled
ORD-107289,P009,East,2.0,2026-03-16,completed
ORD-107290,P009,South,1.0,2026-01-06,completed
ORD-107291,P005,East,4.0,2026-01-22,COMPLETED
ORD-107292,P010,North,1.0,2026-03-04,pending
ORD-107293,P002,North,3.0,2026-04-20,cancelled
ORD-107294,P007,South,1.0,2026-01-23,COMPLETED
ORD-107295,P008,East,1.0,2026-06-19,COMPLETED
ORD-107296,P006,East,5.0,2026-05-22,pending
ORD-107297,P003,West,,2026-02-03,pending
ORD-107298,P010,North,4.0,2026-06-24,COMPLETED
ORD-107299,P010,South,3.0,2026-03-20,pending
ORD-107300,P001,South,4.0,2026-06-23,Completed
ORD-107301,P009,West,2.0,2026-02-25,Completed
ORD-107302,P005,East,1.0,2026-04-03,cancelled
ORD-107303,P001,South,1.0,2026-05-15,COMPLETED
ORD-107304,P003,East,5.0,2026-03-08,cancelled
ORD-107305,P007,South,1.0,2026-06-29,completed
ORD-107306,P001,East,5.0,2026-03-08,completed
ORD-107307,P005,West,2.0,2026-06-29,COMPLETED
ORD-107308,P002,North,4.0,2026-03-19,completed
ORD-107309,P008,West,4.0,2026-01-14,completed
ORD-107310,P010,North,4.0,2026-05-09,pending
ORD-107311,P009,South,2.0,2026-01-27,pending
ORD-107312,P005,North,5.0,2026-04-08,completed
ORD-107313,P006,North,3.0,2026-01-14,COMPLETED
ORD-107314,P007,South,2.0,2026-04-09,completed
ORD-107315,P003,South,2.0,2026-03-31,cancelled
ORD-107316,P007,West,2.0,2026-06-01,pending
ORD-107317,P006,East,3.0,2026-05-08,completed
ORD-107318,P009,West,2.0,2026-01-16,Completed
ORD-107319,P002,West,4.0,2026-03-28,completed
ORD-107320,P005,West,1.0,2026-02-14,COMPLETED
ORD-107321,P005,North,3.0,2026-04-25,completed
ORD-107322,P005,North,4.0,2026-03-09,COMPLETED
ORD-107323,P005,South,4.0,2026-03-30,pending
ORD-107324,P005,East,5.0,2026-04-05,completed
ORD-107325,P004,North,5.0,2026-04-29,cancelled
ORD-107326,P007,North,5.0,2026-02-04,Completed
ORD-107327,P008,West,2.0,2026-03-05,COMPLETED
ORD-107328,P003,West,,2026-05-02,cancelled
ORD-107329,P005,North,3.0,2026-06-18,COMPLETED
ORD-107330,P001,West,2.0,2026-02-13,COMPLETED
ORD-107331,P004,South,3.0,2026-03-14,cancelled
ORD-107332,P002,South,4.0,2026-05-23,Completed
ORD-107333,P002,East,3.0,2026-02-23,COMPLETED
ORD-107334,P002,East,2.0,2026-01-03,COMPLETED
ORD-107335,P003,East,,2026-05-04,cancelled
ORD-107336,P009,North,3.0,2026-05-09,pending
ORD-107337,P003,North,4.0,2026-06-28,completed
ORD-107338,P003,South,1.0,2026-04-11,Completed
ORD-107339,P010,West,1.0,2026-02-24,Completed
ORD-107340,P003,West,2.0,2026-04-15,Completed
ORD-107341,P003,South,4.0,2026-04-15,cancelled
ORD-107342,P005,East,5.0,2026-04-22,completed
ORD-107343,P010,East,5.0,2026-06-12,cancelled
ORD-107344,P008,South,3.0,2026-03-17,COMPLETED
ORD-107345,P010,South,2.0,2026-06-06,cancelled
ORD-107346,P008,West,4.0,2026-03-30,cancelled
ORD-107347,P009,North,3.0,2026-03-08,Completed
ORD-107348,P007,West,5.0,2026-06-16,Completed
ORD-107349,P003,South,1.0,2026-01-09,Completed
ORD-107350,P002,West,3.0,2026-05-04,Completed
ORD-107351,P005,South,5.0,2026-01-11,Completed
ORD-107352,P004,North,1.0,2026-02-21,pending
ORD-107353,P001,West,5.0,2026-01-27,completed
ORD-107354,P003,West,1.0,2026-03-05,completed
ORD-107355,P010,East,1.0,2026-02-26,completed
ORD-107356,P006,South,5.0,2026-03-12,completed
ORD-107357,P006,South,1.0,2026-05-05,COMPLETED
ORD-107358,P010,North,4.0,2026-01-22,completed
ORD-107359,P009,South,4.0,2026-04-18,COMPLETED
ORD-107360,P001,West,2.0,2026-03-16,cancelled
ORD-107361,P003,East,4.0,2026-02-06,pending
ORD-107362,P010,South,3.0,2026-02-03,completed
ORD-107363,P009,South,4.0,2026-06-28,completed
ORD-107364,P004,North,2.0,2026-03-28,completed
ORD-107365,P001,East,3.0,2026-05-16,cancelled
ORD-107366,P010,West,1.0,2026-05-29,cancelled
ORD-107367,P003,North,5.0,2026-06-07,cancelled
ORD-107368,P006,West,4.0,2026-02-17,COMPLETED
ORD-107369,P001,South,1.0,2026-05-17,cancelled
ORD-107370,P009,South,1.0,2026-06-22,cancelled
ORD-107371,P004,South,4.0,2026-05-01,completed
ORD-107372,P005,North,1.0,2026-02-20,pending
ORD-107373,P003,North,4.0,2026-01-07,Completed
ORD-107374,P007,West,,2026-01-11,Completed
ORD-107375,P005,East,3.0,2026-05-07,cancelled
ORD-107376,P010,South,2.0,2026-05-14,cancelled
ORD-107377,P004,North,2.0,2026-05-17,Completed
ORD-107378,P010,South,4.0,2026-02-23,Completed
ORD-107379,P006,North,5.0,2026-03-07,Completed
ORD-107380,P009,East,3.0,2026-06-25,COMPLETED
ORD-107381,P004,North,4.0,2026-06-14,COMPLETED
ORD-107382,P006,East,1.0,2026-06-03,completed
ORD-107383,P008,South,3.0,2026-06-11,cancelled
ORD-107384,P004,West,5.0,2026-04-13,Completed
ORD-107385,P008,East,3.0,2026-03-31,completed
ORD-107386,P005,South,3.0,2026-03-28,completed
ORD-107387,P001,West,5.0,2026-05-08,pending
ORD-107388,P001,North,2.0,2026-02-18,completed
ORD-107389,P002,East,5.0,2026-02-28,completed
ORD-107390,P005,South,3.0,2026-02-19,cancelled
ORD-107391,P010,East,,2026-04-18,completed
ORD-107392,P002,West,5.0,2026-03-21,Completed
ORD-107393,P004,South,,2026-03-25,cancelled
ORD-107394,P003,West,5.0,2026-02-14,Completed
ORD-107395,P002,East,4.0,2026-04-10,cancelled
ORD-107396,P004,North,3.0,2026-03-01,completed
ORD-107397,P009,South,1.0,2026-02-09,cancelled
ORD-107398,P002,West,5.0,2026-06-26,COMPLETED
ORD-107399,P006,East,1.0,2026-04-30,pending
ORD-107400,P010,North,5.0,2026-04-03,completed
ORD-107401,P001,West,2.0,2026-03-27,COMPLETED
ORD-107402,P003,South,3.0,2026-04-17,completed
ORD-107403,P008,South,3.0,2026-04-21,completed
ORD-107404,P004,North,2.0,2026-06-16,pending
ORD-107405,P007,North,4.0,2026-05-03,COMPLETED
ORD-107406,P007,South,2.0,2026-01-06,Completed
ORD-107407,P006,West,1.0,2026-04-25,COMPLETED
ORD-107408,P010,East,4.0,2026-01-12,COMPLETED
ORD-107409,P004,South,5.0,2026-02-08,pending
ORD-107410,P008,East,1.0,2026-06-27,COMPLETED
ORD-107411,P009,North,5.0,2026-04-29,Completed
ORD-107412,P002,North,1.0,2026-05-03,completed
ORD-107413,P002,South,1.0,2026-03-08,Completed
ORD-107414,P005,East,3.0,2026-06-29,cancelled
ORD-107415,P008,North,2.0,2026-02-25,cancelled
ORD-107416,P002,East,1.0,2026-05-01,cancelled
ORD-107417,P007,East,3.0,2026-06-02,completed
ORD-107418,P009,West,1.0,2026-04-01,Completed
ORD-107419,P005,North,1.0,2026-01-02,cancelled
ORD-107420,P007,West,,2026-01-23,completed
ORD-107421,P004,North,2.0,2026-06-16,cancelled
ORD-107422,P004,South,5.0,2026-05-17,completed
ORD-107423,P008,North,3.0,2026-02-11,cancelled
ORD-107424,P010,East,4.0,2026-04-08,COMPLETED
ORD-107425,P001,North,3.0,2026-01-08,COMPLETED
ORD-107426,P003,North,4.0,2026-04-13,pending
ORD-107427,P003,North,3.0,2026-03-16,Completed
ORD-107428,P005,South,1.0,2026-06-26,completed
ORD-107429,P005,East,4.0,2026-05-02,cancelled
ORD-107430,P003,South,1.0,2026-03-12,cancelled
ORD-107431,P005,North,4.0,2026-02-02,pending
ORD-107432,P005,North,5.0,2026-04-13,COMPLETED
ORD-107433,P002,East,2.0,2026-06-10,COMPLETED
ORD-107434,P007,East,4.0,2026-04-11,COMPLETED
ORD-107435,P007,East,2.0,2026-03-07,completed
ORD-107436,P007,East,,2026-03-11,completed
ORD-107437,P006,East,2.0,2026-06-15,cancelled
ORD-107438,P002,East,2.0,2026-02-27,completed
ORD-107439,P001,North,5.0,2026-05-08,cancelled
ORD-107440,P010,East,4.0,2026-06-25,completed
ORD-107441,P002,South,3.0,2026-05-23,completed
ORD-107442,P006,East,4.0,2026-06-12,COMPLETED
ORD-107443,P008,South,2.0,2026-03-03,COMPLETED
ORD-107444,P010,South,5.0,2026-05-01,cancelled
ORD-107445,P001,West,3.0,2026-01-25,Completed
ORD-107446,P006,North,4.0,2026-03-03,COMPLETED
ORD-107447,P001,North,2.0,2026-03-07,cancelled
ORD-107448,P001,North,5.0,2026-01-22,cancelled
ORD-107449,P009,West,1.0,2026-05-27,pending
ORD-107450,P006,North,3.0,2026-02-13,completed
ORD-107451,P010,West,2.0,2026-03-31,pending
ORD-107452,P002,East,2.0,2026-05-16,cancelled
ORD-107453,P007,North,2.0,2026-05-10,pending
ORD-107454,P010,South,4.0,2026-06-12,completed
ORD-107455,P002,East,1.0,2026-06-02,cancelled
ORD-107456,P003,North,5.0,2026-05-05,completed
ORD-107457,P007,South,1.0,2026-05-09,Completed
ORD-107458,P002,East,5.0,2026-04-28,Completed
ORD-107459,P003,South,2.0,2026-02-23,COMPLETED
ORD-107460,P007,West,1.0,2026-05-05,Completed
ORD-107461,P009,West,2.0,2026-03-30,cancelled
ORD-107462,P002,North,2.0,2026-03-08,cancelled
ORD-107463,P008,South,4.0,2026-02-18,Completed
ORD-107464,P008,South,1.0,2026-03-07,COMPLETED
ORD-107465,P003,East,4.0,2026-01-04,pending
ORD-107466,P004,East,5.0,2026-05-04,cancelled
ORD-107467,P002,East,1.0,2026-06-08,COMPLETED
ORD-107468,P010,East,1.0,2026-02-04,pending
ORD-107469,P006,West,5.0,2026-04-02,Completed
ORD-107470,P007,South,4.0,2026-03-17,pending
ORD-107471,P006,South,1.0,2026-04-27,cancelled
ORD-107472,P002,South,3.0,2026-02-02,completed
ORD-107473,P002,North,2.0,2026-06-18,completed
ORD-107474,P002,West,3.0,2026-01-08,completed
ORD-107475,P003,West,3.0,2026-03-08,pending
ORD-107476,P005,South,2.0,2026-01-27,Completed
ORD-107477,P004,North,2.0,2026-02-13,pending
ORD-107478,P006,West,5.0,2026-06-30,COMPLETED
ORD-107479,P004,North,1.0,2026-05-30,pending
ORD-107480,P006,West,2.0,2026-05-24,cancelled
ORD-107481,P010,North,1.0,2026-02-13,cancelled
ORD-107482,P009,South,1.0,2026-02-17,pending
ORD-107483,P001,South,3.0,2026-06-08,completed
ORD-107484,P010,North,5.0,2026-03-01,COMPLETED
ORD-107485,P005,South,2.0,2026-06-03,cancelled
ORD-107486,P005,West,2.0,2026-06-16,pending
ORD-107487,P002,South,4.0,2026-01-25,completed
ORD-107488,P005,East,3.0,2026-05-28,COMPLETED
ORD-107489,P006,North,4.0,2026-03-20,completed
ORD-107490,P001,South,3.0,2026-03-24,pending
ORD-107491,P009,South,5.0,2026-02-03,completed
ORD-107492,P002,North,2.0,2026-05-11,pending
ORD-107493,P004,East,2.0,2026-05-13,pending
ORD-107494,P005,West,5.0,2026-05-06,Completed
ORD-107495,P006,West,2.0,2026-05-12,cancelled
ORD-107496,P002,West,1.0,2026-04-06,COMPLETED
ORD-107497,P004,North,1.0,2026-02-25,cancelled
ORD-107498,P007,West,4.0,2026-04-17,Completed
ORD-107499,P004,North,1.0,2026-01-24,cancelled
ORD-107500,P002,East,2.0,2026-01-27,completed
ORD-107501,P010,West,1.0,2026-03-04,Completed
ORD-107502,P005,North,4.0,2026-06-25,pending
ORD-107503,P002,North,2.0,2026-04-30,cancelled
ORD-107504,P010,South,,2026-06-11,completed
ORD-107505,P009,South,1.0,2026-05-29,COMPLETED
ORD-107506,P006,South,2.0,2026-05-13,completed
ORD-107507,P007,East,3.0,2026-02-16,Completed
ORD-107508,P005,East,2.0,2026-04-21,Completed
ORD-107509,P006,North,3.0,2026-03-24,Completed
ORD-107510,P010,North,2.0,2026-06-19,cancelled
ORD-107511,P008,North,4.0,2026-06-09,Completed
ORD-107512,P001,East,5.0,2026-06-09,completed
ORD-107513,P004,East,,2026-03-22,pending
ORD-107514,P002,West,3.0,2026-05-26,COMPLETED
ORD-107515,P006,East,4.0,2026-04-22,pending
ORD-107516,P002,East,2.0,2026-04-25,completed
ORD-107517,P006,North,3.0,2026-03-08,completed
ORD-107518,P006,East,3.0,2026-06-26,completed
ORD-107519,P010,North,4.0,2026-02-14,cancelled
ORD-107520,P006,South,1.0,2026-06-03,completed
ORD-107521,P004,North,1.0,2026-03-07,COMPLETED
ORD-107522,P009,West,1.0,2026-01-14,pending
ORD-107523,P002,East,3.0,2026-03-07,COMPLETED
ORD-107524,P009,North,1.0,2026-03-07,completed
ORD-107525,P005,North,4.0,2026-01-10,COMPLETED
ORD-107526,P006,West,2.0,2026-03-06,COMPLETED
ORD-107527,P009,East,4.0,2026-04-23,completed
ORD-107528,P005,South,4.0,2026-05-22,cancelled
ORD-107529,P003,West,1.0,2026-03-22,Completed
ORD-107530,P009,West,1.0,2026-01-11,completed
ORD-107531,P009,South,1.0,2026-01-29,cancelled
ORD-107532,P006,East,1.0,2026-02-15,COMPLETED
ORD-107533,P010,North,1.0,2026-03-26,COMPLETED
ORD-107534,P001,North,3.0,2026-04-23,completed
ORD-107535,P007,East,4.0,2026-06-25,cancelled
ORD-107536,P004,North,2.0,2026-01-26,Completed
ORD-107537,P004,West,1.0,2026-02-01,Completed
ORD-107538,P006,West,5.0,2026-03-20,COMPLETED
ORD-107539,P005,West,3.0,2026-03-13,COMPLETED
ORD-107540,P009,South,3.0,2026-06-05,completed
ORD-107541,P009,South,1.0,2026-02-28,completed
ORD-107542,P004,South,3.0,2026-04-24,cancelled
ORD-107543,P010,West,3.0,2026-02-10,pending
ORD-107544,P002,East,5.0,2026-03-10,COMPLETED
ORD-107545,P001,East,5.0,2026-01-02,COMPLETED
ORD-107546,P007,South,3.0,2026-03-02,pending
ORD-107547,P009,North,4.0,2026-05-07,Completed
ORD-107548,P008,West,3.0,2026-04-12,pending
ORD-107549,P008,West,3.0,2026-02-22,Completed
ORD-107550,P005,East,1.0,2026-02-07,pending
ORD-107551,P008,West,5.0,2026-02-01,pending
ORD-107552,P008,West,4.0,2026-03-20,cancelled
ORD-107553,P007,West,5.0,2026-06-27,completed
ORD-107554,P010,South,2.0,2026-01-31,cancelled
ORD-107555,P005,East,5.0,2026-02-02,Completed
ORD-107556,P002,West,4.0,2026-04-25,completed
ORD-107557,P009,West,4.0,2026-04-01,COMPLETED
ORD-107558,P010,North,4.0,2026-01-30,Completed
ORD-107559,P010,West,3.0,2026-06-16,COMPLETED
ORD-107560,P008,West,1.0,2026-05-03,COMPLETED
ORD-107561,P001,West,4.0,2026-04-01,completed
ORD-107562,P003,North,3.0,2026-04-04,COMPLETED
ORD-107563,P005,East,5.0,2026-03-07,pending
ORD-107564,P009,West,2.0,2026-03-24,COMPLETED
ORD-107565,P007,South,3.0,2026-06-11,pending
ORD-107566,P005,East,4.0,2026-04-02,cancelled
ORD-107567,P007,South,3.0,2026-02-23,Completed
ORD-107568,P001,North,3.0,2026-03-27,Completed
ORD-107569,P001,West,4.0,2026-06-25,Completed
ORD-107570,P009,South,5.0,2026-06-10,COMPLETED
ORD-107571,P009,West,5.0,2026-05-23,pending
ORD-107572,P005,West,1.0,2026-02-10,Completed
ORD-107573,P007,North,2.0,2026-04-19,cancelled
ORD-107574,P007,East,2.0,2026-06-24,pending
ORD-107575,P005,East,4.0,2026-02-20,pending
ORD-107576,P007,West,4.0,2026-01-27,cancelled
ORD-107577,P008,East,4.0,2026-06-24,completed
ORD-107578,P007,North,4.0,2026-03-15,Completed
ORD-107579,P007,East,,2026-05-29,cancelled
ORD-107580,P003,South,1.0,2026-03-29,cancelled
ORD-107581,P010,East,4.0,2026-01-19,pending
ORD-107582,P001,South,4.0,2026-05-03,completed
ORD-107583,P001,North,3.0,2026-05-15,pending
ORD-107584,P001,South,4.0,2026-02-06,COMPLETED
ORD-107585,P004,West,2.0,2026-02-15,COMPLETED
ORD-107586,P010,North,1.0,2026-03-14,cancelled
ORD-107587,P010,East,5.0,2026-06-13,completed
ORD-107588,P002,South,3.0,2026-06-15,cancelled
ORD-107589,P005,South,1.0,2026-01-11,pending
ORD-107590,P003,West,1.0,2026-05-22,COMPLETED
ORD-107591,P007,East,1.0,2026-04-02,Completed
ORD-107592,P001,South,1.0,2026-02-18,COMPLETED
ORD-107593,P010,West,5.0,2026-04-09,COMPLETED
ORD-107594,P003,East,5.0,2026-02-25,Completed
ORD-107595,P008,East,5.0,2026-04-02,pending
ORD-107596,P005,South,4.0,2026-04-09,Completed
ORD-107597,P005,East,2.0,2026-06-10,completed
ORD-107598,P003,West,1.0,2026-04-25,cancelled
ORD-107599,P010,North,3.0,2026-02-22,completed
ORD-107600,P006,South,4.0,2026-04-01,pending
ORD-107601,P010,East,3.0,2026-02-07,pending
ORD-107602,P004,West,5.0,2026-06-26,cancelled
ORD-107603,P008,South,5.0,2026-05-31,pending
ORD-107604,P005,North,5.0,2026-06-02,cancelled
ORD-107605,P008,West,4.0,2026-02-12,pending
ORD-107606,P007,North,1.0,2026-06-07,cancelled
ORD-107607,P007,South,5.0,2026-06-30,cancelled
ORD-107608,P006,East,3.0,2026-02-16,cancelled
ORD-107609,P004,North,3.0,2026-01-20,completed
ORD-107610,P005,North,1.0,2026-01-20,pending
ORD-107611,P002,East,2.0,2026-02-04,cancelled
ORD-107612,P001,West,5.0,2026-02-16,completed
ORD-107613,P005,West,3.0,2026-06-08,COMPLETED
ORD-107614,P001,South,1.0,2026-01-21,completed
ORD-107615,P001,East,3.0,2026-01-30,cancelled
ORD-107616,P008,North,4.0,2026-02-27,completed
ORD-107617,P001,North,4.0,2026-06-28,COMPLETED
ORD-107618,P010,North,4.0,2026-02-18,COMPLETED
ORD-107619,P007,West,1.0,2026-01-08,Completed
ORD-107620,P002,West,2.0,2026-06-30,Completed
ORD-107621,P010,North,1.0,2026-05-04,completed
ORD-107622,P005,South,1.0,2026-05-25,pending
ORD-107623,P010,South,3.0,2026-02-10,completed
ORD-107624,P001,North,4.0,2026-04-17,COMPLETED
ORD-107625,P005,West,1.0,2026-06-27,Completed
ORD-107626,P006,East,5.0,2026-01-22,completed
ORD-107627,P005,North,5.0,2026-05-01,completed
ORD-107628,P001,East,3.0,2026-03-19,Completed
ORD-107629,P002,East,4.0,2026-01-29,completed
ORD-107630,P003,West,2.0,2026-05-04,COMPLETED
ORD-107631,P008,West,3.0,2026-05-05,COMPLETED
ORD-107632,P009,West,4.0,2026-03-27,COMPLETED
ORD-107633,P001,South,4.0,2026-03-11,COMPLETED
ORD-107634,P001,East,5.0,2026-04-10,cancelled
ORD-107635,P002,East,1.0,2026-05-06,pending
ORD-107636,P003,West,1.0,2026-05-08,COMPLETED
ORD-107637,P009,North,3.0,2026-05-23,pending
ORD-107638,P001,West,3.0,2026-01-20,COMPLETED
ORD-107639,P008,South,5.0,2026-01-11,cancelled
ORD-107640,P006,East,3.0,2026-01-12,completed
ORD-107641,P005,South,3.0,2026-03-13,Completed
ORD-107642,P007,North,1.0,2026-05-07,COMPLETED
ORD-107643,P001,East,2.0,2026-01-17,cancelled
ORD-107644,P009,West,2.0,2026-06-18,cancelled
ORD-107645,P009,West,2.0,2026-03-06,COMPLETED
ORD-107646,P002,North,1.0,2026-04-16,cancelled
ORD-107647,P007,North,1.0,2026-06-18,completed
ORD-107648,P007,North,2.0,2026-05-17,cancelled
ORD-107649,P006,West,2.0,2026-05-28,pending
ORD-107650,P008,West,1.0,2026-04-11,COMPLETED
ORD-107651,P005,West,3.0,2026-02-01,completed
ORD-107652,P001,West,,2026-05-07,cancelled
ORD-107653,P006,North,,2026-01-29,cancelled
ORD-107654,P008,East,3.0,2026-05-22,COMPLETED
ORD-107655,P006,West,4.0,2026-04-27,cancelled
ORD-107656,P008,West,2.0,2026-01-12,completed
ORD-107657,P010,South,2.0,2026-02-10,COMPLETED
ORD-107658,P010,East,5.0,2026-01-31,Completed
ORD-107659,P002,South,2.0,2026-04-03,COMPLETED
ORD-107660,P010,South,4.0,2026-05-05,COMPLETED
ORD-107661,P001,North,1.0,2026-05-15,COMPLETED
ORD-107662,P010,East,4.0,2026-05-30,cancelled
ORD-107663,P010,North,2.0,2026-05-17,COMPLETED
ORD-107664,P007,North,4.0,2026-02-03,completed
ORD-107665,P001,North,4.0,2026-05-24,completed
ORD-107666,P002,South,4.0,2026-04-14,Completed
ORD-107667,P008,South,3.0,2026-01-16,pending
ORD-107668,P006,North,4.0,2026-06-09,cancelled
ORD-107669,P007,West,2.0,2026-01-20,pending
ORD-107670,P007,West,2.0,2026-03-30,cancelled
ORD-107671,P001,East,4.0,2026-02-03,pending
ORD-107672,P008,South,5.0,2026-02-18,Completed
ORD-107673,P003,East,5.0,2026-03-25,completed
ORD-107674,P007,East,,2026-06-07,cancelled
ORD-107675,P009,South,5.0,2026-04-29,cancelled
ORD-107676,P002,South,3.0,2026-05-18,completed
ORD-107677,P001,North,3.0,2026-01-14,pending
ORD-107678,P005,East,2.0,2026-05-12,pending
ORD-107679,P004,North,1.0,2026-01-07,Completed
ORD-107680,P006,West,,2026-06-16,pending
ORD-107681,P010,West,4.0,2026-06-28,COMPLETED
ORD-107682,P010,South,5.0,2026-06-24,completed
ORD-107683,P005,West,1.0,2026-03-14,COMPLETED
ORD-107684,P009,North,1.0,2026-03-04,Completed
ORD-107685,P008,North,4.0,2026-06-17,cancelled
ORD-107686,P005,North,1.0,2026-04-05,completed
ORD-107687,P006,North,1.0,2026-06-11,pending
ORD-107688,P009,West,4.0,2026-03-25,Completed
ORD-107689,P009,North,2.0,2026-05-11,cancelled
ORD-107690,P005,West,2.0,2026-01-07,pending
ORD-107691,P006,West,3.0,2026-01-01,Completed
ORD-107692,P003,East,5.0,2026-01-04,COMPLETED
ORD-107693,P002,East,1.0,2026-03-23,Completed
ORD-107694,P006,East,1.0,2026-02-10,cancelled
ORD-107695,P009,West,3.0,2026-05-11,completed
ORD-107696,P006,South,5.0,2026-02-01,completed
ORD-107697,P009,East,1.0,2026-06-12,COMPLETED
ORD-107698,P002,North,1.0,2026-03-16,cancelled
ORD-107699,P005,North,3.0,2026-06-11,completed
ORD-107700,P006,South,2.0,2026-04-20,cancelled
ORD-107701,P007,South,4.0,2026-06-29,pending
ORD-107702,P010,East,5.0,2026-05-30,cancelled
ORD-107703,P010,North,2.0,2026-02-21,COMPLETED
ORD-107704,P003,North,1.0,2026-02-22,COMPLETED
ORD-107705,P007,West,4.0,2026-02-20,completed
ORD-107706,P003,North,2.0,2026-03-19,pending
ORD-107707,P005,North,3.0,2026-06-07,pending
ORD-107708,P002,South,4.0,2026-05-26,pending
ORD-107709,P005,West,4.0,2026-02-18,COMPLETED
ORD-107710,P004,East,3.0,2026-01-22,pending
ORD-107711,P005,West,1.0,2026-04-06,COMPLETED
ORD-107712,P001,East,3.0,2026-05-20,cancelled
ORD-107713,P004,North,5.0,2026-06-17,pending
ORD-107714,P010,West,2.0,2026-05-03,completed
ORD-107715,P003,North,2.0,2026-02-20,Completed
ORD-107716,P004,South,5.0,2026-06-27,cancelled
ORD-107717,P001,East,,2026-02-07,Completed
ORD-107718,P008,East,,2026-01-05,COMPLETED
ORD-107719,P004,West,4.0,2026-05-20,pending
ORD-107720,P005,North,2.0,2026-04-30,cancelled
ORD-107721,P001,West,5.0,2026-02-11,pending
ORD-107722,P007,South,1.0,2026-04-20,COMPLETED
ORD-107723,P004,South,5.0,2026-05-05,pending
ORD-107724,P003,South,1.0,2026-02-21,pending
ORD-107725,P008,North,5.0,2026-01-08,pending
ORD-107726,P003,West,4.0,2026-03-17,COMPLETED
ORD-107727,P002,West,1.0,2026-05-15,pending
ORD-107728,P009,West,4.0,2026-06-19,cancelled
ORD-107729,P009,South,1.0,2026-06-25,cancelled
ORD-107730,P009,West,,2026-05-27,cancelled
ORD-107731,P007,North,2.0,2026-05-10,cancelled
ORD-107732,P010,East,2.0,2026-01-13,COMPLETED
ORD-107733,P003,East,5.0,2026-05-20,completed
ORD-107734,P007,North,5.0,2026-05-20,Completed
ORD-107735,P003,East,5.0,2026-06-11,pending
ORD-107736,P008,West,,2026-06-04,completed
ORD-107737,P001,North,3.0,2026-05-23,pending
ORD-107738,P001,East,3.0,2026-06-08,COMPLETED
ORD-107739,P009,North,3.0,2026-04-27,pending
ORD-107740,P004,East,3.0,2026-02-19,pending
ORD-107741,P007,West,2.0,2026-06-27,cancelled
ORD-107742,P001,North,5.0,2026-02-16,completed
ORD-107743,P007,West,4.0,2026-06-30,COMPLETED
ORD-107744,P001,West,3.0,2026-03-23,Completed
ORD-107745,P001,West,1.0,2026-05-16,Completed
ORD-107746,P008,South,3.0,2026-05-15,Completed
ORD-107747,P008,South,5.0,2026-01-28,pending
ORD-107748,P008,East,1.0,2026-01-06,COMPLETED
ORD-107749,P006,North,4.0,2026-05-05,Completed
ORD-107750,P002,South,1.0,2026-03-14,cancelled
ORD-107751,P006,South,5.0,2026-04-10,pending
ORD-107752,P005,South,1.0,2026-03-06,cancelled
ORD-107753,P009,West,1.0,2026-02-10,COMPLETED
ORD-107754,P010,West,1.0,2026-05-03,pending
ORD-107755,P005,West,4.0,2026-01-04,COMPLETED
ORD-107756,P001,East,3.0,2026-01-30,cancelled
ORD-107757,P007,North,4.0,2026-02-05,pending
ORD-107758,P006,East,3.0,2026-04-20,COMPLETED
ORD-107759,P005,East,4.0,2026-02-08,cancelled
ORD-107760,P008,South,1.0,2026-02-14,cancelled
ORD-107761,P003,West,3.0,2026-02-04,completed
ORD-107762,P007,North,3.0,2026-06-20,completed
ORD-107763,P004,South,2.0,2026-05-13,pending
ORD-107764,P007,South,5.0,2026-06-21,Completed
ORD-107765,P004,West,3.0,2026-05-18,COMPLETED
ORD-107766,P007,West,4.0,2026-06-16,cancelled
ORD-107767,P002,South,3.0,2026-01-16,cancelled
ORD-107768,P005,North,3.0,2026-06-14,Completed
ORD-107769,P008,North,5.0,2026-06-16,Completed
ORD-107770,P007,West,3.0,2026-02-07,completed
ORD-107771,P007,North,2.0,2026-01-09,cancelled
ORD-107772,P007,West,1.0,2026-03-15,pending
ORD-107773,P007,East,1.0,2026-01-20,pending
ORD-107774,P002,North,4.0,2026-01-02,cancelled
ORD-107775,P006,East,3.0,2026-06-20,Completed
ORD-107776,P001,North,5.0,2026-01-14,COMPLETED
ORD-107777,P007,West,2.0,2026-02-03,completed
ORD-107778,P006,South,5.0,2026-02-16,pending
ORD-107779,P009,South,2.0,2026-04-28,Completed
ORD-107780,P002,West,4.0,2026-04-16,pending
ORD-107781,P002,West,5.0,2026-01-12,cancelled
ORD-107782,P002,West,3.0,2026-01-31,completed
ORD-107783,P003,North,4.0,2026-04-02,COMPLETED
ORD-107784,P003,West,3.0,2026-02-07,Completed
ORD-107785,P005,East,4.0,2026-05-28,COMPLETED
ORD-107786,P003,East,3.0,2026-04-21,Completed
ORD-107787,P005,West,3.0,2026-05-08,completed
ORD-107788,P002,North,3.0,2026-04-16,pending
ORD-107789,P006,West,5.0,2026-02-19,pending
ORD-107790,P008,South,1.0,2026-03-23,COMPLETED
ORD-107791,P006,South,1.0,2026-02-11,completed
ORD-107792,P007,South,,2026-03-12,Completed
ORD-107793,P003,West,3.0,2026-06-04,COMPLETED
ORD-107794,P005,South,2.0,2026-02-28,pending
ORD-107795,P005,West,4.0,2026-03-30,COMPLETED
ORD-107796,P001,West,2.0,2026-03-17,COMPLETED
ORD-107797,P007,West,5.0,2026-03-12,Completed
ORD-107798,P005,North,1.0,2026-01-27,completed
ORD-107799,P001,West,3.0,2026-06-02,Completed
ORD-107800,P010,South,2.0,2026-05-11,completed
ORD-107801,P007,East,2.0,2026-06-12,pending
ORD-107802,P003,East,5.0,2026-04-19,cancelled
ORD-107803,P001,East,1.0,2026-02-16,completed
ORD-107804,P006,East,5.0,2026-06-14,pending
ORD-107805,P002,East,3.0,2026-04-03,cancelled
ORD-107806,P006,South,2.0,2026-01-30,COMPLETED
ORD-107807,P004,East,4.0,2026-03-09,completed
ORD-107808,P009,West,2.0,2026-01-06,completed
ORD-107809,P004,East,3.0,2026-06-01,Completed
ORD-107810,P006,East,5.0,2026-04-26,completed
ORD-107811,P008,North,2.0,2026-02-23,completed
ORD-107812,P002,South,2.0,2026-01-19,completed
ORD-107813,P009,East,4.0,2026-01-21,pending
ORD-107814,P009,South,4.0,2026-05-30,completed
ORD-107815,P008,East,4.0,2026-01-15,completed
ORD-107816,P010,North,2.0,2026-04-05,cancelled
ORD-107817,P004,West,3.0,2026-02-17,Completed
ORD-107818,P003,East,1.0,2026-04-20,cancelled
ORD-107819,P010,North,4.0,2026-05-15,completed
ORD-107820,P008,South,5.0,2026-05-12,cancelled
ORD-107821,P008,East,2.0,2026-06-19,pending
ORD-107822,P010,West,2.0,2026-06-09,cancelled
ORD-107823,P010,East,3.0,2026-01-28,completed
ORD-107824,P010,South,3.0,2026-05-20,cancelled
ORD-107825,P010,South,2.0,2026-02-09,pending
ORD-107826,P001,West,3.0,2026-01-26,completed
ORD-107827,P006,East,3.0,2026-06-04,cancelled
ORD-107828,P009,North,3.0,2026-05-07,Completed
ORD-107829,P004,North,4.0,2026-02-22,pending
ORD-107830,P004,South,4.0,2026-01-19,COMPLETED
ORD-107831,P007,West,4.0,2026-01-17,cancelled
ORD-107832,P006,North,1.0,2026-06-11,completed
ORD-107833,P001,West,3.0,2026-02-13,pending
ORD-107834,P010,West,1.0,2026-04-02,COMPLETED
ORD-107835,P002,South,2.0,2026-06-12,pending
ORD-107836,P001,West,5.0,2026-06-16,completed
ORD-107837,P006,West,4.0,2026-02-25,pending
ORD-107838,P004,West,2.0,2026-02-13,cancelled
ORD-107839,P005,West,2.0,2026-06-22,cancelled
ORD-107840,P009,West,1.0,2026-06-23,completed
ORD-107841,P006,East,2.0,2026-02-11,pending
ORD-107842,P008,North,4.0,2026-02-04,pending
ORD-107843,P004,East,3.0,2026-01-25,COMPLETED
ORD-107844,P010,North,5.0,2026-03-10,cancelled
ORD-107845,P005,West,3.0,2026-03-22,Completed
ORD-107846,P009,North,2.0,2026-03-13,cancelled
ORD-107847,P008,North,4.0,2026-06-20,Completed
ORD-107848,P007,East,,2026-05-16,cancelled
ORD-107849,P001,North,2.0,2026-03-24,COMPLETED
ORD-107850,P002,North,2.0,2026-06-15,completed
ORD-107851,P009,West,1.0,2026-04-22,cancelled
ORD-107852,P006,North,3.0,2026-05-29,cancelled
ORD-107853,P007,West,4.0,2026-01-20,cancelled
ORD-107854,P001,East,3.0,2026-01-24,Completed
ORD-107855,P005,North,,2026-01-01,Completed
ORD-107856,P007,East,4.0,2026-06-17,COMPLETED
ORD-107857,P008,West,4.0,2026-04-05,COMPLETED
ORD-107858,P008,South,4.0,2026-02-19,cancelled
ORD-107859,P005,North,4.0,2026-01-22,pending
ORD-107860,P006,North,2.0,2026-06-07,Completed
ORD-107861,P004,East,4.0,2026-01-14,Completed
ORD-107862,P002,West,4.0,2026-03-21,completed
ORD-107863,P007,South,4.0,2026-03-27,Completed
ORD-107864,P001,South,3.0,2026-03-24,Completed
ORD-107865,P009,North,5.0,2026-06-02,completed
ORD-107866,P007,South,5.0,2026-02-08,cancelled
ORD-107867,P002,North,1.0,2026-04-01,cancelled
ORD-107868,P007,West,2.0,2026-02-01,cancelled
ORD-107869,P008,East,3.0,2026-01-15,completed
ORD-107870,P002,West,4.0,2026-04-28,Completed
ORD-107871,P002,East,1.0,2026-06-02,pending
ORD-107872,P010,North,3.0,2026-04-10,pending
ORD-107873,P007,South,5.0,2026-01-18,Completed
ORD-107874,P001,West,3.0,2026-05-12,cancelled
ORD-107875,P008,South,2.0,2026-05-25,cancelled
ORD-107876,P006,West,4.0,2026-06-09,pending
ORD-107877,P007,West,5.0,2026-02-15,Completed
ORD-107878,P004,North,4.0,2026-01-04,completed
ORD-107879,P006,West,5.0,2026-03-07,COMPLETED
ORD-107880,P001,South,2.0,2026-01-30,cancelled
ORD-107881,P008,North,3.0,2026-02-08,cancelled
ORD-107882,P008,North,5.0,2026-05-14,Completed
ORD-107883,P009,East,4.0,2026-02-16,COMPLETED
ORD-107884,P010,North,4.0,2026-06-14,completed
ORD-107885,P007,North,2.0,2026-03-25,Completed
ORD-107886,P002,West,4.0,2026-04-06,pending
ORD-107887,P002,North,5.0,2026-02-27,completed
ORD-107888,P006,North,4.0,2026-01-28,pending
ORD-107889,P001,East,5.0,2026-01-07,completed
ORD-107890,P005,East,3.0,2026-04-21,completed
ORD-107891,P006,North,5.0,2026-06-24,Completed
ORD-107892,P010,South,5.0,2026-03-07,completed
ORD-107893,P002,South,5.0,2026-06-09,pending
ORD-107894,P001,West,1.0,2026-01-06,cancelled
ORD-107895,P009,East,1.0,2026-01-19,cancelled
ORD-107896,P007,North,4.0,2026-04-10,Completed
ORD-107897,P010,South,4.0,2026-03-13,cancelled
ORD-107898,P001,North,5.0,2026-05-23,COMPLETED
ORD-107899,P009,East,1.0,2026-02-09,COMPLETED
ORD-107900,P010,West,5.0,2026-06-15,COMPLETED
ORD-107901,P008,East,1.0,2026-02-15,Completed
ORD-107902,P001,North,5.0,2026-02-20,cancelled
ORD-107903,P002,East,5.0,2026-04-25,cancelled
ORD-107904,P003,East,4.0,2026-02-08,cancelled
ORD-107905,P005,North,5.0,2026-06-15,COMPLETED
ORD-107906,P009,South,1.0,2026-02-24,pending
ORD-107907,P010,North,,2026-01-10,cancelled
ORD-107908,P004,East,2.0,2026-02-24,Completed
ORD-107909,P008,West,3.0,2026-05-05,pending
ORD-107910,P005,South,2.0,2026-06-23,Completed
ORD-107911,P010,East,3.0,2026-06-18,Completed
ORD-107912,P005,South,5.0,2026-03-07,completed
ORD-107913,P002,East,3.0,2026-01-31,cancelled
ORD-107914,P007,East,3.0,2026-06-04,completed
ORD-107915,P004,East,2.0,2026-06-09,Completed
ORD-107916,P004,East,,2026-05-01,Completed
ORD-107917,P010,South,3.0,2026-05-07,Completed
ORD-107918,P006,South,2.0,2026-02-08,COMPLETED
ORD-107919,P003,South,4.0,2026-01-25,pending
ORD-107920,P007,West,1.0,2026-03-25,cancelled
ORD-107921,P004,East,,2026-02-27,cancelled
ORD-107922,P005,East,5.0,2026-06-26,completed
ORD-107923,P005,South,3.0,2026-05-13,completed
ORD-107924,P008,South,2.0,2026-06-23,COMPLETED
ORD-107925,P006,West,5.0,2026-05-14,Completed
ORD-107926,P008,West,2.0,2026-01-06,COMPLETED
ORD-107927,P009,South,5.0,2026-04-29,completed
ORD-107928,P006,South,2.0,2026-04-01,cancelled
ORD-107929,P003,North,4.0,2026-02-21,COMPLETED
ORD-107930,P001,North,2.0,2026-01-17,cancelled
ORD-107931,P001,East,3.0,2026-02-25,cancelled
ORD-107932,P008,West,5.0,2026-03-28,pending
ORD-107933,P007,West,4.0,2026-02-24,pending
ORD-107934,P010,West,,2026-05-18,completed
ORD-107935,P006,South,5.0,2026-03-05,pending
ORD-107936,P002,South,2.0,2026-02-15,pending
ORD-107937,P007,West,3.0,2026-03-26,Completed
ORD-107938,P008,East,3.0,2026-04-10,completed
ORD-107939,P003,East,2.0,2026-06-10,Completed
ORD-107940,P003,South,4.0,2026-01-04,COMPLETED
ORD-107941,P005,West,5.0,2026-02-03,completed
ORD-107942,P008,West,4.0,2026-01-20,pending
ORD-107943,P010,South,3.0,2026-06-16,COMPLETED
ORD-107944,P002,West,5.0,2026-01-10,Completed
ORD-107945,P009,South,2.0,2026-02-08,pending
ORD-107946,P009,North,2.0,2026-04-07,cancelled
ORD-107947,P009,West,1.0,2026-04-06,completed
ORD-107948,P004,South,3.0,2026-04-18,cancelled
ORD-107949,P010,West,3.0,2026-03-27,completed
ORD-107950,P010,East,2.0,2026-04-09,COMPLETED
ORD-107951,P003,North,5.0,2026-05-21,pending
ORD-107952,P009,North,1.0,2026-04-09,completed
ORD-107953,P008,East,2.0,2026-01-26,Completed
ORD-107954,P007,South,4.0,2026-01-07,pending
ORD-107955,P001,East,5.0,2026-05-10,COMPLETED
ORD-107956,P005,South,4.0,2026-03-11,Completed
ORD-107957,P002,South,4.0,2026-02-20,cancelled
ORD-107958,P007,South,1.0,2026-02-24,pending
ORD-107959,P002,North,2.0,2026-06-25,pending
ORD-107960,P005,South,5.0,2026-06-28,cancelled
ORD-107961,P010,East,4.0,2026-05-05,pending
ORD-107962,P005,North,5.0,2026-02-15,completed
ORD-107963,P002,West,2.0,2026-05-15,pending
ORD-107964,P002,South,2.0,2026-06-27,cancelled
ORD-107965,P006,West,1.0,2026-06-08,Completed
ORD-107966,P001,South,1.0,2026-02-03,cancelled
ORD-107967,P009,West,1.0,2026-01-30,COMPLETED
ORD-107968,P003,South,4.0,2026-06-30,COMPLETED
ORD-107969,P009,North,5.0,2026-05-20,COMPLETED
ORD-107970,P010,North,1.0,2026-02-12,COMPLETED
ORD-107971,P002,East,4.0,2026-04-08,Completed
ORD-107972,P007,North,,2026-01-23,COMPLETED
ORD-107973,P004,North,,2026-01-25,completed
ORD-107974,P008,South,1.0,2026-06-04,Completed
ORD-107975,P007,South,5.0,2026-06-13,completed
ORD-107976,P002,West,2.0,2026-02-25,completed
ORD-107977,P010,North,3.0,2026-06-17,completed
ORD-107978,P002,West,1.0,2026-03-12,Completed
ORD-107979,P007,West,4.0,2026-01-10,Completed
ORD-107980,P001,East,5.0,2026-06-11,pending
ORD-107981,P001,South,3.0,2026-04-22,Completed
ORD-107982,P004,East,,2026-02-22,cancelled
ORD-107983,P003,South,1.0,2026-04-18,completed
ORD-107984,P005,East,1.0,2026-05-28,cancelled
ORD-107985,P004,East,3.0,2026-01-10,completed
ORD-107986,P004,South,,2026-02-26,cancelled
ORD-107987,P008,North,5.0,2026-02-21,Completed
ORD-107988,P005,West,2.0,2026-01-01,COMPLETED
ORD-107989,P010,West,2.0,2026-06-11,Completed
ORD-107990,P010,South,2.0,2026-01-13,pending
ORD-107991,P006,East,5.0,2026-05-04,completed
ORD-107992,P010,North,1.0,2026-03-23,pending
ORD-107993,P005,West,4.0,2026-01-27,cancelled
ORD-107994,P006,North,4.0,2026-01-12,pending
ORD-107995,P004,North,3.0,2026-06-15,completed
ORD-107996,P001,East,3.0,2026-02-27,COMPLETED
ORD-107997,P009,East,3.0,2026-06-22,Completed
ORD-107998,P001,North,5.0,2026-01-26,completed
ORD-107999,P003,South,,2026-02-24,cancelled
ORD-108000,P006,North,1.0,2026-01-27,pending
ORD-108001,P002,East,3.0,2026-05-05,completed
ORD-108002,P010,West,4.0,2026-02-11,cancelled
ORD-108003,P006,East,4.0,2026-01-06,Completed
ORD-108004,P003,East,5.0,2026-06-22,cancelled
ORD-108005,P006,West,2.0,2026-04-19,completed
ORD-108006,P003,East,5.0,2026-01-01,cancelled
ORD-108007,P002,South,3.0,2026-01-08,Completed
ORD-108008,P005,West,1.0,2026-05-05,COMPLETED
ORD-108009,P005,West,5.0,2026-02-06,cancelled
ORD-108010,P005,South,3.0,2026-03-28,COMPLETED
ORD-108011,P010,East,,2026-04-05,pending
ORD-108012,P001,South,1.0,2026-01-13,cancelled
ORD-108013,P010,East,3.0,2026-03-31,cancelled
ORD-108014,P005,West,5.0,2026-02-04,COMPLETED
ORD-108015,P004,North,5.0,2026-04-16,completed
ORD-108016,P010,South,1.0,2026-05-14,pending
ORD-108017,P002,West,4.0,2026-03-09,completed
ORD-108018,P003,West,,2026-02-20,COMPLETED
ORD-108019,P002,North,1.0,2026-05-06,Completed
ORD-108020,P003,South,2.0,2026-04-03,completed
ORD-108021,P004,North,2.0,2026-03-07,Completed
ORD-108022,P009,East,1.0,2026-01-08,cancelled
ORD-108023,P006,North,2.0,2026-03-10,cancelled
ORD-108024,P010,East,3.0,2026-01-10,pending
ORD-108025,P003,North,5.0,2026-05-22,Completed
ORD-108026,P004,West,1.0,2026-06-06,completed
ORD-108027,P009,West,3.0,2026-02-11,cancelled
ORD-108028,P002,North,4.0,2026-02-04,COMPLETED
ORD-108029,P007,West,4.0,2026-03-13,cancelled
ORD-108030,P005,East,3.0,2026-04-29,completed
ORD-108031,P009,East,1.0,2026-03-08,COMPLETED
ORD-108032,P004,South,1.0,2026-05-27,pending
ORD-108033,P010,West,2.0,2026-02-13,pending
ORD-108034,P006,East,1.0,2026-06-10,COMPLETED
ORD-108035,P004,South,3.0,2026-05-16,Completed
ORD-108036,P001,South,5.0,2026-03-05,cancelled
ORD-108037,P006,North,1.0,2026-05-25,pending
ORD-108038,P009,East,2.0,2026-01-10,pending
ORD-108039,P001,South,,2026-03-28,cancelled
ORD-108040,P008,North,5.0,2026-02-26,Completed
ORD-108041,P001,East,,2026-02-28,cancelled
ORD-108042,P008,West,1.0,2026-04-29,pending
ORD-108043,P002,East,,2026-01-05,cancelled
ORD-108044,P002,West,3.0,2026-05-29,cancelled
ORD-108045,P005,East,3.0,2026-03-20,completed
ORD-108046,P007,North,2.0,2026-06-01,pending
ORD-108047,P008,West,3.0,2026-04-22,Completed
ORD-108048,P002,East,3.0,2026-06-27,cancelled
ORD-108049,P008,East,4.0,2026-04-19,pending
ORD-108050,P003,West,4.0,2026-05-25,Completed
ORD-108051,P003,South,3.0,2026-05-02,Completed
ORD-108052,P008,South,5.0,2026-01-11,completed
ORD-108053,P010,North,4.0,2026-06-20,COMPLETED
ORD-108054,P002,North,3.0,2026-03-09,Completed
ORD-108055,P001,West,2.0,2026-04-25,Completed
ORD-108056,P010,West,5.0,2026-05-10,completed
ORD-108057,P007,East,1.0,2026-01-09,pending
ORD-108058,P002,North,3.0,2026-05-01,Completed
ORD-108059,P004,South,2.0,2026-04-20,cancelled
ORD-108060,P004,North,1.0,2026-05-17,pending
ORD-108061,P005,East,3.0,2026-02-19,cancelled
ORD-108062,P002,South,1.0,2026-04-22,completed
ORD-108063,P005,West,2.0,2026-04-29,completed
ORD-108064,P008,East,4.0,2026-02-22,Completed
ORD-108065,P006,North,3.0,2026-03-21,COMPLETED
ORD-108066,P007,West,2.0,2026-03-20,completed
ORD-108067,P002,East,4.0,2026-04-12,cancelled
ORD-108068,P004,North,,2026-05-02,pending
ORD-108069,P010,South,1.0,2026-03-10,completed
ORD-108070,P005,East,1.0,2026-05-21,cancelled
ORD-108071,P006,North,1.0,2026-04-21,COMPLETED
ORD-108072,P002,North,2.0,2026-05-11,COMPLETED
ORD-108073,P005,South,2.0,2026-04-13,cancelled
ORD-108074,P002,South,4.0,2026-04-30,completed
ORD-108075,P009,South,4.0,2026-04-28,Completed
ORD-108076,P002,South,5.0,2026-03-09,completed
ORD-108077,P004,South,5.0,2026-04-26,Completed
ORD-108078,P009,East,2.0,2026-01-02,completed
ORD-108079,P009,East,1.0,2026-02-28,cancelled
ORD-108080,P005,West,2.0,2026-05-06,cancelled
ORD-108081,P004,West,1.0,2026-05-24,Completed
ORD-108082,P004,South,2.0,2026-05-02,cancelled
ORD-108083,P009,North,2.0,2026-01-27,pending
ORD-108084,P003,South,2.0,2026-04-04,completed
ORD-108085,P004,West,1.0,2026-04-12,Completed
ORD-108086,P004,East,4.0,2026-05-09,pending
ORD-108087,P008,North,4.0,2026-04-14,COMPLETED
ORD-108088,P010,West,3.0,2026-01-04,pending
ORD-108089,P009,North,1.0,2026-01-19,Completed
ORD-108090,P010,West,1.0,2026-01-23,Completed
ORD-108091,P009,South,2.0,2026-05-11,pending
ORD-108092,P009,South,1.0,2026-03-26,pending
ORD-108093,P003,West,5.0,2026-02-17,completed
ORD-108094,P005,East,3.0,2026-04-19,Completed
ORD-108095,P007,South,2.0,2026-06-01,completed
ORD-108096,P008,East,4.0,2026-02-12,completed
ORD-108097,P002,West,2.0,2026-03-29,Completed
ORD-108098,P001,West,1.0,2026-06-27,completed
ORD-108099,P010,West,1.0,2026-03-13,COMPLETED
ORD-108100,P002,North,4.0,2026-02-08,completed
ORD-108101,P003,South,2.0,2026-01-10,COMPLETED
ORD-108102,P009,East,4.0,2026-04-25,Completed
ORD-108103,P004,West,4.0,2026-04-25,Completed
ORD-108104,P003,West,1.0,2026-04-26,cancelled
ORD-108105,P004,East,2.0,2026-06-06,cancelled
ORD-108106,P009,North,4.0,2026-05-26,COMPLETED
ORD-108107,P002,West,3.0,2026-06-28,Completed
ORD-108108,P007,South,4.0,2026-04-14,COMPLETED
ORD-108109,P007,East,3.0,2026-01-22,cancelled
ORD-108110,P008,West,3.0,2026-05-04,pending
ORD-108111,P003,East,5.0,2026-06-26,Completed
ORD-108112,P007,South,3.0,2026-01-19,pending
ORD-108113,P010,South,4.0,2026-02-12,completed
ORD-108114,P005,East,1.0,2026-02-03,Completed
ORD-108115,P006,West,2.0,2026-04-10,completed
ORD-108116,P008,South,5.0,2026-05-13,pending
ORD-108117,P009,West,1.0,2026-01-19,Completed
ORD-108118,P008,South,5.0,2026-04-16,COMPLETED
ORD-108119,P001,North,4.0,2026-02-27,COMPLETED
ORD-108120,P002,South,5.0,2026-06-10,completed
ORD-108121,P009,East,1.0,2026-04-07,completed
ORD-108122,P009,North,5.0,2026-04-16,cancelled
ORD-108123,P001,South,2.0,2026-05-07,completed
ORD-108124,P004,East,4.0,2026-02-02,COMPLETED
ORD-108125,P010,South,1.0,2026-03-16,completed
ORD-108126,P007,West,3.0,2026-04-06,cancelled
ORD-108127,P005,West,2.0,2026-05-14,pending
ORD-108128,P002,West,1.0,2026-01-03,COMPLETED
ORD-108129,P007,East,4.0,2026-01-16,Completed
ORD-108130,P009,East,5.0,2026-06-10,cancelled
ORD-108131,P001,West,1.0,2026-01-08,cancelled
ORD-108132,P002,East,1.0,2026-06-18,cancelled
ORD-108133,P007,North,2.0,2026-04-14,COMPLETED
ORD-108134,P005,East,4.0,2026-06-27,pending
ORD-108135,P002,North,2.0,2026-05-11,cancelled
ORD-108136,P010,East,3.0,2026-04-26,COMPLETED
ORD-108137,P007,West,3.0,2026-01-05,Completed
ORD-108138,P007,East,5.0,2026-01-06,pending
ORD-108139,P003,East,5.0,2026-06-11,cancelled
ORD-108140,P010,West,5.0,2026-04-13,completed
ORD-108141,P009,East,1.0,2026-04-30,COMPLETED
ORD-108142,P002,North,2.0,2026-03-16,COMPLETED
ORD-108143,P009,East,2.0,2026-04-24,cancelled
ORD-108144,P002,South,5.0,2026-05-25,completed
ORD-108145,P003,South,5.0,2026-02-10,COMPLETED
ORD-108146,P005,North,1.0,2026-02-25,Completed
ORD-108147,P005,East,5.0,2026-03-24,pending
ORD-108148,P010,North,3.0,2026-01-08,cancelled
ORD-108149,P007,West,2.0,2026-05-23,completed
ORD-108150,P007,South,3.0,2026-06-14,cancelled
ORD-108151,P009,West,3.0,2026-02-20,completed
ORD-108152,P001,North,4.0,2026-03-14,cancelled
ORD-108153,P008,West,5.0,2026-04-08,Completed
ORD-108154,P003,East,4.0,2026-02-03,cancelled
ORD-108155,P004,North,4.0,2026-04-30,COMPLETED
ORD-108156,P006,North,1.0,2026-04-26,pending
ORD-108157,P005,East,2.0,2026-03-27,pending
ORD-108158,P010,East,2.0,2026-06-26,pending
ORD-108159,P009,West,4.0,2026-02-05,cancelled
ORD-108160,P010,North,4.0,2026-03-13,cancelled
ORD-108161,P008,West,5.0,2026-03-11,pending
ORD-108162,P007,North,4.0,2026-06-04,pending
ORD-108163,P007,North,3.0,2026-03-01,completed
ORD-108164,P009,South,1.0,2026-06-27,pending
ORD-108165,P005,North,3.0,2026-06-06,COMPLETED
ORD-108166,P008,South,4.0,2026-03-13,Completed
ORD-108167,P006,East,2.0,2026-03-18,cancelled
ORD-108168,P009,North,3.0,2026-04-16,COMPLETED
ORD-108169,P008,South,3.0,2026-06-16,completed
ORD-108170,P008,North,2.0,2026-03-23,pending
ORD-108171,P002,West,2.0,2026-03-06,cancelled
ORD-108172,P009,North,4.0,2026-02-13,pending
ORD-108173,P010,North,1.0,2026-06-05,pending
ORD-108174,P006,West,1.0,2026-05-17,cancelled
ORD-108175,P006,North,5.0,2026-01-08,Completed
ORD-108176,P010,South,4.0,2026-06-10,cancelled
ORD-108177,P010,East,4.0,2026-05-03,Completed
ORD-108178,P002,West,4.0,2026-05-03,Completed
ORD-108179,P007,West,5.0,2026-04-15,cancelled
ORD-108180,P002,South,5.0,2026-04-14,cancelled
ORD-108181,P004,North,2.0,2026-05-17,Completed
ORD-108182,P007,East,5.0,2026-02-03,pending
ORD-108183,P007,North,4.0,2026-03-19,cancelled
ORD-108184,P006,West,3.0,2026-03-12,Completed
ORD-108185,P007,East,2.0,2026-03-18,COMPLETED
ORD-108186,P010,East,2.0,2026-06-16,completed
ORD-108187,P008,South,5.0,2026-04-08,completed
ORD-108188,P002,South,5.0,2026-06-29,Completed
ORD-108189,P005,South,1.0,2026-05-10,pending
ORD-108190,P003,East,4.0,2026-01-05,COMPLETED
ORD-108191,P001,East,4.0,2026-03-15,pending
ORD-108192,P007,North,1.0,2026-06-03,pending
ORD-108193,P003,South,3.0,2026-02-25,Completed
ORD-108194,P005,East,1.0,2026-01-04,COMPLETED
ORD-108195,P008,East,2.0,2026-03-25,cancelled
ORD-108196,P007,West,1.0,2026-05-13,Completed
ORD-108197,P008,South,2.0,2026-04-25,Completed
ORD-108198,P006,East,1.0,2026-04-22,completed
ORD-108199,P009,East,4.0,2026-03-10,cancelled
ORD-108200,P007,West,2.0,2026-01-22,pending
ORD-108201,P006,West,1.0,2026-01-14,Completed
ORD-108202,P002,East,4.0,2026-05-17,Completed
ORD-108203,P003,West,2.0,2026-06-13,Completed
ORD-108204,P005,West,3.0,2026-06-12,COMPLETED
ORD-108205,P007,South,1.0,2026-01-17,Completed
ORD-108206,P009,West,2.0,2026-03-13,cancelled
ORD-108207,P005,North,5.0,2026-03-19,pending
ORD-108208,P010,North,2.0,2026-02-14,COMPLETED
ORD-108209,P004,East,3.0,2026-03-28,cancelled
ORD-108210,P003,West,1.0,2026-05-17,cancelled
ORD-108211,P009,South,5.0,2026-01-22,COMPLETED
ORD-108212,P008,North,3.0,2026-03-27,completed
ORD-108213,P008,East,5.0,2026-06-22,COMPLETED
ORD-108214,P001,South,1.0,2026-04-06,COMPLETED
ORD-108215,P006,West,1.0,2026-03-10,Completed
ORD-108216,P001,North,4.0,2026-04-13,completed
ORD-108217,P002,East,4.0,2026-06-09,Completed
ORD-108218,P008,East,1.0,2026-02-09,Completed
ORD-108219,P002,East,2.0,2026-03-22,pending
ORD-108220,P005,South,3.0,2026-03-11,COMPLETED
ORD-108221,P001,South,2.0,2026-01-16,completed
ORD-108222,P010,North,5.0,2026-04-01,cancelled
ORD-108223,P004,East,5.0,2026-01-04,completed
ORD-108224,P001,East,2.0,2026-03-03,Completed
ORD-108225,P010,West,3.0,2026-02-10,COMPLETED
ORD-108226,P006,East,4.0,2026-06-30,Completed
ORD-108227,P009,West,3.0,2026-03-19,cancelled
ORD-108228,P009,South,2.0,2026-06-27,pending
ORD-108229,P004,East,1.0,2026-06-04,pending
ORD-108230,P006,East,5.0,2026-01-21,cancelled
ORD-108231,P009,North,5.0,2026-02-17,COMPLETED
ORD-108232,P008,South,5.0,2026-02-16,Completed
ORD-108233,P001,North,5.0,2026-06-24,cancelled
ORD-108234,P006,East,1.0,2026-06-11,cancelled
ORD-108235,P005,West,3.0,2026-03-29,cancelled
ORD-108236,P008,South,4.0,2026-01-01,completed
ORD-108237,P009,West,4.0,2026-06-13,COMPLETED
ORD-108238,P001,North,1.0,2026-05-29,cancelled
ORD-108239,P006,South,4.0,2026-06-19,pending
ORD-108240,P001,East,1.0,2026-04-29,cancelled
ORD-108241,P005,East,4.0,2026-05-17,Completed
ORD-108242,P010,North,3.0,2026-02-12,COMPLETED
ORD-108243,P001,West,1.0,2026-06-24,pending
ORD-108244,P008,North,2.0,2026-01-21,completed
ORD-108245,P004,West,5.0,2026-04-12,completed
ORD-108246,P007,East,4.0,2026-06-08,completed
ORD-108247,P007,West,1.0,2026-04-17,completed
ORD-108248,P008,South,4.0,2026-06-27,COMPLETED
ORD-108249,P007,South,1.0,2026-04-04,pending
ORD-108250,P004,South,,2026-01-28,completed
ORD-108251,P002,North,5.0,2026-04-09,Completed
ORD-108252,P003,East,5.0,2026-01-24,completed
ORD-108253,P001,East,4.0,2026-05-07,cancelled
ORD-108254,P005,North,1.0,2026-02-23,COMPLETED
ORD-108255,P003,South,4.0,2026-05-23,Completed
ORD-108256,P004,East,3.0,2026-02-03,COMPLETED
ORD-108257,P008,North,4.0,2026-01-30,completed
ORD-108258,P007,South,4.0,2026-04-27,pending
ORD-108259,P009,South,1.0,2026-06-08,pending
ORD-108260,P002,North,5.0,2026-01-11,completed
ORD-108261,P009,East,5.0,2026-06-19,completed
ORD-108262,P002,North,3.0,2026-06-17,cancelled
ORD-108263,P005,West,5.0,2026-04-30,COMPLETED
ORD-108264,P008,West,2.0,2026-04-04,Completed
ORD-108265,P007,West,3.0,2026-06-10,pending
ORD-108266,P005,North,1.0,2026-05-06,pending
ORD-108267,P010,South,4.0,2026-06-08,pending
ORD-108268,P005,West,2.0,2026-05-19,completed
ORD-108269,P009,East,2.0,2026-01-02,Completed
ORD-108270,P005,North,5.0,2026-02-24,Completed
ORD-108271,P001,North,,2026-04-29,Completed
ORD-108272,P007,East,4.0,2026-04-30,COMPLETED
ORD-108273,P004,West,1.0,2026-06-07,cancelled
ORD-108274,P004,South,1.0,2026-05-16,cancelled
ORD-108275,P003,South,3.0,2026-06-12,pending
ORD-108276,P003,West,2.0,2026-01-23,cancelled
ORD-108277,P004,South,5.0,2026-06-25,completed
ORD-108278,P005,North,5.0,2026-05-22,cancelled
ORD-108279,P002,South,5.0,2026-01-28,completed
ORD-108280,P005,South,3.0,2026-03-19,cancelled
ORD-108281,P008,North,4.0,2026-02-02,completed
ORD-108282,P007,North,,2026-05-13,pending
ORD-108283,P002,West,4.0,2026-06-18,Completed
ORD-108284,P006,North,4.0,2026-02-02,cancelled
ORD-108285,P004,West,1.0,2026-06-17,cancelled
ORD-108286,P001,West,4.0,2026-04-12,COMPLETED
ORD-108287,P007,North,2.0,2026-03-20,COMPLETED
ORD-108288,P010,West,3.0,2026-03-21,Completed
ORD-108289,P008,South,3.0,2026-03-16,cancelled
ORD-108290,P008,West,2.0,2026-04-08,pending
ORD-108291,P006,West,4.0,2026-01-23,completed
ORD-108292,P004,South,1.0,2026-02-11,completed
ORD-108293,P005,North,3.0,2026-06-23,completed
ORD-108294,P008,North,1.0,2026-06-15,pending
ORD-108295,P010,South,1.0,2026-04-08,COMPLETED
ORD-108296,P008,South,5.0,2026-05-06,cancelled
ORD-108297,P002,North,5.0,2026-06-29,COMPLETED
ORD-108298,P004,East,2.0,2026-02-28,pending
ORD-108299,P001,South,5.0,2026-04-22,completed
ORD-108300,P006,West,2.0,2026-06-28,completed
ORD-108301,P010,North,1.0,2026-05-17,pending
ORD-108302,P004,South,5.0,2026-03-09,Completed
ORD-108303,P007,East,1.0,2026-03-05,pending
ORD-108304,P008,South,2.0,2026-04-24,COMPLETED
ORD-108305,P005,West,2.0,2026-01-25,completed
ORD-108306,P009,East,5.0,2026-05-06,cancelled
ORD-108307,P005,East,2.0,2026-05-08,Completed
ORD-108308,P007,South,5.0,2026-05-16,cancelled
ORD-108309,P001,South,3.0,2026-06-04,completed
ORD-108310,P007,South,5.0,2026-06-22,completed
ORD-108311,P009,East,2.0,2026-03-21,cancelled
ORD-108312,P003,West,2.0,2026-04-23,completed
ORD-108313,P003,North,5.0,2026-03-28,cancelled
ORD-108314,P007,South,3.0,2026-04-14,completed
ORD-108315,P010,East,4.0,2026-04-24,cancelled
ORD-108316,P006,South,5.0,2026-02-16,cancelled
ORD-108317,P009,North,2.0,2026-03-26,completed
ORD-108318,P008,North,2.0,2026-04-05,COMPLETED
ORD-108319,P003,East,4.0,2026-06-11,completed
ORD-108320,P006,North,4.0,2026-01-02,COMPLETED
ORD-108321,P006,North,4.0,2026-05-15,COMPLETED
ORD-108322,P009,East,5.0,2026-04-28,Completed
ORD-108323,P002,West,4.0,2026-02-15,pending
ORD-108324,P004,East,5.0,2026-02-20,Completed
ORD-108325,P003,East,5.0,2026-03-07,pending
ORD-108326,P002,North,3.0,2026-04-10,Completed
ORD-108327,P005,West,3.0,2026-01-28,COMPLETED
ORD-108328,P007,East,5.0,2026-01-28,completed
ORD-108329,P001,North,4.0,2026-06-17,Completed
ORD-108330,P010,North,5.0,2026-06-14,pending
ORD-108331,P004,East,1.0,2026-03-22,completed
ORD-108332,P003,West,4.0,2026-04-28,cancelled
ORD-108333,P002,West,3.0,2026-03-24,Completed
ORD-108334,P010,North,3.0,2026-01-02,COMPLETED
ORD-108335,P008,East,,2026-05-26,pending
ORD-108336,P001,South,,2026-06-18,pending
ORD-108337,P010,South,1.0,2026-02-10,cancelled
ORD-108338,P005,West,3.0,2026-01-25,completed
ORD-108339,P003,South,3.0,2026-06-27,COMPLETED
ORD-108340,P003,East,2.0,2026-04-17,pending
ORD-108341,P001,South,4.0,2026-02-13,COMPLETED
ORD-108342,P007,West,1.0,2026-02-15,pending
ORD-108343,P001,North,1.0,2026-04-04,pending
ORD-108344,P009,North,,2026-05-11,Completed
ORD-108345,P001,East,4.0,2026-01-01,pending
ORD-108346,P003,West,4.0,2026-05-20,Completed
ORD-108347,P003,South,,2026-01-14,completed
ORD-108348,P001,North,4.0,2026-05-19,pending
ORD-108349,P003,South,5.0,2026-02-12,cancelled
ORD-108350,P007,West,3.0,2026-06-15,COMPLETED
ORD-108351,P002,North,5.0,2026-03-31,completed
ORD-108352,P008,South,2.0,2026-01-01,pending
ORD-108353,P003,East,2.0,2026-06-27,pending
ORD-108354,P007,East,2.0,2026-02-25,COMPLETED
ORD-108355,P010,West,5.0,2026-02-12,pending
ORD-108356,P008,East,3.0,2026-06-15,pending
ORD-108357,P002,South,2.0,2026-01-14,Completed
ORD-108358,P006,East,2.0,2026-04-03,pending
ORD-108359,P004,West,5.0,2026-03-09,pending
ORD-108360,P002,North,1.0,2026-04-22,COMPLETED
ORD-108361,P006,West,1.0,2026-05-23,Completed
ORD-108362,P010,North,5.0,2026-04-15,pending
ORD-108363,P001,East,4.0,2026-06-23,pending
ORD-108364,P006,South,2.0,2026-06-10,cancelled
ORD-108365,P010,North,3.0,2026-05-11,pending
ORD-108366,P002,North,2.0,2026-01-19,pending
ORD-108367,P005,East,4.0,2026-03-28,COMPLETED
ORD-108368,P010,North,5.0,2026-03-07,Completed
ORD-108369,P007,West,5.0,2026-02-17,completed
ORD-108370,P008,South,1.0,2026-06-18,pending
ORD-108371,P001,West,1.0,2026-04-02,pending
ORD-108372,P008,South,3.0,2026-03-15,cancelled
ORD-108373,P006,South,5.0,2026-06-25,Completed
ORD-108374,P006,East,4.0,2026-03-30,pending
ORD-108375,P001,East,5.0,2026-06-29,completed
ORD-108376,P001,East,5.0,2026-01-27,completed
ORD-108377,P003,West,3.0,2026-02-24,Completed
ORD-108378,P005,East,1.0,2026-06-08,completed
ORD-108379,P003,North,1.0,2026-03-30,cancelled
ORD-108380,P008,East,4.0,2026-02-05,completed
ORD-108381,P010,West,2.0,2026-04-03,COMPLETED
ORD-108382,P009,West,4.0,2026-05-03,Completed
ORD-108383,P001,South,2.0,2026-06-25,pending
ORD-108384,P010,North,1.0,2026-01-08,completed
ORD-108385,P007,East,3.0,2026-03-05,completed
ORD-108386,P009,East,2.0,2026-01-04,completed
ORD-108387,P003,South,,2026-02-10,pending
ORD-108388,P008,West,4.0,2026-03-30,pending
ORD-108389,P003,West,4.0,2026-05-09,COMPLETED
ORD-108390,P006,South,4.0,2026-03-30,pending
ORD-108391,P006,East,,2026-04-09,cancelled
ORD-108392,P007,West,4.0,2026-03-10,COMPLETED
ORD-108393,P009,North,1.0,2026-05-02,completed
ORD-108394,P003,East,3.0,2026-03-29,COMPLETED
ORD-108395,P004,East,5.0,2026-03-03,COMPLETED
ORD-108396,P003,East,5.0,2026-05-30,COMPLETED
ORD-108397,P005,North,1.0,2026-04-27,COMPLETED
ORD-108398,P006,East,4.0,2026-01-10,Completed
ORD-108399,P004,North,3.0,2026-05-04,completed
ORD-108400,P002,North,1.0,2026-05-14,Completed
ORD-108401,P009,West,3.0,2026-06-15,pending
ORD-108402,P006,East,5.0,2026-03-25,pending
ORD-108403,P002,South,2.0,2026-06-20,COMPLETED
ORD-108404,P002,West,4.0,2026-06-07,completed
ORD-108405,P002,North,4.0,2026-05-14,cancelled
ORD-108406,P008,South,3.0,2026-03-17,pending
ORD-108407,P010,East,4.0,2026-01-01,completed
ORD-108408,P005,West,3.0,2026-02-27,cancelled
ORD-108409,P005,South,3.0,2026-06-04,cancelled
ORD-108410,P007,South,4.0,2026-06-28,completed
ORD-108411,P007,North,5.0,2026-06-11,cancelled
ORD-108412,P008,East,3.0,2026-04-09,pending
ORD-108413,P001,East,5.0,2026-05-19,cancelled
ORD-108414,P006,North,4.0,2026-02-11,pending
ORD-108415,P001,North,2.0,2026-06-13,completed
ORD-108416,P003,North,4.0,2026-04-18,COMPLETED
ORD-108417,P001,East,5.0,2026-02-05,COMPLETED
ORD-108418,P009,West,3.0,2026-04-24,pending
ORD-108419,P002,South,1.0,2026-06-13,Completed
ORD-108420,P001,South,2.0,2026-05-07,completed
ORD-108421,P009,South,3.0,2026-06-27,completed
ORD-108422,P003,East,2.0,2026-03-02,Completed
ORD-108423,P003,North,2.0,2026-04-05,COMPLETED
ORD-108424,P006,West,1.0,2026-03-23,cancelled
ORD-108425,P003,West,2.0,2026-06-29,COMPLETED
ORD-108426,P002,South,4.0,2026-03-14,Completed
ORD-108427,P003,North,1.0,2026-05-07,cancelled
ORD-108428,P005,North,1.0,2026-06-12,completed
ORD-108429,P007,West,3.0,2026-01-01,COMPLETED
ORD-108430,P004,East,1.0,2026-02-23,Completed
ORD-108431,P007,South,4.0,2026-02-23,COMPLETED
ORD-108432,P002,South,5.0,2026-04-14,cancelled
ORD-108433,P001,East,3.0,2026-02-13,completed
ORD-108434,P005,South,1.0,2026-06-23,cancelled
ORD-108435,P003,South,5.0,2026-06-16,COMPLETED
ORD-108436,P001,East,2.0,2026-03-09,cancelled
ORD-108437,P001,South,2.0,2026-06-12,COMPLETED
ORD-108438,P005,West,2.0,2026-06-17,COMPLETED
ORD-108439,P001,East,2.0,2026-03-23,completed
ORD-108440,P007,North,5.0,2026-01-20,completed
ORD-108441,P001,East,5.0,2026-03-10,Completed
ORD-108442,P008,South,1.0,2026-04-04,pending
ORD-108443,P008,East,2.0,2026-01-10,Completed
ORD-108444,P006,East,5.0,2026-04-04,COMPLETED
ORD-108445,P010,North,2.0,2026-05-23,pending
ORD-108446,P005,West,4.0,2026-02-23,pending
ORD-108447,P009,North,3.0,2026-01-11,cancelled
ORD-108448,P004,North,2.0,2026-02-21,cancelled
ORD-108449,P007,East,,2026-01-01,COMPLETED
ORD-108450,P008,North,3.0,2026-04-05,completed
ORD-108451,P006,West,3.0,2026-04-16,pending
ORD-108452,P010,North,3.0,2026-06-06,pending
ORD-108453,P007,West,2.0,2026-06-01,Completed
ORD-108454,P004,East,3.0,2026-02-13,Completed
ORD-108455,P001,West,1.0,2026-01-16,pending
ORD-108456,P002,West,4.0,2026-01-10,completed
ORD-108457,P004,South,1.0,2026-04-08,completed
ORD-108458,P005,North,2.0,2026-02-07,pending
ORD-108459,P007,South,2.0,2026-01-28,Completed
ORD-108460,P009,North,2.0,2026-04-16,COMPLETED
ORD-108461,P006,South,5.0,2026-03-18,Completed
ORD-108462,P003,South,,2026-03-15,Completed
ORD-108463,P003,North,,2026-06-29,completed
ORD-108464,P004,West,5.0,2026-02-03,Completed
ORD-108465,P009,South,2.0,2026-06-18,COMPLETED
ORD-108466,P001,West,2.0,2026-06-14,COMPLETED
ORD-108467,P004,East,1.0,2026-02-11,cancelled
ORD-108468,P007,East,5.0,2026-02-17,COMPLETED
ORD-108469,P007,West,5.0,2026-05-05,pending
ORD-108470,P008,East,1.0,2026-04-28,COMPLETED
ORD-108471,P001,South,,2026-05-22,cancelled
ORD-108472,P001,North,2.0,2026-06-02,cancelled
ORD-108473,P001,West,1.0,2026-02-02,COMPLETED
ORD-108474,P007,South,4.0,2026-05-01,Completed
ORD-108475,P007,South,5.0,2026-02-17,pending
ORD-108476,P010,West,2.0,2026-05-01,pending
ORD-108477,P003,East,5.0,2026-06-26,Completed
ORD-108478,P002,West,2.0,2026-03-13,Completed
ORD-108479,P003,South,1.0,2026-02-11,Completed
ORD-108480,P009,South,2.0,2026-03-25,COMPLETED
ORD-108481,P010,West,1.0,2026-01-08,pending
ORD-108482,P005,North,3.0,2026-01-11,completed
ORD-108483,P003,East,2.0,2026-03-21,pending
ORD-108484,P003,East,1.0,2026-03-06,pending
ORD-108485,P010,South,3.0,2026-02-26,completed
ORD-108486,P005,South,5.0,2026-04-17,Completed
ORD-108487,P004,West,3.0,2026-06-14,Completed
ORD-108488,P006,South,5.0,2026-05-22,cancelled
ORD-108489,P009,East,1.0,2026-06-14,pending
ORD-108490,P001,South,5.0,2026-03-29,COMPLETED
ORD-108491,P006,West,3.0,2026-05-24,completed
ORD-108492,P009,South,4.0,2026-06-29,Completed
ORD-108493,P004,South,,2026-02-16,cancelled
ORD-108494,P001,West,1.0,2026-05-24,pending
ORD-108495,P007,East,3.0,2026-06-04,cancelled
ORD-108496,P008,West,3.0,2026-03-14,Completed
ORD-108497,P010,East,3.0,2026-01-26,cancelled
ORD-108498,P006,West,2.0,2026-01-11,cancelled
ORD-108499,P001,East,3.0,2026-02-14,COMPLETED
ORD-108500,P002,North,3.0,2026-01-29,COMPLETED
ORD-108501,P007,East,2.0,2026-02-15,cancelled
ORD-108502,P007,West,5.0,2026-04-25,completed
ORD-108503,P010,North,5.0,2026-03-09,cancelled
ORD-108504,P005,North,4.0,2026-05-04,COMPLETED
ORD-108505,P003,East,2.0,2026-03-15,completed
ORD-108506,P007,East,2.0,2026-03-23,Completed
ORD-108507,P007,North,2.0,2026-06-12,COMPLETED
ORD-108508,P001,South,3.0,2026-06-28,Completed
ORD-108509,P005,North,1.0,2026-02-18,COMPLETED
ORD-108510,P007,South,1.0,2026-05-17,pending
ORD-108511,P006,North,2.0,2026-03-03,Completed
ORD-108512,P006,West,4.0,2026-02-11,COMPLETED
ORD-108513,P008,West,4.0,2026-05-21,cancelled
ORD-108514,P005,South,2.0,2026-03-14,completed
ORD-108515,P008,North,1.0,2026-06-18,completed
ORD-108516,P002,North,3.0,2026-01-10,pending
ORD-108517,P001,West,3.0,2026-04-06,Completed
ORD-108518,P002,West,5.0,2026-01-29,completed
ORD-108519,P001,East,1.0,2026-03-13,completed
ORD-108520,P008,South,3.0,2026-02-13,pending
ORD-108521,P003,East,2.0,2026-01-08,completed
ORD-108522,P007,North,1.0,2026-03-16,Completed
ORD-108523,P002,West,3.0,2026-01-16,Completed
ORD-108524,P002,East,1.0,2026-01-08,Completed
ORD-108525,P002,West,1.0,2026-04-04,cancelled
ORD-108526,P007,West,3.0,2026-01-04,completed
ORD-108527,P005,East,3.0,2026-01-30,completed
ORD-108528,P006,North,1.0,2026-04-14,COMPLETED
ORD-108529,P003,West,2.0,2026-04-28,completed
ORD-108530,P006,West,3.0,2026-02-28,completed
ORD-108531,P002,West,4.0,2026-01-21,completed
ORD-108532,P005,East,3.0,2026-02-23,completed
ORD-108533,P001,North,4.0,2026-04-11,COMPLETED
ORD-108534,P001,East,4.0,2026-06-11,Completed
ORD-108535,P006,South,1.0,2026-03-31,cancelled
ORD-108536,P004,North,1.0,2026-05-08,cancelled
ORD-108537,P003,North,3.0,2026-03-24,COMPLETED
ORD-108538,P003,North,4.0,2026-03-18,completed
ORD-108539,P010,South,2.0,2026-04-20,Completed
ORD-108540,P007,North,5.0,2026-01-10,pending
ORD-108541,P010,North,5.0,2026-03-02,completed
ORD-108542,P005,North,5.0,2026-01-16,pending
ORD-108543,P002,West,1.0,2026-02-12,pending
ORD-108544,P003,South,4.0,2026-06-19,COMPLETED
ORD-108545,P002,East,3.0,2026-03-27,COMPLETED
ORD-108546,P004,East,2.0,2026-03-18,cancelled
ORD-108547,P007,South,5.0,2026-03-08,cancelled
ORD-108548,P010,West,5.0,2026-04-11,completed
ORD-108549,P002,East,2.0,2026-01-10,pending
ORD-108550,P003,West,3.0,2026-06-28,Completed
ORD-108551,P001,West,5.0,2026-04-20,pending
ORD-108552,P004,West,5.0,2026-06-19,completed
ORD-108553,P001,North,2.0,2026-05-07,COMPLETED
ORD-108554,P001,South,1.0,2026-05-09,Completed
ORD-108555,P004,East,2.0,2026-01-25,completed
ORD-108556,P009,South,4.0,2026-02-16,completed
ORD-108557,P007,South,,2026-06-14,cancelled
ORD-108558,P003,East,2.0,2026-05-31,cancelled
ORD-108559,P007,West,4.0,2026-01-15,completed
ORD-108560,P002,East,,2026-01-06,Completed
ORD-108561,P010,South,4.0,2026-01-07,cancelled
ORD-108562,P008,West,,2026-02-25,pending
ORD-108563,P007,South,5.0,2026-02-28,pending
ORD-108564,P006,West,4.0,2026-01-12,cancelled
ORD-108565,P007,East,5.0,2026-01-03,completed
ORD-108566,P001,North,1.0,2026-03-28,pending
ORD-108567,P004,West,2.0,2026-01-12,COMPLETED
ORD-108568,P001,North,3.0,2026-06-27,cancelled
ORD-108569,P005,North,3.0,2026-03-21,completed
ORD-108570,P003,South,4.0,2026-03-08,completed
ORD-108571,P006,South,5.0,2026-01-04,pending
ORD-108572,P001,West,1.0,2026-04-23,pending
ORD-108573,P002,South,5.0,2026-03-21,COMPLETED
ORD-108574,P010,South,1.0,2026-01-04,cancelled
ORD-108575,P008,North,4.0,2026-03-13,cancelled
ORD-108576,P008,East,,2026-03-27,completed
ORD-108577,P005,West,2.0,2026-02-18,completed
ORD-108578,P006,East,2.0,2026-04-25,Completed
ORD-108579,P010,North,2.0,2026-03-24,pending
ORD-108580,P007,South,1.0,2026-01-10,Completed
ORD-108581,P007,East,4.0,2026-05-07,COMPLETED
ORD-108582,P007,East,3.0,2026-05-01,completed
ORD-108583,P006,East,4.0,2026-03-05,COMPLETED
ORD-108584,P004,South,5.0,2026-06-03,completed
ORD-108585,P003,West,1.0,2026-01-15,Completed
ORD-108586,P008,North,1.0,2026-05-19,completed
ORD-108587,P004,South,1.0,2026-06-12,pending
ORD-108588,P003,East,4.0,2026-03-03,completed
ORD-108589,P010,North,3.0,2026-06-25,cancelled
ORD-108590,P009,East,4.0,2026-05-17,cancelled
ORD-108591,P002,North,4.0,2026-05-25,COMPLETED
ORD-108592,P005,North,5.0,2026-03-10,COMPLETED
ORD-108593,P007,West,2.0,2026-01-20,Completed
ORD-108594,P003,West,1.0,2026-04-30,completed
ORD-108595,P006,North,4.0,2026-03-10,completed
ORD-108596,P003,East,4.0,2026-05-14,COMPLETED
ORD-108597,P006,South,5.0,2026-05-30,pending
ORD-108598,P006,West,5.0,2026-04-09,pending
ORD-108599,P004,West,3.0,2026-02-19,Completed
ORD-108600,P010,North,5.0,2026-01-17,COMPLETED
ORD-108601,P009,West,3.0,2026-04-23,COMPLETED
ORD-108602,P005,South,4.0,2026-02-27,Completed
ORD-108603,P007,North,1.0,2026-06-14,pending
ORD-108604,P006,East,4.0,2026-04-23,pending
ORD-108605,P005,West,1.0,2026-04-24,pending
ORD-108606,P004,East,5.0,2026-06-17,completed
ORD-108607,P001,East,2.0,2026-02-10,cancelled
ORD-108608,P009,South,3.0,2026-03-29,cancelled
ORD-108609,P002,North,2.0,2026-03-23,completed
ORD-108610,P007,West,5.0,2026-05-06,pending
ORD-108611,P007,North,,2026-01-12,cancelled
ORD-108612,P006,West,2.0,2026-05-10,COMPLETED
ORD-108613,P003,West,2.0,2026-04-05,pending
ORD-108614,P004,East,1.0,2026-05-23,COMPLETED
ORD-108615,P005,East,,2026-06-10,Completed
ORD-108616,P010,West,2.0,2026-05-21,COMPLETED
ORD-108617,P007,North,3.0,2026-04-10,COMPLETED
ORD-108618,P010,West,2.0,2026-05-16,pending
ORD-108619,P007,South,5.0,2026-03-26,Completed
ORD-108620,P002,South,,2026-03-30,completed
ORD-108621,P008,North,3.0,2026-06-03,pending
ORD-108622,P008,West,1.0,2026-05-13,COMPLETED
ORD-108623,P001,South,2.0,2026-05-12,COMPLETED
ORD-108624,P006,South,2.0,2026-01-19,pending
ORD-108625,P005,East,5.0,2026-03-30,Completed
ORD-108626,P004,North,4.0,2026-05-08,COMPLETED
ORD-108627,P003,North,3.0,2026-03-31,Completed
ORD-108628,P009,North,5.0,2026-02-04,COMPLETED
ORD-108629,P001,North,4.0,2026-06-16,cancelled
ORD-108630,P008,East,,2026-03-27,COMPLETED
ORD-108631,P004,West,4.0,2026-03-23,completed
ORD-108632,P004,West,4.0,2026-04-11,completed
ORD-108633,P005,East,1.0,2026-02-16,COMPLETED
ORD-108634,P002,South,3.0,2026-04-22,cancelled
ORD-108635,P007,East,2.0,2026-01-17,COMPLETED
ORD-108636,P004,East,1.0,2026-04-17,cancelled
ORD-108637,P009,West,4.0,2026-02-11,cancelled
ORD-108638,P004,West,4.0,2026-01-16,completed
ORD-108639,P002,East,5.0,2026-05-07,cancelled
ORD-108640,P005,North,5.0,2026-01-07,Completed
ORD-108641,P006,South,3.0,2026-04-16,pending
ORD-108642,P007,West,5.0,2026-02-02,cancelled
ORD-108643,P008,West,1.0,2026-05-03,Completed
ORD-108644,P004,West,3.0,2026-03-18,COMPLETED
ORD-108645,P002,West,1.0,2026-02-19,Completed
ORD-108646,P009,South,3.0,2026-06-15,cancelled
ORD-108647,P006,South,4.0,2026-02-16,cancelled
ORD-108648,P006,South,3.0,2026-04-10,COMPLETED
ORD-108649,P005,South,5.0,2026-01-04,pending
ORD-108650,P010,West,3.0,2026-03-05,COMPLETED
ORD-108651,P004,East,2.0,2026-04-13,Completed
ORD-108652,P001,East,3.0,2026-05-29,COMPLETED
ORD-108653,P005,West,2.0,2026-05-07,pending
ORD-108654,P001,West,5.0,2026-01-18,Completed
ORD-108655,P008,East,5.0,2026-01-16,pending
ORD-108656,P006,West,3.0,2026-02-07,pending
ORD-108657,P004,East,2.0,2026-03-11,pending
ORD-108658,P010,West,2.0,2026-06-26,pending
ORD-108659,P006,East,2.0,2026-03-21,COMPLETED
ORD-108660,P001,East,5.0,2026-02-09,completed
ORD-108661,P005,West,4.0,2026-06-28,pending
ORD-108662,P009,North,4.0,2026-06-12,cancelled
ORD-108663,P004,South,3.0,2026-03-07,cancelled
ORD-108664,P008,North,5.0,2026-01-27,cancelled
ORD-108665,P004,North,4.0,2026-05-03,completed
ORD-108666,P007,North,2.0,2026-02-10,cancelled
ORD-108667,P008,South,4.0,2026-01-22,Completed
ORD-108668,P002,North,2.0,2026-03-16,completed
ORD-108669,P010,North,4.0,2026-06-26,completed
ORD-108670,P007,East,4.0,2026-02-13,pending
ORD-108671,P009,West,4.0,2026-05-14,Completed
ORD-108672,P002,South,4.0,2026-05-09,pending
ORD-108673,P003,East,5.0,2026-02-02,cancelled
ORD-108674,P008,West,4.0,2026-01-11,completed
ORD-108675,P005,East,2.0,2026-05-13,COMPLETED
ORD-108676,P008,East,2.0,2026-05-18,COMPLETED
ORD-108677,P003,North,1.0,2026-06-02,pending
ORD-108678,P004,North,4.0,2026-03-16,Completed
ORD-108679,P005,East,3.0,2026-03-29,cancelled
ORD-108680,P002,East,5.0,2026-01-17,Completed
ORD-108681,P003,North,3.0,2026-01-17,completed
ORD-108682,P008,North,1.0,2026-01-24,cancelled
ORD-108683,P008,West,5.0,2026-05-01,Completed
ORD-108684,P002,North,4.0,2026-02-23,COMPLETED
ORD-108685,P006,South,3.0,2026-03-04,Completed
ORD-108686,P006,North,3.0,2026-03-24,Completed
ORD-108687,P004,South,1.0,2026-06-27,completed
ORD-108688,P002,East,4.0,2026-02-11,cancelled
ORD-108689,P006,North,5.0,2026-06-02,pending
ORD-108690,P006,West,2.0,2026-05-27,completed
ORD-108691,P008,East,2.0,2026-01-01,COMPLETED
ORD-108692,P009,South,3.0,2026-02-20,Completed
ORD-108693,P006,East,2.0,2026-03-20,cancelled
ORD-108694,P008,South,4.0,2026-06-07,Completed
ORD-108695,P007,East,3.0,2026-06-11,COMPLETED
ORD-108696,P010,North,4.0,2026-05-10,Completed
ORD-108697,P003,West,5.0,2026-04-16,Completed
ORD-108698,P001,North,5.0,2026-04-07,COMPLETED
ORD-108699,P003,South,1.0,2026-06-07,pending
ORD-108700,P003,West,2.0,2026-03-10,COMPLETED
ORD-108701,P001,West,2.0,2026-04-21,completed
ORD-108702,P010,South,2.0,2026-05-29,completed
ORD-108703,P002,North,2.0,2026-02-05,pending
ORD-108704,P010,South,5.0,2026-05-10,completed
ORD-108705,P002,North,3.0,2026-04-05,pending
ORD-108706,P006,West,1.0,2026-03-18,cancelled
ORD-108707,P009,West,2.0,2026-01-16,completed
ORD-108708,P005,North,3.0,2026-01-08,COMPLETED
ORD-108709,P007,North,2.0,2026-05-14,completed
ORD-108710,P005,South,3.0,2026-02-24,cancelled
ORD-108711,P005,South,1.0,2026-02-20,completed
ORD-108712,P006,East,5.0,2026-03-10,Completed
ORD-108713,P010,West,1.0,2026-01-21,pending
ORD-108714,P007,North,1.0,2026-06-09,Completed
ORD-108715,P007,North,4.0,2026-03-16,COMPLETED
ORD-108716,P010,North,3.0,2026-02-02,pending
ORD-108717,P005,South,1.0,2026-05-19,pending
ORD-108718,P001,West,1.0,2026-01-20,completed
ORD-108719,P002,South,4.0,2026-03-29,completed
ORD-108720,P010,East,3.0,2026-04-09,COMPLETED
ORD-108721,P004,East,4.0,2026-06-17,Completed
ORD-108722,P003,North,4.0,2026-01-16,completed
ORD-108723,P002,South,1.0,2026-04-06,COMPLETED
ORD-108724,P004,East,2.0,2026-02-15,COMPLETED
ORD-108725,P009,North,3.0,2026-05-20,pending
ORD-108726,P008,East,5.0,2026-01-12,COMPLETED
ORD-108727,P006,North,5.0,2026-04-02,Completed
ORD-108728,P003,North,4.0,2026-03-14,COMPLETED
ORD-108729,P002,South,5.0,2026-01-21,completed
ORD-108730,P001,North,4.0,2026-03-02,cancelled
ORD-108731,P008,North,3.0,2026-06-25,Completed
ORD-108732,P002,East,4.0,2026-05-10,pending
ORD-108733,P001,South,2.0,2026-03-08,pending
ORD-108734,P001,South,5.0,2026-01-09,COMPLETED
ORD-108735,P008,South,5.0,2026-05-12,completed
ORD-108736,P004,North,4.0,2026-05-03,Completed
ORD-108737,P002,North,5.0,2026-02-09,pending
ORD-108738,P007,East,2.0,2026-05-26,completed
ORD-108739,P008,West,1.0,2026-03-06,Completed
ORD-108740,P005,East,1.0,2026-01-06,COMPLETED
ORD-108741,P001,North,5.0,2026-03-23,completed
ORD-108742,P004,North,1.0,2026-04-09,completed
ORD-108743,P001,East,1.0,2026-03-12,Completed
ORD-108744,P004,East,1.0,2026-06-20,completed
ORD-108745,P010,East,3.0,2026-03-14,Completed
ORD-108746,P010,South,3.0,2026-04-09,cancelled
ORD-108747,P002,East,2.0,2026-03-11,pending
ORD-108748,P009,North,1.0,2026-04-25,pending
ORD-108749,P004,South,2.0,2026-06-19,pending
ORD-108750,P005,West,1.0,2026-01-28,completed
ORD-108751,P002,South,1.0,2026-03-20,pending
ORD-108752,P007,South,4.0,2026-03-29,completed
ORD-108753,P003,West,4.0,2026-02-01,pending
ORD-108754,P005,North,1.0,2026-05-13,completed
ORD-108755,P002,South,2.0,2026-01-17,completed
ORD-108756,P002,West,4.0,2026-04-18,COMPLETED
ORD-108757,P006,West,2.0,2026-06-10,Completed
ORD-108758,P004,South,3.0,2026-05-21,completed
ORD-108759,P005,East,2.0,2026-03-03,Completed
ORD-108760,P009,West,5.0,2026-01-06,completed
ORD-108761,P006,North,5.0,2026-02-21,COMPLETED
ORD-108762,P001,East,1.0,2026-06-07,cancelled
ORD-108763,P009,West,4.0,2026-03-01,cancelled
ORD-108764,P003,North,4.0,2026-01-22,Completed
ORD-108765,P008,North,3.0,2026-03-15,pending
ORD-108766,P002,West,5.0,2026-03-31,pending
ORD-108767,P002,East,5.0,2026-04-06,COMPLETED
ORD-108768,P010,East,4.0,2026-04-02,COMPLETED
ORD-108769,P004,East,1.0,2026-06-10,cancelled
ORD-108770,P004,East,5.0,2026-02-02,cancelled
ORD-108771,P003,North,1.0,2026-05-26,Completed
ORD-108772,P010,West,4.0,2026-01-20,COMPLETED
ORD-108773,P002,South,2.0,2026-06-17,completed
ORD-108774,P005,East,5.0,2026-06-10,completed
ORD-108775,P004,East,4.0,2026-01-28,Completed
ORD-108776,P006,North,2.0,2026-02-28,COMPLETED
ORD-108777,P002,North,,2026-02-26,completed
ORD-108778,P004,East,3.0,2026-01-17,Completed
ORD-108779,P002,South,4.0,2026-03-14,pending
ORD-108780,P001,East,5.0,2026-04-06,Completed
ORD-108781,P003,West,,2026-05-03,Completed
ORD-108782,P007,East,4.0,2026-01-14,pending
ORD-108783,P008,West,3.0,2026-06-06,cancelled
ORD-108784,P010,East,2.0,2026-04-22,COMPLETED
ORD-108785,P001,West,5.0,2026-04-25,pending
ORD-108786,P007,South,4.0,2026-04-26,Completed
ORD-108787,P004,West,1.0,2026-05-25,cancelled
ORD-108788,P002,East,1.0,2026-01-28,COMPLETED
ORD-108789,P003,North,2.0,2026-02-02,cancelled
ORD-108790,P001,South,3.0,2026-03-14,pending
ORD-108791,P004,South,5.0,2026-03-02,completed
ORD-108792,P005,South,1.0,2026-03-01,cancelled
ORD-108793,P007,West,3.0,2026-06-09,cancelled
ORD-108794,P010,North,1.0,2026-05-05,pending
ORD-108795,P009,East,1.0,2026-05-29,completed
ORD-108796,P006,West,5.0,2026-05-07,completed
ORD-108797,P004,North,3.0,2026-05-07,pending
ORD-108798,P007,South,2.0,2026-01-03,Completed
ORD-108799,P007,East,5.0,2026-02-15,pending
ORD-108800,P005,South,3.0,2026-04-07,cancelled
ORD-108801,P009,East,5.0,2026-05-08,completed
ORD-108802,P006,West,1.0,2026-06-15,cancelled
ORD-108803,P009,East,1.0,2026-03-08,Completed
ORD-108804,P008,East,3.0,2026-03-08,Completed
ORD-108805,P008,South,4.0,2026-06-05,completed
ORD-108806,P005,West,4.0,2026-03-21,completed
ORD-108807,P002,North,5.0,2026-05-18,Completed
ORD-108808,P008,South,4.0,2026-04-23,cancelled
ORD-108809,P005,West,5.0,2026-05-31,COMPLETED
ORD-108810,P006,South,2.0,2026-06-29,Completed
ORD-108811,P002,North,4.0,2026-06-13,COMPLETED
ORD-108812,P005,South,3.0,2026-01-31,COMPLETED
ORD-108813,P006,West,1.0,2026-06-19,cancelled
ORD-108814,P010,West,1.0,2026-01-16,COMPLETED
ORD-108815,P006,South,,2026-03-28,completed
ORD-108816,P002,South,3.0,2026-05-05,completed
ORD-108817,P003,South,5.0,2026-05-01,Completed
ORD-108818,P002,South,5.0,2026-06-13,COMPLETED
ORD-108819,P007,South,3.0,2026-04-25,COMPLETED
ORD-108820,P006,South,1.0,2026-06-15,cancelled
ORD-108821,P008,East,2.0,2026-03-15,cancelled
ORD-108822,P005,East,3.0,2026-02-09,Completed
ORD-108823,P009,South,,2026-02-04,Completed
ORD-108824,P001,North,,2026-03-12,COMPLETED
ORD-108825,P010,North,4.0,2026-04-14,COMPLETED
ORD-108826,P003,North,5.0,2026-01-16,cancelled
ORD-108827,P007,West,2.0,2026-01-13,cancelled
ORD-108828,P003,North,2.0,2026-04-06,Completed
ORD-108829,P002,East,5.0,2026-05-27,Completed
ORD-108830,P003,East,4.0,2026-01-16,COMPLETED
ORD-108831,P001,West,1.0,2026-04-12,COMPLETED
ORD-108832,P009,East,3.0,2026-05-14,Completed
ORD-108833,P004,East,3.0,2026-04-12,completed
ORD-108834,P002,North,2.0,2026-01-07,completed
ORD-108835,P009,West,1.0,2026-05-26,COMPLETED
ORD-108836,P001,South,2.0,2026-04-16,completed
ORD-108837,P006,West,5.0,2026-01-31,cancelled
ORD-108838,P008,South,4.0,2026-06-01,completed
ORD-108839,P006,West,1.0,2026-05-14,COMPLETED
ORD-108840,P004,South,4.0,2026-03-11,completed
ORD-108841,P005,North,1.0,2026-02-25,cancelled
ORD-108842,P008,South,4.0,2026-02-13,COMPLETED
ORD-108843,P010,East,5.0,2026-06-02,Completed
ORD-108844,P007,East,4.0,2026-05-05,completed
ORD-108845,P002,West,4.0,2026-05-05,pending
ORD-108846,P008,North,1.0,2026-02-24,Completed
ORD-108847,P001,East,5.0,2026-06-17,Completed
ORD-108848,P004,South,2.0,2026-05-16,Completed
ORD-108849,P004,West,3.0,2026-04-30,COMPLETED
ORD-108850,P009,West,2.0,2026-01-08,COMPLETED
ORD-108851,P005,West,4.0,2026-05-21,completed
ORD-108852,P005,South,4.0,2026-01-29,COMPLETED
ORD-108853,P006,East,5.0,2026-06-11,Completed
ORD-108854,P004,West,1.0,2026-06-18,COMPLETED
ORD-108855,P007,West,1.0,2026-01-20,COMPLETED
ORD-108856,P008,West,2.0,2026-06-21,pending
ORD-108857,P007,East,1.0,2026-06-19,pending
ORD-108858,P001,South,1.0,2026-03-09,Completed
ORD-108859,P010,West,1.0,2026-06-19,COMPLETED
ORD-108860,P001,East,2.0,2026-02-22,Completed
ORD-108861,P008,East,3.0,2026-02-17,COMPLETED
ORD-108862,P007,East,3.0,2026-01-03,completed
ORD-108863,P002,North,3.0,2026-05-30,cancelled
ORD-108864,P004,South,4.0,2026-02-15,pending
ORD-108865,P002,North,5.0,2026-01-30,COMPLETED
ORD-108866,P002,East,2.0,2026-02-16,cancelled
ORD-108867,P003,North,3.0,2026-05-29,Completed
ORD-108868,P003,South,2.0,2026-02-03,pending
ORD-108869,P005,West,4.0,2026-01-19,cancelled
ORD-108870,P002,West,4.0,2026-05-06,Completed
ORD-108871,P003,East,3.0,2026-06-21,pending
ORD-108872,P009,West,4.0,2026-03-02,pending
ORD-108873,P009,South,3.0,2026-02-25,completed
ORD-108874,P009,South,2.0,2026-02-21,cancelled
ORD-108875,P002,South,4.0,2026-04-01,pending
ORD-108876,P007,North,1.0,2026-04-08,cancelled
ORD-108877,P010,West,1.0,2026-04-05,completed
ORD-108878,P001,South,3.0,2026-02-17,completed
ORD-108879,P010,West,1.0,2026-02-21,COMPLETED
ORD-108880,P008,South,2.0,2026-01-02,Completed
ORD-108881,P008,East,1.0,2026-01-23,Completed
ORD-108882,P008,West,4.0,2026-03-15,pending
ORD-108883,P004,South,4.0,2026-05-29,pending
ORD-108884,P010,East,4.0,2026-03-13,cancelled
ORD-108885,P003,South,2.0,2026-06-06,cancelled
ORD-108886,P010,South,3.0,2026-05-11,completed
ORD-108887,P008,North,5.0,2026-02-14,COMPLETED
ORD-108888,P010,North,4.0,2026-05-09,completed
ORD-108889,P009,North,5.0,2026-01-07,completed
ORD-108890,P005,South,2.0,2026-01-05,cancelled
ORD-108891,P003,East,2.0,2026-03-10,Completed
ORD-108892,P008,East,4.0,2026-04-03,Completed
ORD-108893,P003,West,2.0,2026-06-26,completed
ORD-108894,P006,South,1.0,2026-03-31,completed
ORD-108895,P007,South,2.0,2026-06-08,pending
ORD-108896,P008,East,4.0,2026-03-06,COMPLETED
ORD-108897,P002,North,2.0,2026-04-19,COMPLETED
ORD-108898,P010,North,5.0,2026-03-25,cancelled
ORD-108899,P007,East,3.0,2026-01-02,Completed
ORD-108900,P010,West,4.0,2026-04-14,completed
ORD-108901,P002,North,2.0,2026-05-12,completed
ORD-108902,P008,South,1.0,2026-02-09,pending
ORD-108903,P002,East,3.0,2026-05-18,COMPLETED
ORD-108904,P001,South,5.0,2026-04-16,COMPLETED
ORD-108905,P002,West,4.0,2026-04-07,COMPLETED
ORD-108906,P006,North,5.0,2026-06-08,cancelled
ORD-108907,P007,West,2.0,2026-05-30,Completed
ORD-108908,P004,East,5.0,2026-04-07,pending
ORD-108909,P006,North,2.0,2026-06-25,cancelled
ORD-108910,P001,South,3.0,2026-03-10,Completed
ORD-108911,P005,North,2.0,2026-06-05,cancelled
ORD-108912,P004,West,3.0,2026-01-31,COMPLETED
ORD-108913,P003,South,2.0,2026-02-16,COMPLETED
ORD-108914,P003,North,5.0,2026-06-15,cancelled
ORD-108915,P004,North,5.0,2026-05-12,completed
ORD-108916,P004,West,4.0,2026-03-07,COMPLETED
ORD-108917,P002,South,3.0,2026-01-09,pending
ORD-108918,P004,East,,2026-05-24,Completed
ORD-108919,P004,West,3.0,2026-02-13,COMPLETED
ORD-108920,P004,North,3.0,2026-03-24,cancelled
ORD-108921,P004,East,1.0,2026-06-22,cancelled
ORD-108922,P002,North,4.0,2026-06-04,Completed
ORD-108923,P004,East,1.0,2026-03-31,COMPLETED
ORD-108924,P005,South,5.0,2026-02-24,Completed
ORD-108925,P006,North,4.0,2026-03-19,pending
ORD-108926,P010,South,5.0,2026-02-06,Completed
ORD-108927,P010,East,5.0,2026-06-15,completed
ORD-108928,P003,East,1.0,2026-05-12,pending
ORD-108929,P007,North,5.0,2026-05-27,completed
ORD-108930,P007,East,5.0,2026-02-15,pending
ORD-108931,P004,East,4.0,2026-01-28,COMPLETED
ORD-108932,P002,South,4.0,2026-02-21,completed
ORD-108933,P004,West,4.0,2026-04-17,completed
ORD-108934,P007,West,3.0,2026-01-26,COMPLETED
ORD-108935,P004,West,4.0,2026-02-27,Completed
ORD-108936,P007,North,3.0,2026-05-01,cancelled
ORD-108937,P001,East,1.0,2026-04-17,Completed
ORD-108938,P002,East,4.0,2026-04-27,pending
ORD-108939,P008,West,2.0,2026-02-05,completed
ORD-108940,P005,West,2.0,2026-01-23,completed
ORD-108941,P010,West,5.0,2026-01-28,cancelled
ORD-108942,P006,West,4.0,2026-06-26,COMPLETED
ORD-108943,P001,South,3.0,2026-01-30,Completed
ORD-108944,P002,East,1.0,2026-04-26,COMPLETED
ORD-108945,P007,West,2.0,2026-01-27,pending
ORD-108946,P005,South,4.0,2026-01-13,Completed
ORD-108947,P007,East,4.0,2026-05-03,cancelled
ORD-108948,P010,North,1.0,2026-06-11,COMPLETED
ORD-108949,P003,North,4.0,2026-04-02,Completed
ORD-108950,P007,North,3.0,2026-06-23,COMPLETED
ORD-108951,P003,South,2.0,2026-05-10,Completed
ORD-108952,P010,West,2.0,2026-06-08,COMPLETED
ORD-108953,P004,East,1.0,2026-04-02,pending
ORD-108954,P008,West,3.0,2026-04-30,pending
ORD-108955,P007,South,3.0,2026-06-30,Completed
ORD-108956,P008,West,4.0,2026-06-27,Completed
ORD-108957,P009,North,1.0,2026-05-08,cancelled
ORD-108958,P006,East,3.0,2026-02-24,COMPLETED
ORD-108959,P004,East,1.0,2026-06-05,cancelled
ORD-108960,P010,East,2.0,2026-05-14,pending
ORD-108961,P005,West,1.0,2026-05-18,pending
ORD-108962,P010,South,3.0,2026-04-29,COMPLETED
ORD-108963,P002,South,5.0,2026-04-25,COMPLETED
ORD-108964,P004,East,1.0,2026-01-22,COMPLETED
ORD-108965,P003,East,1.0,2026-01-19,pending
ORD-108966,P007,West,2.0,2026-04-29,pending
ORD-108967,P006,East,1.0,2026-05-07,COMPLETED
ORD-108968,P003,West,4.0,2026-06-21,completed
ORD-108969,P004,East,4.0,2026-04-05,cancelled
ORD-108970,P004,West,4.0,2026-01-13,pending
ORD-108971,P010,East,1.0,2026-05-06,pending
ORD-108972,P001,East,1.0,2026-04-12,pending
ORD-108973,P005,West,2.0,2026-01-06,COMPLETED
ORD-108974,P007,East,3.0,2026-01-27,completed
ORD-108975,P002,North,5.0,2026-05-08,Completed
ORD-108976,P003,South,1.0,2026-01-14,Completed
ORD-108977,P010,North,3.0,2026-01-08,completed
ORD-108978,P002,East,4.0,2026-01-24,Completed
ORD-108979,P010,North,3.0,2026-05-27,COMPLETED
ORD-108980,P003,West,5.0,2026-03-03,completed
ORD-108981,P005,West,3.0,2026-06-06,COMPLETED
ORD-108982,P007,East,4.0,2026-05-20,Completed
ORD-108983,P004,South,5.0,2026-02-23,pending
ORD-108984,P005,East,1.0,2026-04-17,Completed
ORD-108985,P005,South,5.0,2026-05-24,Completed
ORD-108986,P005,South,4.0,2026-01-23,completed
ORD-108987,P007,East,3.0,2026-06-19,pending
ORD-108988,P001,East,5.0,2026-02-21,Completed
ORD-108989,P005,West,2.0,2026-01-31,Completed
ORD-108990,P005,South,1.0,2026-06-25,cancelled
ORD-108991,P002,South,1.0,2026-05-21,pending
ORD-108992,P003,West,4.0,2026-01-24,Completed
ORD-108993,P010,South,4.0,2026-02-12,cancelled
ORD-108994,P009,North,1.0,2026-01-30,pending
ORD-108995,P001,South,5.0,2026-02-09,Completed
ORD-108996,P007,West,2.0,2026-05-28,COMPLETED
ORD-108997,P008,East,3.0,2026-06-05,cancelled
ORD-108998,P005,North,5.0,2026-03-11,Completed
ORD-108999,P006,West,5.0,2026-03-16,cancelled
ORD-109000,P004,West,1.0,2026-06-01,Completed
ORD-109001,P004,East,2.0,2026-05-09,completed
ORD-109002,P004,West,5.0,2026-01-19,completed
ORD-109003,P005,North,5.0,2026-03-24,completed
ORD-109004,P004,East,2.0,2026-06-09,pending
ORD-109005,P007,South,2.0,2026-06-07,pending
ORD-109006,P002,West,4.0,2026-01-07,Completed
ORD-109007,P004,South,3.0,2026-02-24,Completed
ORD-109008,P005,North,3.0,2026-05-19,pending
ORD-109009,P007,South,5.0,2026-04-11,COMPLETED
ORD-109010,P009,East,1.0,2026-03-30,completed
ORD-109011,P001,North,3.0,2026-06-24,COMPLETED
ORD-109012,P005,East,2.0,2026-03-20,completed
ORD-109013,P008,North,5.0,2026-03-11,cancelled
ORD-109014,P001,South,4.0,2026-02-18,cancelled
ORD-109015,P006,North,3.0,2026-06-07,pending
ORD-109016,P009,North,,2026-03-03,Completed
ORD-109017,P003,East,1.0,2026-01-02,Completed
ORD-109018,P008,North,2.0,2026-02-03,pending
ORD-109019,P008,East,4.0,2026-02-14,COMPLETED
ORD-109020,P006,South,4.0,2026-01-30,completed
ORD-109021,P001,West,2.0,2026-05-07,Completed
ORD-109022,P001,South,4.0,2026-02-16,cancelled
ORD-109023,P007,South,2.0,2026-04-22,cancelled
ORD-109024,P005,South,2.0,2026-04-17,Completed
ORD-109025,P005,East,5.0,2026-04-04,COMPLETED
ORD-109026,P007,West,5.0,2026-03-31,Completed
ORD-109027,P010,North,5.0,2026-03-25,COMPLETED
ORD-109028,P005,East,2.0,2026-01-20,cancelled
ORD-109029,P007,West,2.0,2026-02-20,COMPLETED
ORD-109030,P007,East,3.0,2026-03-16,cancelled
ORD-109031,P007,East,3.0,2026-04-17,cancelled
ORD-109032,P008,East,4.0,2026-01-02,COMPLETED
ORD-109033,P001,West,5.0,2026-04-12,cancelled
ORD-109034,P005,North,5.0,2026-03-28,completed
ORD-109035,P006,South,3.0,2026-06-07,cancelled
ORD-109036,P009,North,2.0,2026-04-27,cancelled
ORD-109037,P005,West,1.0,2026-04-07,pending
ORD-109038,P001,West,1.0,2026-03-18,cancelled
ORD-109039,P004,South,1.0,2026-05-10,COMPLETED
ORD-109040,P002,South,3.0,2026-04-17,completed
ORD-109041,P003,South,2.0,2026-01-08,completed
ORD-109042,P003,North,3.0,2026-02-27,COMPLETED
ORD-109043,P007,West,3.0,2026-02-04,completed
ORD-109044,P005,West,4.0,2026-05-11,completed
ORD-109045,P006,North,5.0,2026-06-21,COMPLETED
ORD-109046,P005,South,5.0,2026-04-05,COMPLETED
ORD-109047,P004,South,3.0,2026-06-11,pending
ORD-109048,P010,North,3.0,2026-06-10,Completed
ORD-109049,P006,East,5.0,2026-06-15,cancelled
ORD-109050,P006,South,5.0,2026-01-21,completed
ORD-109051,P002,North,3.0,2026-05-21,pending
ORD-109052,P008,North,3.0,2026-03-05,pending
ORD-109053,P007,South,1.0,2026-03-03,pending
ORD-109054,P009,North,1.0,2026-06-06,COMPLETED
ORD-109055,P001,East,4.0,2026-03-14,completed
ORD-109056,P010,West,3.0,2026-06-17,completed
ORD-109057,P001,East,3.0,2026-06-30,pending
ORD-109058,P004,East,3.0,2026-03-09,Completed
ORD-109059,P002,East,5.0,2026-01-05,COMPLETED
ORD-109060,P002,South,4.0,2026-05-12,COMPLETED
ORD-109061,P005,North,5.0,2026-05-26,cancelled
ORD-109062,P003,East,3.0,2026-03-25,COMPLETED
ORD-109063,P002,North,5.0,2026-03-27,Completed
ORD-109064,P008,West,1.0,2026-04-05,cancelled
ORD-109065,P010,North,4.0,2026-04-08,completed
ORD-109066,P007,East,3.0,2026-05-31,completed
ORD-109067,P003,East,5.0,2026-05-19,Completed
ORD-109068,P007,East,3.0,2026-06-03,pending
ORD-109069,P006,South,1.0,2026-05-18,cancelled
ORD-109070,P010,South,4.0,2026-06-08,pending
ORD-109071,P002,West,3.0,2026-04-06,pending
ORD-109072,P001,North,2.0,2026-04-22,cancelled
ORD-109073,P007,North,,2026-02-01,Completed
ORD-109074,P006,South,,2026-01-20,pending
ORD-109075,P005,West,3.0,2026-04-04,cancelled
ORD-109076,P004,East,2.0,2026-06-30,pending
ORD-109077,P006,West,4.0,2026-06-12,COMPLETED
ORD-109078,P010,East,1.0,2026-05-12,Completed
ORD-109079,P009,West,1.0,2026-05-02,pending
ORD-109080,P009,North,2.0,2026-01-23,Completed
ORD-109081,P008,East,2.0,2026-06-06,Completed
ORD-109082,P004,East,3.0,2026-01-25,completed
ORD-109083,P008,West,1.0,2026-01-04,Completed
ORD-109084,P008,West,4.0,2026-05-09,Completed
ORD-109085,P004,West,5.0,2026-05-11,completed
ORD-109086,P009,South,2.0,2026-01-18,Completed
ORD-109087,P001,South,1.0,2026-05-10,COMPLETED
ORD-109088,P005,East,2.0,2026-05-13,COMPLETED
ORD-109089,P002,West,5.0,2026-06-04,completed
ORD-109090,P007,East,1.0,2026-03-07,COMPLETED
ORD-109091,P003,East,5.0,2026-06-21,completed
ORD-109092,P001,South,2.0,2026-06-30,Completed
ORD-109093,P005,West,1.0,2026-01-25,pending
ORD-109094,P004,North,4.0,2026-06-10,COMPLETED
ORD-109095,P004,North,1.0,2026-03-07,COMPLETED
ORD-109096,P008,South,1.0,2026-05-27,cancelled
ORD-109097,P004,South,5.0,2026-02-27,completed
ORD-109098,P004,South,1.0,2026-04-15,completed
ORD-109099,P006,West,5.0,2026-02-09,COMPLETED
ORD-109100,P005,South,4.0,2026-04-14,cancelled
ORD-109101,P001,North,1.0,2026-06-12,pending
ORD-109102,P003,South,4.0,2026-01-28,cancelled
ORD-109103,P007,East,2.0,2026-03-14,cancelled
ORD-109104,P003,South,2.0,2026-05-28,COMPLETED
ORD-109105,P001,North,3.0,2026-06-12,COMPLETED
ORD-109106,P010,East,,2026-04-07,Completed
ORD-109107,P010,East,5.0,2026-01-22,pending
ORD-109108,P005,East,5.0,2026-04-02,COMPLETED
ORD-109109,P010,South,4.0,2026-04-23,Completed
ORD-109110,P001,West,3.0,2026-03-15,Completed
ORD-109111,P002,East,5.0,2026-04-25,COMPLETED
ORD-109112,P010,East,3.0,2026-01-01,completed
ORD-109113,P005,East,3.0,2026-03-19,cancelled
ORD-109114,P005,North,3.0,2026-05-13,Completed
ORD-109115,P006,West,3.0,2026-02-04,completed
ORD-109116,P009,South,3.0,2026-06-06,Completed
ORD-109117,P002,East,2.0,2026-05-02,pending
ORD-109118,P002,West,5.0,2026-02-27,cancelled
ORD-109119,P006,South,4.0,2026-03-08,cancelled
ORD-109120,P008,West,3.0,2026-02-03,COMPLETED
ORD-109121,P003,East,3.0,2026-02-11,completed
ORD-109122,P004,South,1.0,2026-05-15,Completed
ORD-109123,P005,South,4.0,2026-05-02,Completed
ORD-109124,P001,East,5.0,2026-04-24,cancelled
ORD-109125,P006,West,1.0,2026-02-25,cancelled
ORD-109126,P004,South,5.0,2026-02-11,pending
ORD-109127,P009,West,3.0,2026-05-06,Completed
ORD-109128,P002,East,2.0,2026-01-01,cancelled
ORD-109129,P006,South,2.0,2026-04-02,Completed
ORD-109130,P002,East,3.0,2026-05-16,completed
ORD-109131,P001,East,5.0,2026-05-23,pending
ORD-109132,P009,North,1.0,2026-06-21,pending
ORD-109133,P010,South,4.0,2026-03-11,pending
ORD-109134,P004,South,1.0,2026-03-15,cancelled
ORD-109135,P005,South,5.0,2026-02-18,COMPLETED
ORD-109136,P006,East,3.0,2026-02-18,pending
ORD-109137,P008,West,1.0,2026-01-26,COMPLETED
ORD-109138,P001,South,2.0,2026-05-25,COMPLETED
ORD-109139,P004,North,5.0,2026-06-10,completed
ORD-109140,P008,North,2.0,2026-02-27,Completed
ORD-109141,P005,South,,2026-06-15,pending
ORD-109142,P008,East,5.0,2026-02-13,Completed
ORD-109143,P010,West,2.0,2026-01-08,completed
ORD-109144,P003,West,5.0,2026-04-04,pending
ORD-109145,P007,North,3.0,2026-06-03,completed
ORD-109146,P010,South,2.0,2026-05-09,COMPLETED
ORD-109147,P005,East,1.0,2026-06-16,cancelled
ORD-109148,P007,North,5.0,2026-05-27,Completed
ORD-109149,P002,West,5.0,2026-01-24,COMPLETED
ORD-109150,P002,West,1.0,2026-04-20,completed
ORD-109151,P009,North,3.0,2026-01-13,completed
ORD-109152,P003,West,1.0,2026-04-30,Completed
ORD-109153,P004,West,4.0,2026-01-25,COMPLETED
ORD-109154,P002,North,,2026-01-07,cancelled
ORD-109155,P007,East,3.0,2026-05-18,Completed
ORD-109156,P010,South,4.0,2026-05-02,completed
ORD-109157,P009,East,4.0,2026-03-10,Completed
ORD-109158,P001,North,1.0,2026-02-15,pending
ORD-109159,P003,West,4.0,2026-02-19,Completed
ORD-109160,P006,North,5.0,2026-01-29,completed
ORD-109161,P004,North,2.0,2026-01-23,Completed
ORD-109162,P008,East,4.0,2026-01-07,COMPLETED
ORD-109163,P009,East,2.0,2026-02-14,pending
ORD-109164,P003,East,4.0,2026-03-25,COMPLETED
ORD-109165,P005,West,1.0,2026-05-07,cancelled
ORD-109166,P010,East,5.0,2026-01-24,completed
ORD-109167,P004,East,3.0,2026-04-09,Completed
ORD-109168,P004,South,3.0,2026-04-23,cancelled
ORD-109169,P007,West,2.0,2026-04-26,Completed
ORD-109170,P007,West,4.0,2026-06-28,COMPLETED
ORD-109171,P008,North,3.0,2026-05-31,COMPLETED
ORD-109172,P003,East,2.0,2026-02-06,completed
ORD-109173,P006,West,2.0,2026-06-02,COMPLETED
ORD-109174,P005,West,4.0,2026-06-04,COMPLETED
ORD-109175,P004,North,4.0,2026-05-04,completed
ORD-109176,P004,West,2.0,2026-03-16,completed
ORD-109177,P002,North,4.0,2026-04-20,COMPLETED
ORD-109178,P004,East,1.0,2026-05-25,completed
ORD-109179,P006,South,1.0,2026-03-13,COMPLETED
ORD-109180,P001,East,4.0,2026-06-23,pending
ORD-109181,P001,West,1.0,2026-06-30,pending
ORD-109182,P009,East,3.0,2026-03-03,COMPLETED
ORD-109183,P009,South,3.0,2026-06-15,COMPLETED
ORD-109184,P009,East,4.0,2026-04-25,pending
ORD-109185,P010,East,3.0,2026-05-04,Completed
ORD-109186,P010,North,3.0,2026-06-15,Completed
ORD-109187,P007,South,3.0,2026-05-16,cancelled
ORD-109188,P009,West,5.0,2026-03-07,COMPLETED
ORD-109189,P001,West,4.0,2026-06-27,cancelled
ORD-109190,P003,South,5.0,2026-03-23,completed
ORD-109191,P006,North,4.0,2026-05-16,cancelled
ORD-109192,P009,East,1.0,2026-06-22,pending
ORD-109193,P004,South,4.0,2026-06-23,cancelled
ORD-109194,P002,South,2.0,2026-06-15,Completed
ORD-109195,P008,North,2.0,2026-01-28,pending
ORD-109196,P006,West,1.0,2026-06-06,pending
ORD-109197,P008,West,2.0,2026-03-31,Completed
ORD-109198,P001,South,2.0,2026-05-25,completed
ORD-109199,P002,East,3.0,2026-03-15,completed
ORD-109200,P010,South,3.0,2026-05-04,completed
ORD-109201,P001,West,5.0,2026-02-24,completed
ORD-109202,P007,South,5.0,2026-05-26,pending
ORD-109203,P005,North,4.0,2026-01-11,completed
ORD-109204,P004,South,4.0,2026-01-09,completed
ORD-109205,P010,North,4.0,2026-04-28,cancelled
ORD-109206,P010,West,2.0,2026-01-15,cancelled
ORD-109207,P004,North,5.0,2026-06-13,Completed
ORD-109208,P008,South,4.0,2026-03-30,completed
ORD-109209,P002,North,5.0,2026-01-12,cancelled
ORD-109210,P008,North,,2026-03-16,cancelled
ORD-109211,P001,South,4.0,2026-01-17,cancelled
ORD-109212,P002,North,1.0,2026-05-20,pending
ORD-109213,P006,West,4.0,2026-03-04,completed
ORD-109214,P001,North,2.0,2026-01-26,Completed
ORD-109215,P002,West,2.0,2026-02-13,pending
ORD-109216,P001,North,1.0,2026-03-23,completed
ORD-109217,P002,North,5.0,2026-05-20,Completed
ORD-109218,P005,North,,2026-05-31,cancelled
ORD-109219,P008,West,1.0,2026-04-22,completed
ORD-109220,P005,East,4.0,2026-06-07,Completed
ORD-109221,P003,South,3.0,2026-05-24,completed
ORD-109222,P010,East,5.0,2026-04-08,COMPLETED
ORD-109223,P009,West,4.0,2026-06-11,Completed
ORD-109224,P002,West,,2026-01-17,Completed
ORD-109225,P006,East,5.0,2026-03-06,cancelled
ORD-109226,P006,North,3.0,2026-03-25,Completed
ORD-109227,P002,South,3.0,2026-05-13,pending
ORD-109228,P001,West,5.0,2026-03-26,COMPLETED
ORD-109229,P001,East,3.0,2026-02-13,Completed
ORD-109230,P007,South,2.0,2026-02-25,Completed
ORD-109231,P002,West,3.0,2026-06-18,pending
ORD-109232,P008,North,2.0,2026-05-08,Completed
ORD-109233,P001,North,2.0,2026-02-09,pending
ORD-109234,P003,South,5.0,2026-01-04,cancelled
ORD-109235,P008,West,5.0,2026-04-19,Completed
ORD-109236,P003,West,4.0,2026-05-11,Completed
ORD-109237,P010,North,3.0,2026-01-16,pending
ORD-109238,P007,North,4.0,2026-02-28,cancelled
ORD-109239,P007,West,4.0,2026-04-25,completed
ORD-109240,P003,West,3.0,2026-06-05,pending
ORD-109241,P010,North,4.0,2026-01-18,completed
ORD-109242,P007,East,3.0,2026-03-18,pending
ORD-109243,P005,West,4.0,2026-03-19,completed
ORD-109244,P004,West,2.0,2026-06-26,COMPLETED
ORD-109245,P003,South,2.0,2026-04-30,pending
ORD-109246,P008,South,2.0,2026-02-25,cancelled
ORD-109247,P007,East,5.0,2026-04-20,COMPLETED
ORD-109248,P003,East,3.0,2026-05-08,cancelled
ORD-109249,P005,East,2.0,2026-03-29,completed
ORD-109250,P001,North,2.0,2026-02-09,cancelled
ORD-109251,P007,East,2.0,2026-03-25,pending
ORD-109252,P009,South,2.0,2026-02-14,COMPLETED
ORD-109253,P006,South,4.0,2026-03-04,pending
ORD-109254,P003,West,4.0,2026-02-03,COMPLETED
ORD-109255,P005,South,2.0,2026-06-04,pending
ORD-109256,P009,North,4.0,2026-01-01,cancelled
ORD-109257,P002,North,4.0,2026-06-06,cancelled
ORD-109258,P001,East,1.0,2026-01-26,completed
ORD-109259,P006,North,2.0,2026-05-16,Completed
ORD-109260,P002,South,2.0,2026-04-01,pending
ORD-109261,P002,East,4.0,2026-01-29,COMPLETED
ORD-109262,P001,North,5.0,2026-05-28,cancelled
ORD-109263,P006,East,5.0,2026-01-06,Completed
ORD-109264,P002,North,5.0,2026-04-05,pending
ORD-109265,P002,North,3.0,2026-01-16,COMPLETED
ORD-109266,P004,North,4.0,2026-01-04,Completed
ORD-109267,P003,West,5.0,2026-01-04,COMPLETED
ORD-109268,P003,West,5.0,2026-04-25,completed
ORD-109269,P009,West,2.0,2026-02-14,cancelled
ORD-109270,P008,South,1.0,2026-04-17,completed
ORD-109271,P005,North,4.0,2026-03-05,COMPLETED
ORD-109272,P004,West,3.0,2026-06-02,completed
ORD-109273,P005,West,3.0,2026-02-17,Completed
ORD-109274,P010,North,3.0,2026-02-26,cancelled
ORD-109275,P002,South,2.0,2026-03-14,pending
ORD-109276,P002,West,2.0,2026-04-16,pending
ORD-109277,P010,East,3.0,2026-03-22,pending
ORD-109278,P005,West,5.0,2026-06-18,pending
ORD-109279,P005,East,5.0,2026-05-06,pending
ORD-109280,P008,East,5.0,2026-02-11,cancelled
ORD-109281,P010,South,3.0,2026-05-23,COMPLETED
ORD-109282,P006,East,,2026-06-27,COMPLETED
ORD-109283,P003,North,,2026-02-01,COMPLETED
ORD-109284,P010,West,4.0,2026-06-06,cancelled
ORD-109285,P009,East,5.0,2026-03-24,completed
ORD-109286,P006,West,2.0,2026-04-23,cancelled
ORD-109287,P010,South,3.0,2026-02-15,Completed
ORD-109288,P001,South,3.0,2026-01-09,Completed
ORD-109289,P010,South,3.0,2026-03-27,cancelled
ORD-109290,P004,West,2.0,2026-04-27,completed
ORD-109291,P003,South,5.0,2026-04-02,cancelled
ORD-109292,P001,South,1.0,2026-02-01,completed
ORD-109293,P008,North,2.0,2026-03-31,COMPLETED
ORD-109294,P009,West,3.0,2026-02-20,pending
ORD-109295,P003,East,4.0,2026-02-01,pending
ORD-109296,P005,South,5.0,2026-03-21,cancelled
ORD-109297,P002,North,5.0,2026-04-28,Completed
ORD-109298,P006,North,3.0,2026-06-28,COMPLETED
ORD-109299,P009,East,4.0,2026-02-14,Completed
ORD-109300,P010,East,2.0,2026-04-19,completed
ORD-109301,P007,South,,2026-01-22,pending
ORD-109302,P010,West,4.0,2026-02-06,pending
ORD-109303,P005,West,1.0,2026-02-09,COMPLETED
ORD-109304,P004,West,1.0,2026-04-12,pending
ORD-109305,P008,North,4.0,2026-04-01,pending
ORD-109306,P010,South,5.0,2026-01-27,COMPLETED
ORD-109307,P007,East,3.0,2026-05-13,COMPLETED
ORD-109308,P002,East,2.0,2026-04-18,Completed
ORD-109309,P002,North,5.0,2026-01-22,COMPLETED
ORD-109310,P005,South,2.0,2026-01-08,completed
ORD-109311,P009,West,1.0,2026-01-11,Completed
ORD-109312,P007,South,3.0,2026-03-05,completed
ORD-109313,P009,South,1.0,2026-03-25,cancelled
ORD-109314,P006,North,1.0,2026-04-13,cancelled
ORD-109315,P004,West,3.0,2026-06-08,pending
ORD-109316,P005,East,3.0,2026-06-24,Completed
ORD-109317,P001,West,3.0,2026-01-02,cancelled
ORD-109318,P008,East,3.0,2026-05-01,cancelled
ORD-109319,P006,South,2.0,2026-01-26,Completed
ORD-109320,P003,South,2.0,2026-04-04,cancelled
ORD-109321,P004,East,3.0,2026-01-11,cancelled
ORD-109322,P009,West,4.0,2026-04-08,completed
ORD-109323,P003,North,4.0,2026-03-28,cancelled
ORD-109324,P007,West,3.0,2026-01-12,completed
ORD-109325,P009,South,1.0,2026-04-03,cancelled
ORD-109326,P009,West,2.0,2026-06-07,Completed
ORD-109327,P007,West,1.0,2026-03-07,COMPLETED
ORD-109328,P002,East,,2026-02-16,COMPLETED
ORD-109329,P004,West,5.0,2026-05-26,Completed
ORD-109330,P006,West,1.0,2026-05-30,completed
ORD-109331,P009,South,,2026-06-18,pending
ORD-109332,P008,West,5.0,2026-01-28,pending
ORD-109333,P002,South,5.0,2026-06-01,Completed
ORD-109334,P008,North,5.0,2026-01-21,Completed
ORD-109335,P009,West,2.0,2026-01-28,completed
ORD-109336,P007,North,5.0,2026-03-27,completed
ORD-109337,P008,West,1.0,2026-04-03,completed
ORD-109338,P009,West,3.0,2026-01-09,Completed
ORD-109339,P003,South,1.0,2026-04-16,COMPLETED
ORD-109340,P003,South,1.0,2026-06-25,cancelled
ORD-109341,P007,North,4.0,2026-03-28,Completed
ORD-109342,P002,North,4.0,2026-02-22,COMPLETED
ORD-109343,P010,North,2.0,2026-03-04,cancelled
ORD-109344,P007,East,2.0,2026-02-16,cancelled
ORD-109345,P007,East,5.0,2026-06-18,Completed
ORD-109346,P006,West,3.0,2026-04-22,completed
ORD-109347,P007,North,4.0,2026-02-24,completed
ORD-109348,P006,South,5.0,2026-03-06,completed
ORD-109349,P004,North,3.0,2026-03-15,completed
ORD-109350,P004,East,4.0,2026-02-21,COMPLETED
ORD-109351,P010,West,3.0,2026-04-17,COMPLETED
ORD-109352,P007,East,3.0,2026-06-29,pending
ORD-109353,P003,West,5.0,2026-01-30,Completed
ORD-109354,P002,East,5.0,2026-02-02,pending
ORD-109355,P008,East,3.0,2026-05-01,completed
ORD-109356,P004,East,3.0,2026-01-17,cancelled
ORD-109357,P006,West,4.0,2026-01-14,pending
ORD-109358,P010,South,3.0,2026-04-20,COMPLETED
ORD-109359,P008,North,1.0,2026-05-06,Completed
ORD-109360,P006,South,1.0,2026-03-03,completed
ORD-109361,P007,West,2.0,2026-04-05,pending
ORD-109362,P010,West,3.0,2026-04-25,cancelled
ORD-109363,P003,West,1.0,2026-01-11,Completed
ORD-109364,P010,South,4.0,2026-03-01,cancelled
ORD-109365,P008,East,1.0,2026-03-07,pending
ORD-109366,P005,West,1.0,2026-02-21,pending
ORD-109367,P003,North,2.0,2026-06-30,COMPLETED
ORD-109368,P001,South,5.0,2026-06-09,Completed
ORD-109369,P008,North,4.0,2026-06-25,Completed
ORD-109370,P003,South,1.0,2026-01-14,cancelled
ORD-109371,P007,East,3.0,2026-04-12,completed
ORD-109372,P009,West,5.0,2026-03-10,cancelled
ORD-109373,P010,East,5.0,2026-04-30,cancelled
ORD-109374,P010,West,4.0,2026-04-02,completed
ORD-109375,P002,North,5.0,2026-03-16,COMPLETED
ORD-109376,P007,North,5.0,2026-01-18,Completed
ORD-109377,P004,East,5.0,2026-06-13,Completed
ORD-109378,P003,West,4.0,2026-05-07,pending
ORD-109379,P010,East,1.0,2026-05-27,Completed
ORD-109380,P003,East,2.0,2026-04-09,completed
ORD-109381,P006,East,3.0,2026-02-05,Completed
ORD-109382,P001,West,1.0,2026-04-24,Completed
ORD-109383,P004,South,3.0,2026-03-28,pending
ORD-109384,P006,West,5.0,2026-05-02,cancelled
ORD-109385,P002,East,5.0,2026-01-08,Completed
ORD-109386,P010,North,3.0,2026-05-03,Completed
ORD-109387,P009,West,2.0,2026-04-19,pending
ORD-109388,P008,West,1.0,2026-04-16,Completed
ORD-109389,P006,East,1.0,2026-03-18,COMPLETED
ORD-109390,P004,East,5.0,2026-01-31,Completed
ORD-109391,P005,East,1.0,2026-05-23,Completed
ORD-109392,P001,East,1.0,2026-01-09,COMPLETED
ORD-109393,P001,South,4.0,2026-01-08,completed
ORD-109394,P004,East,2.0,2026-04-14,cancelled
ORD-109395,P004,North,2.0,2026-02-25,COMPLETED
ORD-109396,P002,West,5.0,2026-03-16,pending
ORD-109397,P008,South,4.0,2026-04-11,cancelled
ORD-109398,P010,East,5.0,2026-06-18,Completed
ORD-109399,P002,North,4.0,2026-01-09,COMPLETED
ORD-109400,P009,North,1.0,2026-02-04,cancelled
ORD-109401,P006,West,4.0,2026-01-06,Completed
ORD-109402,P002,South,1.0,2026-02-27,COMPLETED
ORD-109403,P010,North,4.0,2026-04-10,COMPLETED
ORD-109404,P002,West,4.0,2026-06-06,completed
ORD-109405,P005,West,4.0,2026-03-31,COMPLETED
ORD-109406,P009,West,4.0,2026-06-26,Completed
ORD-109407,P004,East,4.0,2026-04-24,cancelled
ORD-109408,P002,West,1.0,2026-06-23,pending
ORD-109409,P010,South,5.0,2026-05-27,completed
ORD-109410,P008,West,,2026-04-08,cancelled
ORD-109411,P001,South,4.0,2026-01-01,pending
ORD-109412,P007,East,2.0,2026-02-11,cancelled
ORD-109413,P009,South,,2026-03-16,completed
ORD-109414,P004,West,1.0,2026-06-05,cancelled
ORD-109415,P005,East,3.0,2026-04-19,pending
ORD-109416,P002,West,3.0,2026-06-18,pending
ORD-109417,P009,East,2.0,2026-05-05,Completed
ORD-109418,P001,South,5.0,2026-02-23,cancelled
ORD-109419,P009,North,2.0,2026-05-01,cancelled
ORD-109420,P006,West,3.0,2026-04-06,COMPLETED
ORD-109421,P008,West,2.0,2026-06-30,completed
ORD-109422,P010,East,4.0,2026-02-06,COMPLETED
ORD-109423,P004,North,2.0,2026-01-05,Completed
ORD-109424,P006,East,,2026-04-28,completed
ORD-109425,P003,West,2.0,2026-02-11,COMPLETED
ORD-109426,P001,East,3.0,2026-05-27,COMPLETED
ORD-109427,P008,North,5.0,2026-03-01,Completed
ORD-109428,P007,South,3.0,2026-04-19,cancelled
ORD-109429,P008,North,5.0,2026-04-20,Completed
ORD-109430,P009,West,1.0,2026-01-16,completed
ORD-109431,P003,East,5.0,2026-03-07,cancelled
ORD-109432,P005,West,2.0,2026-01-29,pending
ORD-109433,P010,West,2.0,2026-04-10,pending
ORD-109434,P004,South,5.0,2026-03-04,cancelled
ORD-109435,P007,South,4.0,2026-05-22,pending
ORD-109436,P010,South,1.0,2026-05-16,cancelled
ORD-109437,P004,West,1.0,2026-05-23,cancelled
ORD-109438,P006,South,1.0,2026-02-16,cancelled
ORD-109439,P010,South,4.0,2026-06-11,Completed
ORD-109440,P006,North,5.0,2026-02-04,completed
ORD-109441,P007,East,5.0,2026-05-13,cancelled
ORD-109442,P001,South,3.0,2026-06-20,Completed
ORD-109443,P010,East,4.0,2026-06-07,cancelled
ORD-109444,P003,West,4.0,2026-02-09,Completed
ORD-109445,P009,North,4.0,2026-01-23,cancelled
ORD-109446,P008,West,2.0,2026-05-18,pending
ORD-109447,P008,North,1.0,2026-01-20,COMPLETED
ORD-109448,P010,East,5.0,2026-04-23,pending
ORD-109449,P010,South,2.0,2026-02-28,cancelled
ORD-109450,P005,West,3.0,2026-01-11,Completed
ORD-109451,P007,North,2.0,2026-01-31,Completed
ORD-109452,P005,West,4.0,2026-05-23,COMPLETED
ORD-109453,P002,East,1.0,2026-05-16,pending
ORD-109454,P009,West,2.0,2026-04-15,pending
ORD-109455,P005,West,3.0,2026-01-06,cancelled
ORD-109456,P003,West,2.0,2026-03-09,pending
ORD-109457,P009,West,4.0,2026-03-31,pending
ORD-109458,P006,North,5.0,2026-01-09,COMPLETED
ORD-109459,P004,East,1.0,2026-05-11,completed
ORD-109460,P010,West,5.0,2026-06-09,Completed
ORD-109461,P005,East,3.0,2026-06-15,completed
ORD-109462,P005,North,4.0,2026-06-07,Completed
ORD-109463,P006,West,2.0,2026-06-05,COMPLETED
ORD-109464,P006,West,5.0,2026-03-02,pending
ORD-109465,P007,North,5.0,2026-01-26,pending
ORD-109466,P008,South,2.0,2026-04-27,cancelled
ORD-109467,P005,North,3.0,2026-04-07,Completed
ORD-109468,P004,North,1.0,2026-01-09,Completed
ORD-109469,P008,North,4.0,2026-04-04,cancelled
ORD-109470,P010,West,2.0,2026-05-01,pending
ORD-109471,P001,North,2.0,2026-03-23,pending
ORD-109472,P007,North,4.0,2026-06-16,pending
ORD-109473,P002,North,1.0,2026-02-09,completed
ORD-109474,P001,North,3.0,2026-04-14,pending
ORD-109475,P006,South,2.0,2026-05-26,Completed
ORD-109476,P005,East,4.0,2026-03-07,COMPLETED
ORD-109477,P003,South,3.0,2026-02-24,pending
ORD-109478,P010,East,2.0,2026-03-21,pending
ORD-109479,P010,East,4.0,2026-05-28,cancelled
ORD-109480,P010,South,1.0,2026-06-03,Completed
ORD-109481,P009,East,3.0,2026-01-21,pending
ORD-109482,P001,North,4.0,2026-05-04,pending
ORD-109483,P006,North,2.0,2026-01-17,cancelled
ORD-109484,P002,North,5.0,2026-06-16,cancelled
ORD-109485,P005,North,2.0,2026-01-11,completed
ORD-109486,P007,South,2.0,2026-05-28,completed
ORD-109487,P005,South,5.0,2026-03-22,pending
ORD-109488,P010,West,5.0,2026-05-29,Completed
ORD-109489,P001,South,1.0,2026-06-14,COMPLETED
ORD-109490,P003,East,4.0,2026-01-20,completed
ORD-109491,P009,North,2.0,2026-02-18,cancelled
ORD-109492,P001,East,5.0,2026-03-09,pending
ORD-109493,P007,East,5.0,2026-03-25,completed
ORD-109494,P009,East,5.0,2026-03-11,Completed
ORD-109495,P009,East,4.0,2026-04-20,completed
ORD-109496,P010,West,1.0,2026-02-17,COMPLETED
ORD-109497,P005,West,4.0,2026-05-11,completed
ORD-109498,P006,West,1.0,2026-04-13,completed
ORD-109499,P006,North,3.0,2026-04-11,COMPLETED
ORD-109500,P007,East,,2026-01-28,completed
ORD-109501,P003,South,1.0,2026-06-22,cancelled
ORD-109502,P007,East,4.0,2026-06-10,completed
ORD-109503,P006,East,5.0,2026-01-08,COMPLETED
ORD-109504,P006,West,4.0,2026-06-28,pending
ORD-109505,P010,West,2.0,2026-02-24,pending
ORD-109506,P002,East,2.0,2026-06-04,cancelled
ORD-109507,P003,North,3.0,2026-05-26,Completed
ORD-109508,P002,West,1.0,2026-06-27,pending
ORD-109509,P002,South,3.0,2026-01-07,cancelled
ORD-109510,P002,South,2.0,2026-03-20,Completed
ORD-109511,P002,North,5.0,2026-01-26,completed
ORD-109512,P003,West,2.0,2026-04-22,Completed
ORD-109513,P008,South,5.0,2026-04-26,completed
ORD-109514,P004,North,5.0,2026-03-05,Completed
ORD-109515,P002,East,2.0,2026-03-09,cancelled
ORD-109516,P009,South,2.0,2026-01-04,Completed
ORD-109517,P003,West,2.0,2026-05-12,COMPLETED
ORD-109518,P007,West,5.0,2026-03-23,cancelled
ORD-109519,P007,North,3.0,2026-05-17,pending
ORD-109520,P001,North,5.0,2026-01-09,pending
ORD-109521,P006,South,3.0,2026-06-29,cancelled
ORD-109522,P006,North,3.0,2026-01-14,Completed
ORD-109523,P009,East,1.0,2026-06-26,pending
ORD-109524,P001,West,3.0,2026-05-04,pending
ORD-109525,P002,North,1.0,2026-03-14,COMPLETED
ORD-109526,P005,West,5.0,2026-04-20,pending
ORD-109527,P006,North,1.0,2026-03-06,completed
ORD-109528,P007,West,4.0,2026-04-04,cancelled
ORD-109529,P007,East,3.0,2026-05-18,COMPLETED
ORD-109530,P004,West,4.0,2026-06-12,cancelled
ORD-109531,P007,East,1.0,2026-04-03,Completed
ORD-109532,P004,East,2.0,2026-03-12,Completed
ORD-109533,P009,West,4.0,2026-01-27,cancelled
ORD-109534,P005,East,1.0,2026-05-11,pending
ORD-109535,P007,East,2.0,2026-01-25,pending
ORD-109536,P009,West,3.0,2026-03-01,pending
ORD-109537,P001,East,2.0,2026-06-18,completed
ORD-109538,P006,South,2.0,2026-01-22,COMPLETED
ORD-109539,P007,North,1.0,2026-01-30,Completed
ORD-109540,P008,East,3.0,2026-05-10,COMPLETED
ORD-109541,P008,South,2.0,2026-05-28,Completed
ORD-109542,P010,West,1.0,2026-01-29,pending
ORD-109543,P007,South,3.0,2026-05-23,pending
ORD-109544,P009,East,1.0,2026-03-29,Completed
ORD-109545,P006,West,5.0,2026-06-28,cancelled
ORD-109546,P005,East,,2026-04-25,cancelled
ORD-109547,P004,West,4.0,2026-06-06,completed
ORD-109548,P008,West,4.0,2026-03-30,pending
ORD-109549,P010,West,2.0,2026-01-15,COMPLETED
ORD-109550,P005,East,5.0,2026-02-08,completed
ORD-109551,P010,East,1.0,2026-03-22,pending
ORD-109552,P003,North,2.0,2026-03-16,pending
ORD-109553,P007,East,1.0,2026-03-02,completed
ORD-109554,P007,West,4.0,2026-01-23,COMPLETED
ORD-109555,P010,East,2.0,2026-01-31,Completed
ORD-109556,P008,East,1.0,2026-06-26,completed
ORD-109557,P006,North,1.0,2026-04-08,cancelled
ORD-109558,P005,East,2.0,2026-01-20,Completed
ORD-109559,P008,East,,2026-04-19,pending
ORD-109560,P002,East,4.0,2026-02-21,pending
ORD-109561,P002,North,5.0,2026-01-04,COMPLETED
ORD-109562,P008,North,3.0,2026-06-14,COMPLETED
ORD-109563,P002,East,5.0,2026-03-21,COMPLETED
ORD-109564,P006,South,2.0,2026-05-17,cancelled
ORD-109565,P009,West,4.0,2026-01-10,cancelled
ORD-109566,P002,North,2.0,2026-05-13,pending
ORD-109567,P009,West,3.0,2026-01-18,pending
ORD-109568,P003,South,1.0,2026-04-30,pending
ORD-109569,P010,West,3.0,2026-01-09,cancelled
ORD-109570,P005,East,,2026-03-06,completed
ORD-109571,P001,North,1.0,2026-04-07,pending
ORD-109572,P010,North,4.0,2026-01-13,Completed
ORD-109573,P004,North,4.0,2026-01-14,Completed
ORD-109574,P003,South,4.0,2026-04-27,Completed
ORD-109575,P007,East,2.0,2026-06-06,Completed
ORD-109576,P007,East,3.0,2026-01-12,cancelled
ORD-109577,P004,South,2.0,2026-04-02,Completed
ORD-109578,P007,East,2.0,2026-06-18,completed
ORD-109579,P006,West,3.0,2026-02-23,COMPLETED
ORD-109580,P002,East,5.0,2026-02-19,cancelled
ORD-109581,P005,West,4.0,2026-02-07,completed
ORD-109582,P001,West,3.0,2026-06-06,completed
ORD-109583,P006,East,2.0,2026-01-23,completed
ORD-109584,P007,North,5.0,2026-03-16,pending
ORD-109585,P002,South,4.0,2026-06-29,COMPLETED
ORD-109586,P001,South,3.0,2026-06-14,Completed
ORD-109587,P007,North,5.0,2026-01-11,pending
ORD-109588,P003,South,2.0,2026-02-12,COMPLETED
ORD-109589,P008,South,5.0,2026-06-05,COMPLETED
ORD-109590,P010,East,5.0,2026-03-18,pending
ORD-109591,P003,East,4.0,2026-02-09,COMPLETED
ORD-109592,P008,South,5.0,2026-03-24,cancelled
ORD-109593,P008,West,1.0,2026-04-01,Completed
ORD-109594,P009,East,2.0,2026-05-12,pending
ORD-109595,P004,West,3.0,2026-04-20,cancelled
ORD-109596,P001,North,1.0,2026-02-23,Completed
ORD-109597,P003,North,5.0,2026-06-10,cancelled
ORD-109598,P006,East,3.0,2026-02-23,COMPLETED
ORD-109599,P009,East,3.0,2026-02-24,cancelled
ORD-109600,P005,South,5.0,2026-05-25,Completed
ORD-109601,P009,South,3.0,2026-06-27,COMPLETED
ORD-109602,P004,South,2.0,2026-01-10,COMPLETED
ORD-109603,P003,East,2.0,2026-01-17,COMPLETED
ORD-109604,P007,North,4.0,2026-04-18,pending
ORD-109605,P010,South,3.0,2026-06-13,cancelled
ORD-109606,P002,West,4.0,2026-04-02,completed
ORD-109607,P001,North,1.0,2026-05-20,completed
ORD-109608,P004,South,1.0,2026-01-06,Completed
ORD-109609,P004,East,1.0,2026-05-30,Completed
ORD-109610,P002,South,2.0,2026-04-17,pending
ORD-109611,P006,North,2.0,2026-03-08,Completed
ORD-109612,P007,South,2.0,2026-03-01,completed
ORD-109613,P005,East,4.0,2026-03-09,completed
ORD-109614,P006,North,1.0,2026-06-15,pending
ORD-109615,P007,West,5.0,2026-05-06,completed
ORD-109616,P002,North,5.0,2026-06-23,completed
ORD-109617,P004,West,2.0,2026-02-15,Completed
ORD-109618,P003,West,3.0,2026-06-30,COMPLETED
ORD-109619,P007,North,4.0,2026-06-06,pending
ORD-109620,P004,North,3.0,2026-01-23,cancelled
ORD-109621,P002,West,2.0,2026-05-26,pending
ORD-109622,P002,East,2.0,2026-04-01,cancelled
ORD-109623,P009,West,2.0,2026-05-01,cancelled
ORD-109624,P001,South,3.0,2026-02-16,completed
ORD-109625,P010,North,5.0,2026-03-01,pending
ORD-109626,P007,North,3.0,2026-05-11,completed
ORD-109627,P008,West,5.0,2026-06-28,cancelled
ORD-109628,P010,South,1.0,2026-05-27,pending
ORD-109629,P002,East,4.0,2026-06-10,COMPLETED
ORD-109630,P007,South,1.0,2026-01-31,pending
ORD-109631,P001,South,3.0,2026-01-10,COMPLETED
ORD-109632,P002,East,4.0,2026-05-07,Completed
ORD-109633,P008,East,2.0,2026-02-23,cancelled
ORD-109634,P001,West,4.0,2026-02-03,pending
ORD-109635,P007,East,3.0,2026-05-17,Completed
ORD-109636,P002,West,1.0,2026-01-23,completed
ORD-109637,P007,North,5.0,2026-04-01,COMPLETED
ORD-109638,P008,West,3.0,2026-02-22,Completed
ORD-109639,P002,East,4.0,2026-01-05,completed
ORD-109640,P001,North,2.0,2026-02-22,cancelled
ORD-109641,P006,West,5.0,2026-05-27,pending
ORD-109642,P006,West,5.0,2026-05-21,Completed
ORD-109643,P006,East,2.0,2026-05-14,Completed
ORD-109644,P002,East,2.0,2026-03-09,completed
ORD-109645,P003,West,2.0,2026-03-30,completed
ORD-109646,P010,North,3.0,2026-05-12,completed
ORD-109647,P010,North,3.0,2026-06-08,completed
ORD-109648,P005,East,5.0,2026-01-01,COMPLETED
ORD-109649,P001,North,3.0,2026-06-20,cancelled
ORD-109650,P005,West,4.0,2026-02-11,COMPLETED
ORD-109651,P002,South,3.0,2026-02-16,cancelled
ORD-109652,P003,East,5.0,2026-03-23,Completed
ORD-109653,P005,South,4.0,2026-03-29,completed
ORD-109654,P005,East,,2026-02-02,completed
ORD-109655,P008,East,2.0,2026-03-14,pending
ORD-109656,P007,East,2.0,2026-05-16,cancelled
ORD-109657,P007,South,,2026-05-09,completed
ORD-109658,P009,North,3.0,2026-06-15,cancelled
ORD-109659,P007,East,5.0,2026-02-01,completed
ORD-109660,P010,North,5.0,2026-05-05,cancelled
ORD-109661,P010,North,2.0,2026-06-30,COMPLETED
ORD-109662,P002,East,1.0,2026-06-25,cancelled
ORD-109663,P006,South,4.0,2026-06-16,completed
ORD-109664,P003,East,2.0,2026-06-21,cancelled
ORD-109665,P010,North,1.0,2026-05-02,COMPLETED
ORD-109666,P004,West,5.0,2026-04-30,cancelled
ORD-109667,P003,South,4.0,2026-04-05,Completed
ORD-109668,P001,North,2.0,2026-06-25,Completed
ORD-109669,P001,South,2.0,2026-01-02,COMPLETED
ORD-109670,P007,West,3.0,2026-05-28,completed
ORD-109671,P004,North,3.0,2026-03-02,completed
ORD-109672,P010,South,5.0,2026-04-17,COMPLETED
ORD-109673,P003,West,2.0,2026-02-06,completed
ORD-109674,P006,South,,2026-03-19,pending
ORD-109675,P001,East,1.0,2026-02-22,Completed
ORD-109676,P002,West,2.0,2026-04-02,cancelled
ORD-109677,P007,North,3.0,2026-05-08,cancelled
ORD-109678,P004,North,3.0,2026-03-26,COMPLETED
ORD-109679,P003,South,3.0,2026-02-17,Completed
ORD-109680,P005,East,5.0,2026-05-11,cancelled
ORD-109681,P010,South,5.0,2026-05-26,cancelled
ORD-109682,P006,West,2.0,2026-04-23,Completed
ORD-109683,P006,North,4.0,2026-02-15,completed
ORD-109684,P007,North,3.0,2026-03-17,completed
ORD-109685,P003,North,1.0,2026-02-20,Completed
ORD-109686,P005,West,1.0,2026-03-08,cancelled
ORD-109687,P006,North,2.0,2026-01-04,cancelled
ORD-109688,P001,East,3.0,2026-02-18,completed
ORD-109689,P001,East,5.0,2026-06-22,cancelled
ORD-109690,P004,East,2.0,2026-04-16,completed
ORD-109691,P003,East,3.0,2026-04-14,Completed
ORD-109692,P007,West,4.0,2026-05-05,pending
ORD-109693,P007,East,2.0,2026-05-03,cancelled
ORD-109694,P010,West,1.0,2026-05-12,completed
ORD-109695,P004,South,5.0,2026-02-22,pending
ORD-109696,P009,North,1.0,2026-02-04,Completed
ORD-109697,P007,West,5.0,2026-06-20,cancelled
ORD-109698,P002,East,5.0,2026-03-17,COMPLETED
ORD-109699,P002,West,1.0,2026-03-20,cancelled
ORD-109700,P001,East,3.0,2026-02-23,Completed
ORD-109701,P007,West,2.0,2026-01-08,Completed
ORD-109702,P009,East,1.0,2026-04-28,COMPLETED
ORD-109703,P002,West,3.0,2026-01-03,pending
ORD-109704,P003,South,3.0,2026-06-08,cancelled
ORD-109705,P009,North,5.0,2026-06-03,COMPLETED
ORD-109706,P001,North,2.0,2026-04-19,COMPLETED
ORD-109707,P008,North,2.0,2026-01-19,cancelled
ORD-109708,P004,South,5.0,2026-01-07,COMPLETED
ORD-109709,P010,North,2.0,2026-03-26,pending
ORD-109710,P003,West,2.0,2026-01-10,completed
ORD-109711,P004,East,2.0,2026-03-04,Completed
ORD-109712,P004,East,1.0,2026-05-28,Completed
ORD-109713,P010,West,4.0,2026-05-30,Completed
ORD-109714,P009,West,4.0,2026-06-19,pending
ORD-109715,P008,West,2.0,2026-04-10,Completed
ORD-109716,P007,East,5.0,2026-01-02,cancelled
ORD-109717,P007,North,3.0,2026-03-26,pending
ORD-109718,P007,West,1.0,2026-03-28,cancelled
ORD-109719,P003,West,3.0,2026-01-06,pending
ORD-109720,P005,North,4.0,2026-05-25,Completed
ORD-109721,P001,North,1.0,2026-02-14,completed
ORD-109722,P009,South,2.0,2026-03-11,pending
ORD-109723,P002,North,5.0,2026-03-16,completed
ORD-109724,P002,West,2.0,2026-06-29,Completed
ORD-109725,P001,East,4.0,2026-06-10,COMPLETED
ORD-109726,P010,North,3.0,2026-03-28,Completed
ORD-109727,P003,North,5.0,2026-04-23,Completed
ORD-109728,P010,North,5.0,2026-05-23,COMPLETED
ORD-109729,P005,West,4.0,2026-01-29,pending
ORD-109730,P004,West,3.0,2026-06-25,completed
ORD-109731,P009,East,1.0,2026-05-15,cancelled
ORD-109732,P004,South,2.0,2026-02-03,cancelled
ORD-109733,P001,West,3.0,2026-03-23,completed
ORD-109734,P001,West,2.0,2026-03-04,Completed
ORD-109735,P007,East,3.0,2026-03-27,Completed
ORD-109736,P006,South,1.0,2026-05-17,cancelled
ORD-109737,P004,West,1.0,2026-03-22,cancelled
ORD-109738,P005,West,5.0,2026-03-13,COMPLETED
ORD-109739,P008,South,5.0,2026-01-28,completed
ORD-109740,P002,South,1.0,2026-01-16,COMPLETED
ORD-109741,P009,East,1.0,2026-06-22,pending
ORD-109742,P006,North,1.0,2026-05-15,completed
ORD-109743,P005,North,3.0,2026-04-09,Completed
ORD-109744,P006,West,5.0,2026-06-12,pending
ORD-109745,P001,East,5.0,2026-01-25,completed
ORD-109746,P003,South,2.0,2026-06-27,completed
ORD-109747,P007,West,2.0,2026-05-07,cancelled
ORD-109748,P002,South,5.0,2026-04-12,pending
ORD-109749,P005,West,5.0,2026-04-30,completed
ORD-109750,P010,South,4.0,2026-02-20,completed
ORD-109751,P006,North,3.0,2026-01-23,cancelled
ORD-109752,P004,North,5.0,2026-01-01,Completed
ORD-109753,P002,North,3.0,2026-02-25,pending
ORD-109754,P003,North,3.0,2026-03-21,Completed
ORD-109755,P001,East,5.0,2026-03-12,cancelled
ORD-109756,P009,East,3.0,2026-06-10,pending
ORD-109757,P007,East,1.0,2026-02-26,completed
ORD-109758,P002,West,5.0,2026-06-01,Completed
ORD-109759,P004,East,,2026-03-12,COMPLETED
ORD-109760,P002,East,1.0,2026-06-08,Completed
ORD-109761,P001,North,4.0,2026-02-24,cancelled
ORD-109762,P002,North,1.0,2026-05-03,cancelled
ORD-109763,P007,East,3.0,2026-05-23,pending
ORD-109764,P003,North,5.0,2026-06-14,cancelled
ORD-109765,P003,East,1.0,2026-05-16,pending
ORD-109766,P002,West,5.0,2026-05-17,Completed
ORD-109767,P004,East,1.0,2026-03-13,COMPLETED
ORD-109768,P006,South,3.0,2026-04-23,cancelled
ORD-109769,P008,North,5.0,2026-02-13,cancelled
ORD-109770,P004,West,5.0,2026-06-16,completed
ORD-109771,P007,East,3.0,2026-01-02,completed
ORD-109772,P008,South,1.0,2026-06-29,pending
ORD-109773,P001,West,4.0,2026-01-17,cancelled
ORD-109774,P009,South,2.0,2026-04-07,completed
ORD-109775,P009,South,5.0,2026-04-03,COMPLETED
ORD-109776,P001,West,3.0,2026-03-20,cancelled
ORD-109777,P002,West,3.0,2026-02-10,cancelled
ORD-109778,P005,West,4.0,2026-01-26,cancelled
ORD-109779,P008,East,1.0,2026-01-25,completed
ORD-109780,P002,North,1.0,2026-02-05,completed
ORD-109781,P009,North,5.0,2026-06-26,pending
ORD-109782,P004,West,5.0,2026-04-05,Completed
ORD-109783,P007,East,3.0,2026-02-16,Completed
ORD-109784,P006,West,1.0,2026-04-28,Completed
ORD-109785,P004,East,5.0,2026-03-30,cancelled
ORD-109786,P002,West,5.0,2026-05-10,Completed
ORD-109787,P001,South,2.0,2026-03-06,Completed
ORD-109788,P010,West,2.0,2026-06-04,Completed
ORD-109789,P002,North,2.0,2026-06-26,Completed
ORD-109790,P010,South,,2026-05-20,completed
ORD-109791,P005,North,4.0,2026-01-02,COMPLETED
ORD-109792,P009,North,3.0,2026-03-21,completed
ORD-109793,P006,East,2.0,2026-04-21,COMPLETED
ORD-109794,P008,West,5.0,2026-05-21,completed
ORD-109795,P010,North,4.0,2026-03-25,pending
ORD-109796,P010,East,4.0,2026-01-02,pending
ORD-109797,P002,North,2.0,2026-06-02,pending
ORD-109798,P007,South,4.0,2026-03-10,pending
ORD-109799,P007,West,4.0,2026-01-21,cancelled
ORD-109800,P008,West,4.0,2026-01-18,COMPLETED
ORD-109801,P003,West,5.0,2026-06-03,COMPLETED
ORD-109802,P003,West,3.0,2026-06-26,COMPLETED
ORD-109803,P009,West,5.0,2026-06-11,completed
ORD-109804,P005,South,2.0,2026-01-25,cancelled
ORD-109805,P008,East,5.0,2026-01-10,cancelled
ORD-109806,P006,North,2.0,2026-03-28,COMPLETED
ORD-109807,P005,North,5.0,2026-05-17,pending
ORD-109808,P007,East,1.0,2026-04-24,Completed
ORD-109809,P010,South,1.0,2026-01-29,cancelled
ORD-109810,P005,East,1.0,2026-01-21,completed
ORD-109811,P004,East,2.0,2026-03-12,pending
ORD-109812,P002,North,2.0,2026-03-21,COMPLETED
ORD-109813,P008,West,2.0,2026-05-17,COMPLETED
ORD-109814,P008,South,2.0,2026-02-17,cancelled
ORD-109815,P004,North,5.0,2026-03-01,completed
ORD-109816,P004,East,3.0,2026-03-20,cancelled
ORD-109817,P009,South,2.0,2026-03-14,completed
ORD-109818,P001,East,5.0,2026-06-02,cancelled
ORD-109819,P009,North,2.0,2026-04-18,completed
ORD-109820,P008,North,1.0,2026-05-25,pending
ORD-109821,P010,East,4.0,2026-06-14,completed
ORD-109822,P008,East,1.0,2026-01-05,Completed
ORD-109823,P006,South,4.0,2026-04-14,Completed
ORD-109824,P002,North,1.0,2026-01-15,COMPLETED
ORD-109825,P008,East,1.0,2026-06-01,completed
ORD-109826,P005,East,4.0,2026-03-18,cancelled
ORD-109827,P004,East,2.0,2026-01-11,cancelled
ORD-109828,P006,South,2.0,2026-04-22,completed
ORD-109829,P003,West,5.0,2026-01-30,Completed
ORD-109830,P009,North,4.0,2026-02-24,completed
ORD-109831,P002,West,1.0,2026-02-28,cancelled
ORD-109832,P003,South,3.0,2026-01-02,pending
ORD-109833,P010,South,4.0,2026-02-19,cancelled
ORD-109834,P006,West,3.0,2026-04-18,cancelled
ORD-109835,P007,East,2.0,2026-05-20,COMPLETED
ORD-109836,P002,East,5.0,2026-03-17,pending
ORD-109837,P009,North,4.0,2026-05-21,COMPLETED
ORD-109838,P008,East,3.0,2026-06-12,pending
ORD-109839,P006,West,4.0,2026-06-23,COMPLETED
ORD-109840,P006,South,4.0,2026-01-23,pending
ORD-109841,P004,West,2.0,2026-03-09,pending
ORD-109842,P009,North,2.0,2026-04-03,Completed
ORD-109843,P009,South,1.0,2026-05-06,pending
ORD-109844,P008,West,1.0,2026-05-04,COMPLETED
ORD-109845,P005,West,4.0,2026-05-24,COMPLETED
ORD-109846,P008,South,1.0,2026-04-15,completed
ORD-109847,P004,West,2.0,2026-01-18,cancelled
ORD-109848,P008,West,4.0,2026-05-26,pending
ORD-109849,P009,West,3.0,2026-05-14,Completed
ORD-109850,P001,North,3.0,2026-03-26,cancelled
ORD-109851,P009,West,1.0,2026-03-17,cancelled
ORD-109852,P004,West,5.0,2026-03-09,cancelled
ORD-109853,P006,East,2.0,2026-01-30,completed
ORD-109854,P005,South,2.0,2026-01-19,pending
ORD-109855,P009,West,5.0,2026-06-14,cancelled
ORD-109856,P009,East,3.0,2026-04-20,cancelled
ORD-109857,P007,North,3.0,2026-01-14,pending
ORD-109858,P004,West,1.0,2026-06-07,COMPLETED
ORD-109859,P006,South,3.0,2026-06-27,completed
ORD-109860,P003,West,3.0,2026-03-09,COMPLETED
ORD-109861,P003,East,5.0,2026-06-26,cancelled
ORD-109862,P004,North,2.0,2026-03-23,Completed
ORD-109863,P001,South,4.0,2026-02-16,completed
ORD-109864,P002,North,1.0,2026-02-24,Completed
ORD-109865,P002,North,5.0,2026-03-13,COMPLETED
ORD-109866,P008,East,3.0,2026-06-25,COMPLETED
ORD-109867,P008,West,2.0,2026-06-25,Completed
ORD-109868,P009,South,1.0,2026-02-16,Completed
ORD-109869,P003,North,2.0,2026-06-19,cancelled
ORD-109870,P007,East,2.0,2026-05-29,COMPLETED
ORD-109871,P010,North,4.0,2026-05-12,pending
ORD-109872,P009,South,4.0,2026-05-08,COMPLETED
ORD-109873,P009,East,4.0,2026-03-11,completed
ORD-109874,P004,North,3.0,2026-04-30,COMPLETED
ORD-109875,P007,East,5.0,2026-06-06,pending
ORD-109876,P001,North,1.0,2026-06-04,pending
ORD-109877,P005,South,4.0,2026-04-30,Completed
ORD-109878,P007,West,3.0,2026-03-16,pending
ORD-109879,P009,West,3.0,2026-05-25,COMPLETED
ORD-109880,P005,South,5.0,2026-04-10,COMPLETED
ORD-109881,P003,North,2.0,2026-06-25,cancelled
ORD-109882,P005,South,1.0,2026-05-30,pending
ORD-109883,P009,North,1.0,2026-01-24,Completed
ORD-109884,P002,North,5.0,2026-03-29,COMPLETED
ORD-109885,P002,West,1.0,2026-02-23,COMPLETED
ORD-109886,P005,West,2.0,2026-01-28,Completed
ORD-109887,P008,North,4.0,2026-01-03,cancelled
ORD-109888,P008,North,1.0,2026-04-06,Completed
ORD-109889,P003,West,,2026-02-10,Completed
ORD-109890,P005,East,4.0,2026-04-29,cancelled
ORD-109891,P005,East,2.0,2026-05-17,completed
ORD-109892,P001,South,2.0,2026-02-23,pending
ORD-109893,P006,South,4.0,2026-03-07,cancelled
ORD-109894,P004,East,5.0,2026-01-15,Completed
ORD-109895,P002,West,3.0,2026-06-08,COMPLETED
ORD-109896,P010,West,2.0,2026-06-06,COMPLETED
ORD-109897,P004,South,1.0,2026-01-24,Completed
ORD-109898,P006,South,2.0,2026-04-04,Completed
ORD-109899,P001,North,2.0,2026-05-03,COMPLETED
ORD-109900,P008,West,1.0,2026-01-06,cancelled
ORD-109901,P008,South,3.0,2026-06-08,COMPLETED
ORD-109902,P006,West,5.0,2026-03-18,cancelled
ORD-109903,P002,South,3.0,2026-01-27,cancelled
ORD-109904,P009,South,1.0,2026-05-05,Completed
ORD-109905,P005,West,3.0,2026-02-10,pending
ORD-109906,P007,East,5.0,2026-03-01,COMPLETED
ORD-109907,P006,South,1.0,2026-05-12,pending
ORD-109908,P001,East,3.0,2026-02-19,pending
ORD-109909,P008,West,2.0,2026-02-04,cancelled
ORD-109910,P006,South,1.0,2026-01-09,pending
ORD-109911,P003,East,1.0,2026-04-10,Completed
ORD-109912,P004,West,5.0,2026-05-21,pending
ORD-109913,P001,South,4.0,2026-05-06,COMPLETED
ORD-109914,P010,North,5.0,2026-05-07,COMPLETED
ORD-109915,P010,North,1.0,2026-06-08,pending
ORD-109916,P007,East,2.0,2026-06-19,COMPLETED
ORD-109917,P007,South,1.0,2026-02-06,Completed
ORD-109918,P002,North,5.0,2026-01-20,cancelled
ORD-109919,P001,North,1.0,2026-06-25,pending
ORD-109920,P003,South,3.0,2026-02-15,Completed
ORD-109921,P003,North,2.0,2026-02-12,pending
ORD-109922,P006,North,5.0,2026-04-09,completed
ORD-109923,P005,West,4.0,2026-04-19,completed
ORD-109924,P001,East,5.0,2026-01-24,Completed
ORD-109925,P005,East,5.0,2026-04-30,completed
ORD-109926,P002,South,4.0,2026-05-05,cancelled
ORD-109927,P006,West,5.0,2026-01-15,COMPLETED
ORD-109928,P008,North,2.0,2026-04-20,completed
ORD-109929,P007,South,3.0,2026-01-06,completed
ORD-109930,P003,East,3.0,2026-06-26,completed
ORD-109931,P007,South,1.0,2026-02-21,COMPLETED
ORD-109932,P003,North,4.0,2026-03-12,pending
ORD-109933,P005,East,3.0,2026-06-12,cancelled
ORD-109934,P009,West,3.0,2026-04-17,cancelled
ORD-109935,P010,East,5.0,2026-01-31,COMPLETED
ORD-109936,P001,North,1.0,2026-01-05,completed
ORD-109937,P004,East,5.0,2026-04-24,COMPLETED
ORD-109938,P008,North,2.0,2026-01-25,pending
ORD-109939,P003,South,5.0,2026-02-18,Completed
ORD-109940,P004,West,2.0,2026-05-04,Completed
ORD-109941,P004,East,1.0,2026-03-02,COMPLETED
ORD-109942,P005,West,3.0,2026-01-31,cancelled
ORD-109943,P009,West,1.0,2026-04-18,completed
ORD-109944,P001,North,1.0,2026-03-31,pending
ORD-109945,P007,East,2.0,2026-02-11,pending
ORD-109946,P004,South,5.0,2026-06-10,pending
ORD-109947,P002,North,5.0,2026-03-15,cancelled
ORD-109948,P004,East,3.0,2026-01-23,COMPLETED
ORD-109949,P009,North,3.0,2026-01-13,cancelled
ORD-109950,P006,East,2.0,2026-04-28,completed
ORD-109951,P009,South,4.0,2026-02-27,completed
ORD-109952,P009,East,5.0,2026-03-13,COMPLETED
ORD-109953,P001,South,1.0,2026-01-27,Completed
ORD-109954,P009,East,5.0,2026-04-04,COMPLETED
ORD-109955,P003,South,4.0,2026-06-07,COMPLETED
ORD-109956,P006,North,4.0,2026-04-27,Completed
ORD-109957,P004,North,4.0,2026-05-05,COMPLETED
ORD-109958,P004,North,5.0,2026-04-13,cancelled
ORD-109959,P002,West,1.0,2026-02-17,completed
ORD-109960,P009,West,4.0,2026-02-09,cancelled
ORD-109961,P006,North,1.0,2026-04-18,COMPLETED
ORD-109962,P002,West,4.0,2026-05-10,completed
ORD-109963,P010,West,1.0,2026-04-03,completed
ORD-109964,P009,South,1.0,2026-02-17,cancelled
ORD-109965,P006,West,3.0,2026-05-09,pending
ORD-109966,P004,West,2.0,2026-01-06,cancelled
ORD-109967,P004,East,2.0,2026-01-29,pending
ORD-109968,P010,North,4.0,2026-04-15,completed
ORD-109969,P008,West,2.0,2026-03-23,COMPLETED
ORD-109970,P006,East,4.0,2026-06-18,COMPLETED
ORD-109971,P003,North,5.0,2026-02-14,pending
ORD-109972,P003,East,2.0,2026-03-28,completed
ORD-109973,P001,East,5.0,2026-02-20,cancelled
ORD-109974,P006,South,3.0,2026-04-14,pending
ORD-109975,P002,East,3.0,2026-01-11,pending
ORD-109976,P009,North,2.0,2026-03-03,cancelled
ORD-109977,P003,West,2.0,2026-04-26,COMPLETED
ORD-109978,P001,South,5.0,2026-05-08,completed
ORD-109979,P009,West,1.0,2026-01-23,cancelled
ORD-109980,P008,North,2.0,2026-06-20,COMPLETED
ORD-109981,P001,North,4.0,2026-02-14,Completed
ORD-109982,P007,West,4.0,2026-01-17,COMPLETED
ORD-109983,P002,North,5.0,2026-05-02,completed
ORD-109984,P001,North,1.0,2026-01-16,Completed
ORD-109985,P004,South,3.0,2026-01-16,pending
ORD-109986,P010,East,1.0,2026-01-05,completed
ORD-109987,P004,South,5.0,2026-06-14,completed
ORD-109988,P010,West,2.0,2026-02-08,COMPLETED
ORD-109989,P005,West,3.0,2026-03-05,COMPLETED
ORD-109990,P007,East,5.0,2026-01-20,completed
ORD-109991,P006,South,4.0,2026-06-26,COMPLETED
ORD-109992,P010,East,1.0,2026-04-24,pending
ORD-109993,P002,West,1.0,2026-03-16,pending
ORD-109994,P003,North,2.0,2026-06-28,Completed
ORD-109995,P009,West,1.0,2026-02-03,pending
ORD-109996,P008,West,1.0,2026-05-17,Completed
ORD-109997,P007,West,5.0,2026-04-14,completed
ORD-109998,P007,South,4.0,2026-05-27,cancelled
ORD-109999,P001,West,4.0,2026-06-22,COMPLETED
ORD-110000,P008,West,5.0,2026-03-17,cancelled
ORD-110001,P008,East,4.0,2026-06-19,cancelled
ORD-110002,P007,South,5.0,2026-05-04,completed
ORD-110003,P001,East,4.0,2026-04-29,pending
ORD-110004,P003,South,2.0,2026-02-19,Completed
ORD-110005,P010,East,3.0,2026-03-03,completed
ORD-110006,P003,West,4.0,2026-04-22,COMPLETED
ORD-110007,P008,West,5.0,2026-01-14,COMPLETED
ORD-110008,P005,North,3.0,2026-04-14,Completed
ORD-110009,P002,South,2.0,2026-04-28,Completed
ORD-110010,P001,East,4.0,2026-06-13,pending
ORD-110011,P010,North,2.0,2026-02-12,pending
ORD-110012,P006,West,2.0,2026-03-27,completed
ORD-110013,P009,South,1.0,2026-05-14,cancelled
ORD-110014,P010,North,5.0,2026-05-30,completed
ORD-110015,P007,South,1.0,2026-02-02,COMPLETED
ORD-110016,P005,East,1.0,2026-02-27,pending
ORD-110017,P008,West,,2026-03-21,pending
ORD-110018,P005,West,1.0,2026-05-19,cancelled
ORD-110019,P003,East,4.0,2026-03-17,Completed
ORD-110020,P005,West,1.0,2026-02-21,pending
ORD-110021,P005,West,4.0,2026-01-27,cancelled
ORD-110022,P003,North,4.0,2026-03-10,Completed
ORD-110023,P009,West,2.0,2026-06-20,Completed
ORD-110024,P002,West,1.0,2026-04-06,completed
ORD-110025,P010,West,1.0,2026-01-20,completed
ORD-110026,P005,South,1.0,2026-03-27,cancelled
ORD-110027,P002,North,1.0,2026-05-13,Completed
ORD-110028,P002,West,1.0,2026-05-23,Completed
ORD-110029,P005,North,1.0,2026-04-09,cancelled
ORD-110030,P004,North,4.0,2026-03-17,COMPLETED
ORD-110031,P002,West,3.0,2026-03-13,COMPLETED
ORD-110032,P005,North,2.0,2026-03-25,Completed
ORD-110033,P004,East,4.0,2026-03-29,COMPLETED
ORD-110034,P010,East,4.0,2026-01-23,Completed
ORD-110035,P001,South,2.0,2026-06-26,pending
ORD-110036,P007,West,1.0,2026-03-20,cancelled
ORD-110037,P005,South,3.0,2026-03-09,completed
ORD-110038,P002,North,2.0,2026-05-26,cancelled
ORD-110039,P005,North,4.0,2026-04-29,pending
ORD-110040,P007,West,1.0,2026-06-10,Completed
ORD-110041,P005,East,2.0,2026-01-17,COMPLETED
ORD-110042,P005,West,5.0,2026-05-21,completed
ORD-110043,P006,East,5.0,2026-02-25,completed
ORD-110044,P005,East,1.0,2026-02-20,pending
ORD-110045,P005,West,5.0,2026-01-11,Completed
ORD-110046,P010,West,2.0,2026-03-07,Completed
ORD-110047,P008,North,5.0,2026-01-22,pending
ORD-110048,P002,West,3.0,2026-02-14,Completed
ORD-110049,P009,West,5.0,2026-03-09,pending
ORD-110050,P002,South,3.0,2026-05-28,completed
ORD-110051,P010,West,2.0,2026-01-25,pending
ORD-110052,P003,South,4.0,2026-06-18,Completed
ORD-110053,P006,South,5.0,2026-05-30,cancelled
ORD-110054,P006,North,5.0,2026-05-06,Completed
ORD-110055,P005,North,2.0,2026-05-27,completed
ORD-110056,P001,South,5.0,2026-04-20,completed
ORD-110057,P009,South,1.0,2026-02-24,cancelled
ORD-110058,P008,North,4.0,2026-05-27,completed
ORD-110059,P010,North,1.0,2026-04-22,completed
ORD-110060,P008,South,3.0,2026-02-06,pending
ORD-110061,P002,South,1.0,2026-03-05,COMPLETED
ORD-110062,P004,West,5.0,2026-04-01,cancelled
ORD-110063,P003,East,1.0,2026-03-21,COMPLETED
ORD-110064,P001,East,4.0,2026-05-28,cancelled
ORD-110065,P002,South,5.0,2026-04-20,pending
ORD-110066,P003,South,4.0,2026-01-20,pending
ORD-110067,P003,West,2.0,2026-01-25,pending
ORD-110068,P008,South,3.0,2026-01-02,cancelled
ORD-110069,P004,South,2.0,2026-02-06,Completed
ORD-110070,P005,West,5.0,2026-02-10,Completed
ORD-110071,P007,North,3.0,2026-05-12,completed
ORD-110072,P005,South,4.0,2026-03-29,pending
ORD-110073,P005,East,3.0,2026-05-03,COMPLETED
ORD-110074,P008,North,3.0,2026-03-14,Completed
ORD-110075,P005,North,,2026-03-10,cancelled
ORD-110076,P010,North,3.0,2026-03-18,Completed
ORD-110077,P006,South,2.0,2026-02-25,COMPLETED
ORD-110078,P005,South,3.0,2026-03-10,completed
ORD-110079,P010,East,1.0,2026-05-31,pending
ORD-110080,P010,West,3.0,2026-04-26,cancelled
ORD-110081,P003,North,4.0,2026-05-20,completed
ORD-110082,P007,South,1.0,2026-04-19,completed
ORD-110083,P007,South,,2026-02-14,Completed
ORD-110084,P008,North,3.0,2026-04-24,pending
ORD-110085,P008,East,5.0,2026-02-12,Completed
ORD-110086,P007,East,5.0,2026-01-30,Completed
ORD-110087,P001,West,1.0,2026-03-24,pending
ORD-110088,P001,South,,2026-05-11,cancelled
ORD-110089,P009,South,1.0,2026-01-02,pending
ORD-110090,P003,South,1.0,2026-04-02,pending
ORD-110091,P005,South,3.0,2026-02-06,cancelled
ORD-110092,P010,South,2.0,2026-01-21,cancelled
ORD-110093,P010,North,1.0,2026-02-03,completed
ORD-110094,P001,South,5.0,2026-06-22,pending
ORD-110095,P003,West,5.0,2026-04-03,pending
ORD-110096,P009,East,3.0,2026-03-05,Completed
ORD-110097,P003,North,2.0,2026-04-21,COMPLETED
ORD-110098,P001,North,4.0,2026-05-22,cancelled
ORD-110099,P001,South,5.0,2026-01-04,completed
ORD-110100,P008,East,4.0,2026-01-28,pending
ORD-110101,P006,East,5.0,2026-02-07,pending
ORD-110102,P009,East,2.0,2026-05-30,completed
ORD-110103,P009,North,1.0,2026-03-25,Completed
ORD-110104,P003,West,1.0,2026-06-15,completed
ORD-110105,P010,West,3.0,2026-05-30,pending
ORD-110106,P005,North,1.0,2026-01-29,COMPLETED
ORD-110107,P010,South,5.0,2026-01-16,cancelled
ORD-110108,P004,South,5.0,2026-05-01,completed
ORD-110109,P002,East,4.0,2026-02-07,pending
ORD-110110,P005,South,2.0,2026-05-14,Completed
ORD-110111,P010,West,4.0,2026-06-25,cancelled
ORD-110112,P002,East,2.0,2026-03-27,pending
ORD-110113,P006,East,1.0,2026-06-22,pending
ORD-110114,P005,West,4.0,2026-04-23,completed
ORD-110115,P010,North,2.0,2026-01-22,Completed
ORD-110116,P007,East,1.0,2026-02-27,cancelled
ORD-110117,P003,East,,2026-02-21,COMPLETED
ORD-110118,P002,East,5.0,2026-04-06,cancelled
ORD-110119,P007,North,3.0,2026-03-05,Completed
ORD-110120,P009,North,1.0,2026-04-30,COMPLETED
ORD-110121,P005,North,5.0,2026-02-07,pending
ORD-110122,P010,East,1.0,2026-03-28,pending
ORD-110123,P003,East,3.0,2026-04-09,completed
ORD-110124,P008,South,4.0,2026-02-22,cancelled
ORD-110125,P005,North,1.0,2026-05-21,Completed
ORD-110126,P008,North,1.0,2026-03-09,completed
ORD-110127,P010,North,1.0,2026-05-20,completed
ORD-110128,P007,South,3.0,2026-03-05,Completed
ORD-110129,P003,East,5.0,2026-04-09,COMPLETED
ORD-110130,P002,North,4.0,2026-06-20,pending
ORD-110131,P006,North,5.0,2026-03-25,completed
ORD-110132,P006,South,5.0,2026-03-14,completed
ORD-110133,P004,East,3.0,2026-03-11,pending
ORD-110134,P010,North,3.0,2026-02-22,pending
ORD-110135,P005,North,1.0,2026-01-13,completed
ORD-110136,P001,East,5.0,2026-04-17,completed
ORD-110137,P010,South,2.0,2026-05-18,completed
ORD-110138,P007,South,4.0,2026-05-01,COMPLETED
ORD-110139,P001,South,4.0,2026-06-29,COMPLETED
ORD-110140,P001,North,4.0,2026-03-28,COMPLETED
ORD-110141,P001,North,4.0,2026-05-13,completed
ORD-110142,P001,North,4.0,2026-05-28,COMPLETED
ORD-110143,P002,East,1.0,2026-01-05,pending
ORD-110144,P007,South,3.0,2026-03-26,pending
ORD-110145,P005,East,2.0,2026-04-01,pending
ORD-110146,P004,East,4.0,2026-01-22,cancelled
ORD-110147,P006,South,4.0,2026-03-07,pending
ORD-110148,P002,West,5.0,2026-02-07,completed
ORD-110149,P001,West,2.0,2026-05-01,Completed
ORD-110150,P001,West,2.0,2026-01-21,completed
ORD-110151,P008,North,4.0,2026-06-10,Completed
ORD-110152,P004,East,5.0,2026-02-14,pending
ORD-110153,P002,North,4.0,2026-01-22,cancelled
ORD-110154,P007,East,5.0,2026-01-26,completed
ORD-110155,P008,East,3.0,2026-05-09,cancelled
ORD-110156,P008,North,2.0,2026-04-22,COMPLETED
ORD-110157,P010,West,1.0,2026-04-24,Completed
ORD-110158,P006,East,5.0,2026-03-07,COMPLETED
ORD-110159,P008,East,4.0,2026-05-26,completed
ORD-110160,P005,North,1.0,2026-05-27,COMPLETED
ORD-110161,P001,North,3.0,2026-06-27,COMPLETED
ORD-110162,P010,South,3.0,2026-04-19,Completed
ORD-110163,P002,East,5.0,2026-04-18,cancelled
ORD-110164,P004,North,4.0,2026-05-30,cancelled
ORD-110165,P007,East,3.0,2026-05-05,COMPLETED
ORD-110166,P003,South,3.0,2026-01-04,cancelled
ORD-110167,P010,West,,2026-06-01,COMPLETED
ORD-110168,P009,North,3.0,2026-01-17,COMPLETED
ORD-110169,P001,West,4.0,2026-05-02,Completed
ORD-110170,P006,West,1.0,2026-01-11,completed
ORD-110171,P010,South,4.0,2026-02-05,cancelled
ORD-110172,P003,South,4.0,2026-02-22,completed
ORD-110173,P002,West,4.0,2026-04-29,COMPLETED
ORD-110174,P006,North,2.0,2026-05-10,Completed
ORD-110175,P007,South,3.0,2026-01-26,Completed
ORD-110176,P008,North,5.0,2026-01-02,Completed
ORD-110177,P004,South,1.0,2026-02-21,completed
ORD-110178,P003,South,4.0,2026-03-25,cancelled
ORD-110179,P005,West,3.0,2026-01-05,Completed
ORD-110180,P004,North,3.0,2026-01-29,pending
ORD-110181,P004,West,5.0,2026-03-24,cancelled
ORD-110182,P006,North,3.0,2026-02-19,pending
ORD-110183,P004,West,2.0,2026-03-02,completed
ORD-110184,P006,West,5.0,2026-02-08,cancelled
ORD-110185,P002,West,5.0,2026-04-07,Completed
ORD-110186,P001,South,4.0,2026-02-23,pending
ORD-110187,P009,West,,2026-01-12,pending
ORD-110188,P003,East,3.0,2026-01-22,completed
ORD-110189,P003,North,5.0,2026-04-05,pending
ORD-110190,P004,South,1.0,2026-06-27,cancelled
ORD-110191,P010,East,3.0,2026-01-19,COMPLETED
ORD-110192,P008,West,4.0,2026-04-22,Completed
ORD-110193,P006,West,1.0,2026-02-21,completed
ORD-110194,P008,South,3.0,2026-02-01,COMPLETED
ORD-110195,P008,East,4.0,2026-06-27,COMPLETED
ORD-110196,P007,South,1.0,2026-03-30,completed
ORD-110197,P003,East,2.0,2026-02-17,Completed
ORD-110198,P008,West,3.0,2026-01-24,Completed
ORD-110199,P004,South,3.0,2026-06-19,completed
ORD-110200,P010,West,2.0,2026-06-09,completed
ORD-110201,P002,East,5.0,2026-01-18,Completed
ORD-110202,P008,South,4.0,2026-01-03,cancelled
ORD-110203,P007,East,1.0,2026-06-11,completed
ORD-110204,P008,South,1.0,2026-06-27,completed
ORD-110205,P010,North,3.0,2026-01-30,cancelled
ORD-110206,P001,East,1.0,2026-01-13,COMPLETED
ORD-110207,P010,West,5.0,2026-03-29,cancelled
ORD-110208,P006,North,5.0,2026-01-23,COMPLETED
ORD-110209,P004,South,5.0,2026-05-01,Completed
ORD-110210,P010,North,2.0,2026-02-16,Completed
ORD-110211,P005,North,4.0,2026-03-10,pending
ORD-110212,P007,West,4.0,2026-04-02,COMPLETED
ORD-110213,P005,East,2.0,2026-02-24,pending
ORD-110214,P010,East,1.0,2026-01-26,Completed
ORD-110215,P005,South,3.0,2026-03-29,pending
ORD-110216,P002,West,5.0,2026-01-20,COMPLETED
ORD-110217,P008,North,2.0,2026-05-20,Completed
ORD-110218,P004,East,5.0,2026-06-14,COMPLETED
ORD-110219,P005,East,5.0,2026-04-27,COMPLETED
ORD-110220,P007,East,3.0,2026-06-08,completed
ORD-110221,P005,North,4.0,2026-02-15,Completed
ORD-110222,P010,North,4.0,2026-05-31,completed
ORD-110223,P008,South,5.0,2026-01-17,completed
ORD-110224,P005,South,3.0,2026-03-01,cancelled
ORD-110225,P002,South,3.0,2026-02-03,COMPLETED
ORD-110226,P005,South,5.0,2026-04-04,completed
ORD-110227,P004,South,1.0,2026-04-24,cancelled
ORD-110228,P008,South,5.0,2026-04-23,cancelled
ORD-110229,P009,South,5.0,2026-01-07,Completed
ORD-110230,P005,West,4.0,2026-04-13,COMPLETED
ORD-110231,P004,North,1.0,2026-05-25,pending
ORD-110232,P004,South,5.0,2026-05-21,completed
ORD-110233,P009,East,,2026-02-23,Completed
ORD-110234,P010,East,3.0,2026-05-09,COMPLETED
ORD-110235,P001,North,1.0,2026-04-03,COMPLETED
ORD-110236,P002,North,2.0,2026-06-25,cancelled
ORD-110237,P009,West,4.0,2026-03-27,Completed
ORD-110238,P002,West,4.0,2026-05-01,Completed
ORD-110239,P005,North,3.0,2026-02-28,COMPLETED
ORD-110240,P006,East,3.0,2026-04-15,pending
ORD-110241,P010,East,1.0,2026-04-26,completed
ORD-110242,P005,West,2.0,2026-03-08,pending
ORD-110243,P005,East,1.0,2026-03-24,completed
ORD-110244,P003,South,5.0,2026-06-17,pending
ORD-110245,P009,North,2.0,2026-03-18,completed
ORD-110246,P006,South,5.0,2026-06-05,pending
ORD-110247,P010,North,2.0,2026-03-01,Completed
ORD-110248,P003,South,3.0,2026-01-11,completed
ORD-110249,P008,West,5.0,2026-04-20,cancelled
ORD-110250,P001,West,2.0,2026-06-24,pending
ORD-110251,P003,South,4.0,2026-05-22,cancelled
ORD-110252,P005,North,5.0,2026-01-16,cancelled
ORD-110253,P008,East,3.0,2026-02-26,pending
ORD-110254,P007,East,5.0,2026-02-17,COMPLETED
ORD-110255,P010,North,2.0,2026-01-05,COMPLETED
ORD-110256,P006,North,3.0,2026-02-18,Completed
ORD-110257,P005,South,3.0,2026-06-25,cancelled
ORD-110258,P007,South,4.0,2026-05-29,cancelled
ORD-110259,P006,East,2.0,2026-04-22,completed
ORD-110260,P005,South,1.0,2026-05-12,pending
ORD-110261,P005,West,3.0,2026-03-26,COMPLETED
ORD-110262,P006,South,5.0,2026-02-28,COMPLETED
ORD-110263,P006,North,5.0,2026-03-23,COMPLETED
ORD-110264,P006,East,2.0,2026-01-04,cancelled
ORD-110265,P001,South,5.0,2026-04-29,pending
ORD-110266,P005,South,5.0,2026-05-29,Completed
ORD-110267,P009,West,5.0,2026-06-12,pending
ORD-110268,P009,North,3.0,2026-01-04,Completed
ORD-110269,P009,East,2.0,2026-03-30,completed
ORD-110270,P006,South,4.0,2026-02-14,completed
ORD-110271,P005,West,2.0,2026-01-25,cancelled
ORD-110272,P001,South,3.0,2026-04-28,Completed
ORD-110273,P001,East,5.0,2026-01-12,COMPLETED
ORD-110274,P001,South,4.0,2026-04-24,cancelled
ORD-110275,P009,North,3.0,2026-05-12,pending
ORD-110276,P006,North,5.0,2026-05-30,completed
ORD-110277,P006,South,3.0,2026-03-09,pending
ORD-110278,P008,East,3.0,2026-05-14,completed
ORD-110279,P005,North,5.0,2026-05-08,pending
ORD-110280,P008,East,1.0,2026-05-05,COMPLETED
ORD-110281,P007,South,1.0,2026-06-06,Completed
ORD-110282,P008,North,4.0,2026-06-11,pending
ORD-110283,P009,North,4.0,2026-03-14,cancelled
ORD-110284,P004,North,5.0,2026-02-28,COMPLETED
ORD-110285,P008,North,3.0,2026-06-14,pending
ORD-110286,P003,East,4.0,2026-05-09,cancelled
ORD-110287,P008,North,2.0,2026-03-13,cancelled
ORD-110288,P005,West,4.0,2026-04-15,pending
ORD-110289,P006,South,1.0,2026-04-18,cancelled
ORD-110290,P005,West,1.0,2026-03-02,completed
ORD-110291,P007,East,3.0,2026-05-13,Completed
ORD-110292,P005,West,5.0,2026-01-19,cancelled
ORD-110293,P005,South,2.0,2026-05-06,COMPLETED
ORD-110294,P004,East,1.0,2026-02-14,completed
ORD-110295,P001,South,3.0,2026-02-12,pending
ORD-110296,P002,North,1.0,2026-03-11,Completed
ORD-110297,P001,West,4.0,2026-01-21,COMPLETED
ORD-110298,P009,East,5.0,2026-01-24,cancelled
ORD-110299,P002,East,2.0,2026-05-31,pending
ORD-110300,P001,North,3.0,2026-02-17,pending
ORD-110301,P003,West,5.0,2026-03-09,completed
ORD-110302,P008,South,3.0,2026-01-12,cancelled
ORD-110303,P005,West,2.0,2026-02-19,COMPLETED
ORD-110304,P005,East,1.0,2026-02-15,Completed
ORD-110305,P007,North,3.0,2026-06-09,cancelled
ORD-110306,P007,South,1.0,2026-04-22,cancelled
ORD-110307,P003,West,2.0,2026-05-27,completed
ORD-110308,P009,West,5.0,2026-06-15,cancelled
ORD-110309,P004,East,3.0,2026-02-23,COMPLETED
ORD-110310,P004,West,1.0,2026-05-30,pending
ORD-110311,P003,North,5.0,2026-05-26,COMPLETED
ORD-110312,P007,North,5.0,2026-06-29,COMPLETED
ORD-110313,P005,South,2.0,2026-01-01,cancelled
ORD-110314,P003,West,3.0,2026-06-18,pending
ORD-110315,P005,East,4.0,2026-01-28,pending
ORD-110316,P001,East,1.0,2026-03-09,COMPLETED
ORD-110317,P004,South,1.0,2026-05-06,cancelled
ORD-110318,P001,South,5.0,2026-05-19,Completed
ORD-110319,P001,North,,2026-06-24,Completed
ORD-110320,P010,North,4.0,2026-05-01,pending
ORD-110321,P003,East,3.0,2026-06-10,Completed
ORD-110322,P001,South,2.0,2026-06-06,completed
ORD-110323,P003,North,1.0,2026-05-12,Completed
ORD-110324,P006,South,2.0,2026-05-18,Completed
ORD-110325,P004,West,3.0,2026-02-12,COMPLETED
ORD-110326,P003,North,4.0,2026-03-10,completed
ORD-110327,P009,North,5.0,2026-02-24,pending
ORD-110328,P010,South,2.0,2026-03-11,Completed
ORD-110329,P004,South,3.0,2026-02-02,cancelled
ORD-110330,P007,West,5.0,2026-01-31,completed
ORD-110331,P009,South,1.0,2026-04-13,Completed
ORD-110332,P004,East,2.0,2026-04-25,completed
ORD-110333,P005,East,3.0,2026-03-30,cancelled
ORD-110334,P003,West,,2026-02-09,completed
ORD-110335,P005,West,3.0,2026-05-13,Completed
ORD-110336,P003,East,4.0,2026-06-18,Completed
ORD-110337,P001,West,3.0,2026-02-25,completed
ORD-110338,P009,West,2.0,2026-02-24,Completed
ORD-110339,P001,West,5.0,2026-01-14,Completed
ORD-110340,P001,West,4.0,2026-06-13,cancelled
ORD-110341,P008,East,4.0,2026-04-04,cancelled
ORD-110342,P002,West,2.0,2026-03-23,Completed
ORD-110343,P006,South,5.0,2026-02-26,completed
ORD-110344,P003,East,1.0,2026-03-05,COMPLETED
ORD-110345,P007,East,4.0,2026-06-02,cancelled
ORD-110346,P002,South,5.0,2026-06-06,completed
ORD-110347,P003,North,4.0,2026-06-23,Completed
ORD-110348,P005,North,5.0,2026-05-19,COMPLETED
ORD-110349,P003,East,4.0,2026-02-10,COMPLETED
ORD-110350,P007,West,4.0,2026-01-30,Completed
ORD-110351,P001,West,1.0,2026-01-21,completed
ORD-110352,P002,East,3.0,2026-04-25,cancelled
ORD-110353,P008,East,3.0,2026-04-28,completed
ORD-110354,P001,West,3.0,2026-04-18,COMPLETED
ORD-110355,P010,North,4.0,2026-06-05,completed
ORD-110356,P007,West,5.0,2026-05-05,completed
ORD-110357,P004,South,5.0,2026-01-05,Completed
ORD-110358,P004,North,1.0,2026-06-22,pending
ORD-110359,P004,East,5.0,2026-02-27,cancelled
ORD-110360,P002,East,1.0,2026-03-23,Completed
ORD-110361,P010,South,2.0,2026-06-10,pending
ORD-110362,P001,East,1.0,2026-02-18,Completed
ORD-110363,P008,North,5.0,2026-02-26,COMPLETED
ORD-110364,P001,North,5.0,2026-03-11,cancelled
ORD-110365,P006,West,2.0,2026-05-25,pending
ORD-110366,P003,North,2.0,2026-05-04,pending
ORD-110367,P004,West,5.0,2026-06-29,completed
ORD-110368,P001,South,4.0,2026-04-18,cancelled
ORD-110369,P009,South,2.0,2026-04-17,pending
ORD-110370,P002,North,3.0,2026-04-10,pending
ORD-110371,P007,North,4.0,2026-05-03,pending
ORD-110372,P009,East,3.0,2026-04-15,pending
ORD-110373,P002,East,1.0,2026-01-31,COMPLETED
ORD-110374,P005,South,2.0,2026-06-21,COMPLETED
ORD-110375,P006,South,,2026-04-28,completed
ORD-110376,P009,West,5.0,2026-01-12,COMPLETED
ORD-110377,P003,North,4.0,2026-02-27,Completed
ORD-110378,P008,East,3.0,2026-06-26,Completed
ORD-110379,P008,South,1.0,2026-06-20,COMPLETED
ORD-110380,P004,North,4.0,2026-03-15,Completed
ORD-110381,P009,West,3.0,2026-02-10,pending
ORD-110382,P008,West,1.0,2026-02-03,pending
ORD-110383,P009,East,3.0,2026-06-29,Completed
ORD-110384,P005,East,4.0,2026-04-11,COMPLETED
ORD-110385,P001,West,2.0,2026-06-07,COMPLETED
ORD-110386,P009,West,3.0,2026-04-22,cancelled
ORD-110387,P003,South,4.0,2026-06-07,cancelled
ORD-110388,P004,North,5.0,2026-04-10,completed
ORD-110389,P009,North,1.0,2026-01-17,completed
ORD-110390,P008,West,1.0,2026-06-29,pending
ORD-110391,P003,South,3.0,2026-04-15,completed
ORD-110392,P010,West,1.0,2026-05-19,Completed
ORD-110393,P003,East,5.0,2026-02-17,completed
ORD-110394,P010,South,2.0,2026-02-20,Completed
ORD-110395,P008,East,3.0,2026-03-08,COMPLETED
ORD-110396,P005,West,4.0,2026-03-14,pending
ORD-110397,P008,South,4.0,2026-06-03,cancelled
ORD-110398,P002,East,,2026-04-27,cancelled
ORD-110399,P009,West,5.0,2026-04-10,COMPLETED
ORD-110400,P003,West,4.0,2026-01-02,cancelled
ORD-110401,P010,South,4.0,2026-05-17,completed
ORD-110402,P009,East,5.0,2026-02-03,Completed
ORD-110403,P001,West,4.0,2026-05-20,pending
ORD-110404,P001,North,1.0,2026-06-03,Completed
ORD-110405,P002,West,5.0,2026-02-11,completed
ORD-110406,P006,West,2.0,2026-04-22,cancelled
ORD-110407,P003,East,1.0,2026-02-13,pending
ORD-110408,P004,East,5.0,2026-02-19,COMPLETED
ORD-110409,P005,West,5.0,2026-02-28,Completed
ORD-110410,P009,North,1.0,2026-03-07,Completed
ORD-110411,P006,South,3.0,2026-06-28,Completed
ORD-110412,P003,North,5.0,2026-01-12,completed
ORD-110413,P003,West,4.0,2026-03-16,cancelled
ORD-110414,P007,West,1.0,2026-06-19,Completed
ORD-110415,P002,South,3.0,2026-05-06,completed
ORD-110416,P010,South,4.0,2026-06-06,COMPLETED
ORD-110417,P002,West,5.0,2026-02-24,COMPLETED
ORD-110418,P009,East,1.0,2026-01-29,pending
ORD-110419,P007,North,3.0,2026-05-07,completed
ORD-110420,P010,North,3.0,2026-02-09,pending
ORD-110421,P007,South,3.0,2026-03-31,completed
ORD-110422,P010,North,4.0,2026-03-09,pending
ORD-110423,P005,East,5.0,2026-06-24,Completed
ORD-110424,P005,North,4.0,2026-01-14,COMPLETED
ORD-110425,P003,West,5.0,2026-05-21,pending
ORD-110426,P008,South,3.0,2026-02-12,cancelled
ORD-110427,P006,South,3.0,2026-01-13,pending
ORD-110428,P004,South,2.0,2026-01-31,cancelled
ORD-110429,P003,East,5.0,2026-04-06,COMPLETED
ORD-110430,P006,North,1.0,2026-06-10,cancelled
ORD-110431,P010,South,4.0,2026-03-23,cancelled
ORD-110432,P008,South,4.0,2026-02-08,cancelled
ORD-110433,P009,North,3.0,2026-02-18,completed
ORD-110434,P007,North,2.0,2026-02-21,cancelled
ORD-110435,P008,East,,2026-06-09,pending
ORD-110436,P001,South,2.0,2026-04-28,Completed
ORD-110437,P010,West,5.0,2026-01-29,completed
ORD-110438,P004,North,3.0,2026-04-13,COMPLETED
ORD-110439,P005,South,5.0,2026-01-07,COMPLETED
ORD-110440,P007,North,3.0,2026-03-27,pending
ORD-110441,P005,East,3.0,2026-05-24,pending
ORD-110442,P003,South,4.0,2026-02-02,completed
ORD-110443,P003,South,1.0,2026-02-04,completed
ORD-110444,P008,West,5.0,2026-03-18,Completed
ORD-110445,P009,East,4.0,2026-01-12,completed
ORD-110446,P008,East,1.0,2026-01-02,cancelled
ORD-110447,P006,South,2.0,2026-06-05,cancelled
ORD-110448,P002,East,2.0,2026-01-09,completed
ORD-110449,P005,West,2.0,2026-04-25,cancelled
ORD-110450,P006,West,3.0,2026-01-13,pending
ORD-110451,P006,West,4.0,2026-02-19,pending
ORD-110452,P009,West,5.0,2026-01-21,completed
ORD-110453,P010,East,5.0,2026-04-14,pending
ORD-110454,P009,West,3.0,2026-05-22,cancelled
ORD-110455,P004,North,4.0,2026-02-16,pending
ORD-110456,P006,East,4.0,2026-03-17,cancelled
ORD-110457,P001,North,3.0,2026-04-12,COMPLETED
ORD-110458,P009,South,3.0,2026-05-10,cancelled
ORD-110459,P005,South,3.0,2026-03-01,COMPLETED
ORD-110460,P002,East,2.0,2026-01-19,cancelled
ORD-110461,P008,North,3.0,2026-01-14,cancelled
ORD-110462,P003,West,5.0,2026-04-10,pending
ORD-110463,P009,North,2.0,2026-01-21,cancelled
ORD-110464,P010,North,3.0,2026-02-08,COMPLETED
ORD-110465,P007,North,3.0,2026-03-02,cancelled
ORD-110466,P001,West,5.0,2026-04-13,Completed
ORD-110467,P003,West,5.0,2026-03-03,Completed
ORD-110468,P009,South,2.0,2026-05-14,Completed
ORD-110469,P002,South,3.0,2026-03-09,COMPLETED
ORD-110470,P009,South,2.0,2026-03-25,completed
ORD-110471,P007,West,3.0,2026-04-20,cancelled
ORD-110472,P010,North,1.0,2026-04-25,completed
ORD-110473,P003,North,,2026-05-18,completed
ORD-110474,P004,West,1.0,2026-02-12,cancelled
ORD-110475,P009,West,3.0,2026-01-04,pending
ORD-110476,P010,West,2.0,2026-01-18,cancelled
ORD-110477,P008,East,,2026-04-16,pending
ORD-110478,P005,East,1.0,2026-02-11,Completed
ORD-110479,P003,North,2.0,2026-05-27,COMPLETED
ORD-110480,P004,East,2.0,2026-04-27,cancelled
ORD-110481,P002,West,4.0,2026-06-01,completed
ORD-110482,P007,East,2.0,2026-02-12,Completed
ORD-110483,P009,North,1.0,2026-01-07,cancelled
ORD-110484,P001,West,3.0,2026-01-30,COMPLETED
ORD-110485,P007,South,5.0,2026-01-06,cancelled
ORD-110486,P005,North,3.0,2026-05-28,completed
ORD-110487,P008,South,2.0,2026-05-21,Completed
ORD-110488,P004,East,2.0,2026-01-30,COMPLETED
ORD-110489,P010,West,4.0,2026-05-08,COMPLETED
ORD-110490,P002,North,2.0,2026-06-13,cancelled
ORD-110491,P006,East,3.0,2026-01-27,pending
ORD-110492,P007,West,5.0,2026-06-27,pending
ORD-110493,P003,West,2.0,2026-02-18,Completed
ORD-110494,P008,West,5.0,2026-05-16,COMPLETED
ORD-110495,P010,South,3.0,2026-04-16,COMPLETED
ORD-110496,P001,South,5.0,2026-01-18,pending
ORD-110497,P002,East,2.0,2026-03-09,COMPLETED
ORD-110498,P010,South,1.0,2026-04-04,pending
ORD-110499,P007,East,4.0,2026-04-04,completed
ORD-110500,P006,East,3.0,2026-06-09,pending
ORD-110501,P010,East,1.0,2026-01-26,completed
ORD-110502,P003,South,4.0,2026-01-10,completed
ORD-110503,P008,South,4.0,2026-01-19,completed
ORD-110504,P005,North,1.0,2026-02-03,completed
ORD-110505,P001,West,5.0,2026-03-15,cancelled
ORD-110506,P006,North,1.0,2026-02-06,pending
ORD-110507,P005,West,2.0,2026-05-22,COMPLETED
ORD-110508,P006,West,2.0,2026-04-21,Completed
ORD-110509,P010,East,3.0,2026-01-15,completed
ORD-110510,P008,North,4.0,2026-01-23,cancelled
ORD-110511,P004,South,4.0,2026-06-03,pending
ORD-110512,P001,North,3.0,2026-04-30,pending
ORD-110513,P008,South,5.0,2026-02-06,Completed
ORD-110514,P009,East,3.0,2026-06-11,Completed
ORD-110515,P001,West,1.0,2026-03-19,COMPLETED
ORD-110516,P009,North,4.0,2026-02-20,cancelled
ORD-110517,P003,South,3.0,2026-04-29,COMPLETED
ORD-110518,P004,South,3.0,2026-05-20,Completed
ORD-110519,P009,South,4.0,2026-03-01,Completed
ORD-110520,P003,North,2.0,2026-03-28,COMPLETED
ORD-110521,P009,West,2.0,2026-02-23,Completed
ORD-110522,P001,East,4.0,2026-01-19,COMPLETED
ORD-110523,P007,East,1.0,2026-05-04,Completed
ORD-110524,P009,East,1.0,2026-01-15,pending
ORD-110525,P006,South,5.0,2026-06-27,cancelled
ORD-110526,P002,North,1.0,2026-01-12,COMPLETED
ORD-110527,P005,South,1.0,2026-02-25,pending
ORD-110528,P009,South,1.0,2026-01-14,pending
ORD-110529,P007,North,5.0,2026-06-28,cancelled
ORD-110530,P007,East,4.0,2026-05-09,COMPLETED
ORD-110531,P006,East,3.0,2026-05-14,Completed
ORD-110532,P008,West,4.0,2026-04-23,COMPLETED
ORD-110533,P006,West,3.0,2026-06-27,COMPLETED
ORD-110534,P003,South,3.0,2026-05-29,completed
ORD-110535,P002,South,3.0,2026-06-04,Completed
ORD-110536,P007,East,2.0,2026-04-23,Completed
ORD-110537,P003,West,5.0,2026-01-24,COMPLETED
ORD-110538,P003,North,5.0,2026-02-18,pending
ORD-110539,P008,East,1.0,2026-01-20,Completed
ORD-110540,P006,West,2.0,2026-04-27,completed
ORD-110541,P003,North,2.0,2026-03-06,pending
ORD-110542,P007,West,2.0,2026-02-24,completed
ORD-110543,P008,East,4.0,2026-03-28,Completed
ORD-110544,P005,West,2.0,2026-05-04,completed
ORD-110545,P007,East,4.0,2026-03-23,cancelled
ORD-110546,P006,West,5.0,2026-03-18,pending
ORD-110547,P002,West,1.0,2026-03-30,Completed
ORD-110548,P008,East,1.0,2026-05-11,COMPLETED
ORD-110549,P005,South,5.0,2026-06-13,Completed
ORD-110550,P007,West,5.0,2026-05-17,completed
ORD-110551,P008,North,1.0,2026-03-22,completed
ORD-110552,P006,East,1.0,2026-04-01,cancelled
ORD-110553,P005,North,4.0,2026-06-02,pending
ORD-110554,P007,North,5.0,2026-01-27,pending
ORD-110555,P001,West,5.0,2026-01-17,cancelled
ORD-110556,P003,West,1.0,2026-06-01,Completed
ORD-110557,P007,South,3.0,2026-05-10,cancelled
ORD-110558,P003,East,4.0,2026-06-15,completed
ORD-110559,P006,North,4.0,2026-06-13,pending
ORD-110560,P008,North,2.0,2026-04-17,COMPLETED
ORD-110561,P003,South,1.0,2026-04-14,pending
ORD-110562,P005,North,1.0,2026-04-25,Completed
ORD-110563,P004,West,1.0,2026-02-14,cancelled
ORD-110564,P004,East,3.0,2026-02-02,pending
ORD-110565,P003,South,1.0,2026-01-31,Completed
ORD-110566,P005,North,3.0,2026-05-11,Completed
ORD-110567,P002,South,1.0,2026-04-24,completed
ORD-110568,P005,South,1.0,2026-04-12,completed
ORD-110569,P009,West,4.0,2026-06-27,completed
ORD-110570,P002,West,2.0,2026-05-25,COMPLETED
ORD-110571,P001,East,3.0,2026-06-24,COMPLETED
ORD-110572,P010,North,2.0,2026-02-18,completed
ORD-110573,P003,East,1.0,2026-04-02,pending
ORD-110574,P010,South,1.0,2026-05-08,Completed
ORD-110575,P006,North,3.0,2026-06-16,completed
ORD-110576,P008,East,4.0,2026-04-16,completed
ORD-110577,P009,West,5.0,2026-06-24,COMPLETED
ORD-110578,P004,North,3.0,2026-04-15,COMPLETED
ORD-110579,P004,East,1.0,2026-06-07,cancelled
ORD-110580,P003,West,3.0,2026-01-06,COMPLETED
ORD-110581,P009,East,1.0,2026-03-12,Completed
ORD-110582,P003,West,4.0,2026-02-11,completed
ORD-110583,P003,North,4.0,2026-01-25,cancelled
ORD-110584,P003,South,2.0,2026-03-27,COMPLETED
ORD-110585,P005,East,1.0,2026-03-11,pending
ORD-110586,P001,West,2.0,2026-04-14,completed
ORD-110587,P001,South,,2026-05-23,Completed
ORD-110588,P005,South,4.0,2026-03-17,completed
ORD-110589,P001,East,4.0,2026-06-24,COMPLETED
ORD-110590,P005,South,2.0,2026-02-17,COMPLETED
ORD-110591,P004,East,4.0,2026-06-26,Completed
ORD-110592,P005,West,5.0,2026-05-14,Completed
ORD-110593,P003,East,2.0,2026-02-11,COMPLETED
ORD-110594,P001,South,4.0,2026-02-17,COMPLETED
ORD-110595,P007,North,5.0,2026-06-13,COMPLETED
ORD-110596,P008,South,1.0,2026-01-29,COMPLETED
ORD-110597,P009,West,2.0,2026-05-07,Completed
ORD-110598,P003,South,1.0,2026-01-22,completed
ORD-110599,P005,South,3.0,2026-01-04,Completed
ORD-110600,P001,South,5.0,2026-02-18,cancelled
ORD-110601,P004,East,2.0,2026-05-22,COMPLETED
ORD-110602,P001,South,4.0,2026-01-14,Completed
ORD-110603,P009,West,5.0,2026-02-20,COMPLETED
ORD-110604,P004,East,5.0,2026-04-15,COMPLETED
ORD-110605,P010,West,3.0,2026-01-19,completed
ORD-110606,P004,East,3.0,2026-06-14,COMPLETED
ORD-110607,P004,South,4.0,2026-06-28,cancelled
ORD-110608,P004,East,2.0,2026-05-06,pending
ORD-110609,P004,West,4.0,2026-01-23,cancelled
ORD-110610,P004,East,5.0,2026-03-04,completed
ORD-110611,P010,North,1.0,2026-01-21,cancelled
ORD-110612,P009,East,4.0,2026-02-14,cancelled
ORD-110613,P001,East,1.0,2026-04-02,completed
ORD-110614,P005,West,3.0,2026-01-09,cancelled
ORD-110615,P007,North,4.0,2026-04-01,cancelled
ORD-110616,P005,North,2.0,2026-06-02,COMPLETED
ORD-110617,P002,South,3.0,2026-02-21,cancelled
ORD-110618,P003,South,5.0,2026-05-25,COMPLETED
ORD-110619,P007,North,5.0,2026-03-26,Completed
ORD-110620,P003,South,5.0,2026-06-30,COMPLETED
ORD-110621,P008,North,4.0,2026-04-13,cancelled
ORD-110622,P007,West,3.0,2026-04-04,pending
ORD-110623,P009,South,3.0,2026-06-24,COMPLETED
ORD-110624,P002,West,5.0,2026-03-21,cancelled
ORD-110625,P010,South,2.0,2026-02-22,pending
ORD-110626,P002,South,2.0,2026-03-15,COMPLETED
ORD-110627,P003,North,2.0,2026-06-06,completed
ORD-110628,P002,West,5.0,2026-06-29,cancelled
ORD-110629,P008,East,3.0,2026-06-26,cancelled
ORD-110630,P009,West,1.0,2026-04-22,cancelled
ORD-110631,P002,North,4.0,2026-05-17,pending
ORD-110632,P005,North,2.0,2026-03-06,cancelled
ORD-110633,P010,North,4.0,2026-05-08,completed
ORD-110634,P002,South,5.0,2026-03-29,cancelled
ORD-110635,P005,East,1.0,2026-01-06,pending
ORD-110636,P002,East,5.0,2026-05-30,pending
ORD-110637,P006,North,4.0,2026-06-18,COMPLETED
ORD-110638,P003,North,2.0,2026-04-10,cancelled
ORD-110639,P005,East,2.0,2026-01-08,Completed
ORD-110640,P009,East,5.0,2026-06-24,pending
ORD-110641,P004,West,,2026-06-16,completed
ORD-110642,P001,East,3.0,2026-03-02,Completed
ORD-110643,P002,North,3.0,2026-05-23,pending
ORD-110644,P003,West,1.0,2026-03-07,Completed
ORD-110645,P009,East,5.0,2026-06-10,pending
ORD-110646,P008,West,2.0,2026-02-15,completed
ORD-110647,P006,North,,2026-01-14,cancelled
ORD-110648,P007,North,2.0,2026-04-24,pending
ORD-110649,P006,West,2.0,2026-06-25,COMPLETED
ORD-110650,P005,North,4.0,2026-06-21,COMPLETED
ORD-110651,P003,South,3.0,2026-06-17,pending
ORD-110652,P009,West,5.0,2026-03-13,completed
ORD-110653,P009,East,5.0,2026-04-18,COMPLETED
ORD-110654,P002,North,3.0,2026-02-14,pending
ORD-110655,P007,East,2.0,2026-01-09,cancelled
ORD-110656,P001,West,2.0,2026-06-30,Completed
ORD-110657,P006,West,2.0,2026-02-05,cancelled
ORD-110658,P002,South,5.0,2026-01-29,pending
ORD-110659,P008,East,4.0,2026-01-15,Completed
ORD-110660,P010,East,3.0,2026-05-10,COMPLETED
ORD-110661,P009,North,1.0,2026-05-07,pending
ORD-110662,P007,West,4.0,2026-03-07,pending
ORD-110663,P010,South,5.0,2026-03-13,COMPLETED
ORD-110664,P007,North,4.0,2026-01-12,pending
ORD-110665,P006,West,4.0,2026-05-22,pending
ORD-110666,P010,South,3.0,2026-03-27,pending
ORD-110667,P008,South,1.0,2026-03-28,Completed
ORD-110668,P007,South,1.0,2026-01-20,Completed
ORD-110669,P009,West,3.0,2026-06-26,cancelled
ORD-110670,P005,South,5.0,2026-02-03,Completed
ORD-110671,P008,North,4.0,2026-05-15,completed
ORD-110672,P008,West,5.0,2026-01-19,completed
ORD-110673,P008,West,2.0,2026-03-14,completed
ORD-110674,P005,East,4.0,2026-04-16,COMPLETED
ORD-110675,P007,South,2.0,2026-04-10,cancelled
ORD-110676,P004,North,5.0,2026-06-30,Completed
ORD-110677,P003,South,3.0,2026-02-15,Completed
ORD-110678,P002,South,5.0,2026-01-15,pending
ORD-110679,P003,East,4.0,2026-01-08,pending
ORD-110680,P004,North,1.0,2026-05-08,Completed
ORD-110681,P004,East,5.0,2026-02-21,Completed
ORD-110682,P008,West,3.0,2026-06-11,pending
ORD-110683,P001,South,5.0,2026-01-21,pending
ORD-110684,P003,South,1.0,2026-06-08,Completed
ORD-110685,P004,North,3.0,2026-04-24,cancelled
ORD-110686,P005,East,4.0,2026-01-02,COMPLETED
ORD-110687,P010,North,1.0,2026-06-13,Completed
ORD-110688,P010,South,4.0,2026-02-09,pending
ORD-110689,P007,South,2.0,2026-03-21,cancelled
ORD-110690,P009,North,1.0,2026-02-27,completed
ORD-110691,P004,South,4.0,2026-03-05,cancelled
ORD-110692,P004,West,1.0,2026-06-29,COMPLETED
ORD-110693,P008,West,3.0,2026-06-22,COMPLETED
ORD-110694,P007,East,5.0,2026-01-23,completed
ORD-110695,P002,West,5.0,2026-01-03,pending
ORD-110696,P005,South,5.0,2026-06-19,Completed
ORD-110697,P003,North,4.0,2026-03-02,pending
ORD-110698,P010,South,2.0,2026-03-29,completed
ORD-110699,P002,North,4.0,2026-01-10,Completed
ORD-110700,P004,South,4.0,2026-02-07,COMPLETED
ORD-110701,P008,South,1.0,2026-05-13,pending
ORD-110702,P005,North,,2026-03-10,pending
ORD-110703,P004,East,3.0,2026-03-20,Completed
ORD-110704,P008,South,3.0,2026-03-16,completed
ORD-110705,P008,East,4.0,2026-05-09,cancelled
ORD-110706,P001,South,5.0,2026-02-09,Completed
ORD-110707,P002,North,1.0,2026-01-15,pending
ORD-110708,P002,East,5.0,2026-01-03,cancelled
ORD-110709,P010,South,2.0,2026-06-30,COMPLETED
ORD-110710,P002,South,3.0,2026-01-08,Completed
ORD-110711,P006,East,4.0,2026-01-12,Completed
ORD-110712,P002,West,4.0,2026-01-15,pending
ORD-110713,P005,North,4.0,2026-03-14,cancelled
ORD-110714,P007,West,4.0,2026-06-22,cancelled
ORD-110715,P009,South,4.0,2026-04-23,Completed
ORD-110716,P001,South,4.0,2026-03-19,COMPLETED
ORD-110717,P009,North,1.0,2026-06-10,COMPLETED
ORD-110718,P002,North,2.0,2026-01-13,COMPLETED
ORD-110719,P010,South,4.0,2026-06-12,COMPLETED
ORD-110720,P002,West,2.0,2026-01-30,COMPLETED
ORD-110721,P002,South,5.0,2026-03-23,pending
ORD-110722,P001,East,4.0,2026-01-11,completed
ORD-110723,P006,West,3.0,2026-03-12,completed
ORD-110724,P009,East,1.0,2026-03-18,cancelled
ORD-110725,P001,South,3.0,2026-03-08,cancelled
ORD-110726,P004,West,4.0,2026-01-06,COMPLETED
ORD-110727,P003,South,5.0,2026-04-09,COMPLETED
ORD-110728,P005,South,2.0,2026-01-30,COMPLETED
ORD-110729,P009,North,1.0,2026-06-16,completed
ORD-110730,P004,West,,2026-05-03,Completed
ORD-110731,P004,East,2.0,2026-02-24,COMPLETED
ORD-110732,P001,South,1.0,2026-04-22,COMPLETED
ORD-110733,P008,South,4.0,2026-01-14,completed
ORD-110734,P005,West,2.0,2026-01-25,COMPLETED
ORD-110735,P005,East,1.0,2026-02-26,pending
ORD-110736,P010,East,3.0,2026-02-08,cancelled
ORD-110737,P005,West,2.0,2026-06-16,Completed
ORD-110738,P004,East,2.0,2026-01-15,completed
ORD-110739,P006,North,3.0,2026-05-21,pending
ORD-110740,P006,East,,2026-03-02,cancelled
ORD-110741,P003,South,5.0,2026-06-04,completed
ORD-110742,P010,East,5.0,2026-06-02,COMPLETED
ORD-110743,P004,South,1.0,2026-04-24,Completed
ORD-110744,P010,West,3.0,2026-02-22,COMPLETED
ORD-110745,P007,East,1.0,2026-05-22,Completed
ORD-110746,P003,North,5.0,2026-01-03,COMPLETED
ORD-110747,P008,South,3.0,2026-06-22,completed
ORD-110748,P004,East,1.0,2026-02-17,pending
ORD-110749,P004,East,5.0,2026-06-24,completed
ORD-110750,P005,North,1.0,2026-04-22,completed
ORD-110751,P005,West,5.0,2026-01-11,Completed
ORD-110752,P005,North,4.0,2026-01-05,completed
ORD-110753,P007,North,1.0,2026-06-11,pending
ORD-110754,P004,West,3.0,2026-01-29,pending
ORD-110755,P010,South,3.0,2026-04-21,COMPLETED
ORD-110756,P004,South,4.0,2026-06-16,COMPLETED
ORD-110757,P004,West,2.0,2026-01-27,pending
ORD-110758,P007,South,2.0,2026-01-26,COMPLETED
ORD-110759,P001,North,3.0,2026-06-14,pending
ORD-110760,P004,East,1.0,2026-05-07,pending
ORD-110761,P004,North,2.0,2026-03-29,Completed
ORD-110762,P009,East,,2026-05-02,pending
ORD-110763,P010,East,4.0,2026-05-06,pending
ORD-110764,P005,South,5.0,2026-02-04,completed
ORD-110765,P003,East,3.0,2026-04-22,pending
ORD-110766,P003,East,2.0,2026-05-17,COMPLETED
ORD-110767,P005,West,2.0,2026-05-06,cancelled
ORD-110768,P010,South,2.0,2026-04-17,completed
ORD-110769,P006,North,3.0,2026-04-05,cancelled
ORD-110770,P001,East,2.0,2026-03-06,Completed
ORD-110771,P001,South,3.0,2026-03-16,pending
ORD-110772,P002,South,5.0,2026-04-03,cancelled
ORD-110773,P005,South,4.0,2026-03-16,Completed
ORD-110774,P002,North,1.0,2026-03-09,Completed
ORD-110775,P001,North,1.0,2026-01-13,Completed
ORD-110776,P010,North,3.0,2026-01-24,completed
ORD-110777,P008,East,4.0,2026-03-30,pending
ORD-110778,P007,North,2.0,2026-02-13,COMPLETED
ORD-110779,P009,East,1.0,2026-03-20,COMPLETED
ORD-110780,P004,East,4.0,2026-03-19,COMPLETED
ORD-110781,P006,South,5.0,2026-01-06,Completed
ORD-110782,P009,North,1.0,2026-06-12,Completed
ORD-110783,P008,North,3.0,2026-06-17,pending
ORD-110784,P009,West,2.0,2026-01-08,cancelled
ORD-110785,P002,West,3.0,2026-03-20,COMPLETED
ORD-110786,P003,East,5.0,2026-05-17,cancelled
ORD-110787,P004,West,2.0,2026-06-11,Completed
ORD-110788,P004,South,2.0,2026-05-15,cancelled
ORD-110789,P001,East,2.0,2026-03-21,cancelled
ORD-110790,P005,South,3.0,2026-01-08,pending
ORD-110791,P006,South,5.0,2026-06-07,completed
ORD-110792,P003,South,5.0,2026-03-02,completed
ORD-110793,P009,East,1.0,2026-04-01,COMPLETED
ORD-110794,P002,South,5.0,2026-03-06,Completed
ORD-110795,P008,West,3.0,2026-02-27,pending
ORD-110796,P001,East,4.0,2026-05-31,completed
ORD-110797,P009,North,2.0,2026-06-14,COMPLETED
ORD-110798,P001,South,3.0,2026-04-15,cancelled
ORD-110799,P002,South,4.0,2026-03-01,Completed
ORD-110800,P004,North,3.0,2026-05-01,COMPLETED
ORD-110801,P006,West,5.0,2026-06-26,completed
ORD-110802,P005,East,4.0,2026-01-30,completed
ORD-110803,P009,West,5.0,2026-01-15,Completed
ORD-110804,P003,South,4.0,2026-06-19,cancelled
ORD-110805,P006,East,3.0,2026-02-04,completed
ORD-110806,P010,South,4.0,2026-01-01,COMPLETED
ORD-110807,P006,West,4.0,2026-06-18,COMPLETED
ORD-110808,P010,South,1.0,2026-06-16,cancelled
ORD-110809,P007,South,2.0,2026-02-18,cancelled
ORD-110810,P005,East,2.0,2026-02-21,cancelled
ORD-110811,P002,North,2.0,2026-02-16,completed
ORD-110812,P008,North,3.0,2026-01-16,pending
ORD-110813,P004,East,5.0,2026-01-06,cancelled
ORD-110814,P004,South,2.0,2026-02-08,cancelled
ORD-110815,P006,East,4.0,2026-06-26,COMPLETED
ORD-110816,P008,East,4.0,2026-03-09,cancelled
ORD-110817,P008,East,1.0,2026-02-28,cancelled
ORD-110818,P001,South,2.0,2026-05-14,pending
ORD-110819,P010,East,5.0,2026-04-27,Completed
ORD-110820,P010,East,5.0,2026-02-22,cancelled
ORD-110821,P005,South,5.0,2026-05-02,COMPLETED
ORD-110822,P007,North,3.0,2026-02-11,Completed
ORD-110823,P007,West,1.0,2026-02-04,pending
ORD-110824,P009,South,4.0,2026-06-04,completed
ORD-110825,P002,West,1.0,2026-02-23,cancelled
ORD-110826,P007,South,2.0,2026-04-23,completed
ORD-110827,P008,West,5.0,2026-06-16,COMPLETED
ORD-110828,P002,East,2.0,2026-03-18,completed
ORD-110829,P005,South,4.0,2026-03-29,cancelled
ORD-110830,P010,North,2.0,2026-04-27,cancelled
ORD-110831,P007,East,4.0,2026-02-08,completed
ORD-110832,P007,North,4.0,2026-02-26,pending
ORD-110833,P009,South,5.0,2026-02-14,pending
ORD-110834,P002,West,3.0,2026-05-02,cancelled
ORD-110835,P004,South,5.0,2026-06-09,cancelled
ORD-110836,P009,West,5.0,2026-01-27,pending
ORD-110837,P008,South,1.0,2026-04-23,completed
ORD-110838,P006,West,3.0,2026-06-25,cancelled
ORD-110839,P009,North,3.0,2026-03-29,cancelled
ORD-110840,P010,East,5.0,2026-06-23,Completed
ORD-110841,P010,West,1.0,2026-03-01,cancelled
ORD-110842,P007,North,5.0,2026-02-09,Completed
ORD-110843,P010,West,4.0,2026-04-11,cancelled
ORD-110844,P008,South,4.0,2026-04-20,Completed
ORD-110845,P006,West,1.0,2026-02-02,completed
ORD-110846,P008,East,,2026-04-03,completed
ORD-110847,P009,North,5.0,2026-03-12,Completed
ORD-110848,P009,North,4.0,2026-05-27,COMPLETED
ORD-110849,P003,South,,2026-05-20,cancelled
ORD-110850,P010,West,5.0,2026-01-04,pending
ORD-110851,P009,West,5.0,2026-06-24,Completed
ORD-110852,P006,North,3.0,2026-04-17,completed
ORD-110853,P003,North,5.0,2026-05-22,completed
ORD-110854,P003,South,3.0,2026-02-13,cancelled
ORD-110855,P007,West,4.0,2026-01-22,COMPLETED
ORD-110856,P009,West,2.0,2026-04-21,cancelled
ORD-110857,P006,North,2.0,2026-05-08,pending
ORD-110858,P009,South,2.0,2026-02-21,Completed
ORD-110859,P009,North,1.0,2026-03-09,Completed
ORD-110860,P007,North,3.0,2026-06-03,pending
ORD-110861,P009,West,3.0,2026-04-04,Completed
ORD-110862,P008,East,3.0,2026-02-23,completed
ORD-110863,P008,East,2.0,2026-01-07,completed
ORD-110864,P010,West,4.0,2026-02-04,COMPLETED
ORD-110865,P003,West,5.0,2026-05-31,COMPLETED
ORD-110866,P008,North,4.0,2026-01-29,pending
ORD-110867,P001,South,1.0,2026-05-06,completed
ORD-110868,P001,West,4.0,2026-01-21,cancelled
ORD-110869,P007,North,2.0,2026-06-21,completed
ORD-110870,P001,South,4.0,2026-06-15,COMPLETED
ORD-110871,P003,South,3.0,2026-02-25,COMPLETED
ORD-110872,P003,North,1.0,2026-02-06,Completed
ORD-110873,P005,West,1.0,2026-03-28,Completed
ORD-110874,P001,East,1.0,2026-02-13,pending
ORD-110875,P005,North,5.0,2026-01-28,cancelled
ORD-110876,P006,East,3.0,2026-03-08,completed
ORD-110877,P008,East,5.0,2026-04-10,pending
ORD-110878,P004,East,3.0,2026-04-18,completed
ORD-110879,P010,South,5.0,2026-06-17,pending
ORD-110880,P008,West,2.0,2026-04-05,completed
ORD-110881,P005,South,4.0,2026-06-27,completed
ORD-110882,P005,South,3.0,2026-03-02,pending
ORD-110883,P010,East,5.0,2026-06-09,pending
ORD-110884,P001,North,2.0,2026-04-17,Completed
ORD-110885,P008,North,5.0,2026-01-19,completed
ORD-110886,P008,North,4.0,2026-01-25,COMPLETED
ORD-110887,P007,North,4.0,2026-05-19,pending
ORD-110888,P009,East,1.0,2026-04-30,Completed
ORD-110889,P010,South,4.0,2026-01-26,cancelled
ORD-110890,P010,East,5.0,2026-01-10,cancelled
ORD-110891,P006,East,3.0,2026-01-20,Completed
ORD-110892,P010,North,4.0,2026-04-26,cancelled
ORD-110893,P004,North,3.0,2026-03-01,completed
ORD-110894,P005,South,4.0,2026-06-20,pending
ORD-110895,P005,East,1.0,2026-06-12,COMPLETED
ORD-110896,P003,South,1.0,2026-02-22,pending
ORD-110897,P007,West,2.0,2026-04-04,Completed
ORD-110898,P005,West,5.0,2026-05-24,Completed
ORD-110899,P005,North,3.0,2026-02-12,cancelled
ORD-110900,P005,West,4.0,2026-04-12,Completed
ORD-110901,P003,East,3.0,2026-06-29,completed
ORD-110902,P006,North,2.0,2026-04-18,completed
ORD-110903,P003,South,5.0,2026-03-13,cancelled
ORD-110904,P010,East,4.0,2026-02-09,completed
ORD-110905,P008,North,2.0,2026-03-12,completed
ORD-110906,P001,West,3.0,2026-03-27,completed
ORD-110907,P008,West,1.0,2026-02-09,cancelled
ORD-110908,P010,East,2.0,2026-05-06,Completed
ORD-110909,P007,North,1.0,2026-02-19,COMPLETED
ORD-110910,P001,South,5.0,2026-05-22,Completed
ORD-110911,P001,South,2.0,2026-06-01,Completed
ORD-110912,P008,East,1.0,2026-01-08,Completed
ORD-110913,P009,North,5.0,2026-04-15,COMPLETED
ORD-110914,P004,West,4.0,2026-01-09,Completed
ORD-110915,P005,North,3.0,2026-03-27,completed
ORD-110916,P010,South,3.0,2026-04-24,COMPLETED
ORD-110917,P009,West,2.0,2026-04-09,completed
ORD-110918,P007,South,4.0,2026-01-11,Completed
ORD-110919,P005,West,3.0,2026-05-17,cancelled
ORD-110920,P002,North,4.0,2026-02-04,pending
ORD-110921,P006,South,1.0,2026-03-23,completed
ORD-110922,P010,South,1.0,2026-03-26,COMPLETED
ORD-110923,P007,West,3.0,2026-04-11,pending
ORD-110924,P008,South,1.0,2026-01-27,Completed
ORD-110925,P010,North,,2026-02-07,Completed
ORD-110926,P004,East,3.0,2026-05-22,cancelled
ORD-110927,P010,East,3.0,2026-04-13,COMPLETED
ORD-110928,P006,East,5.0,2026-01-12,pending
ORD-110929,P006,North,1.0,2026-06-03,COMPLETED
ORD-110930,P004,West,5.0,2026-05-29,pending
ORD-110931,P010,East,5.0,2026-05-28,COMPLETED
ORD-110932,P005,West,4.0,2026-01-01,pending
ORD-110933,P001,East,1.0,2026-05-27,COMPLETED
ORD-110934,P003,North,1.0,2026-01-27,cancelled
ORD-110935,P008,South,5.0,2026-05-08,completed
ORD-110936,P006,North,5.0,2026-02-28,Completed
ORD-110937,P004,West,4.0,2026-02-21,cancelled
ORD-110938,P001,South,5.0,2026-03-30,Completed
ORD-110939,P006,East,2.0,2026-03-01,cancelled
ORD-110940,P010,North,2.0,2026-06-11,COMPLETED
ORD-110941,P004,South,5.0,2026-03-05,pending
ORD-110942,P009,North,1.0,2026-03-08,cancelled
ORD-110943,P003,East,1.0,2026-05-05,Completed
ORD-110944,P002,East,3.0,2026-01-23,COMPLETED
ORD-110945,P009,North,3.0,2026-03-31,cancelled
ORD-110946,P002,North,5.0,2026-01-05,completed
ORD-110947,P001,North,4.0,2026-05-07,cancelled
ORD-110948,P010,South,,2026-05-06,pending
ORD-110949,P006,East,4.0,2026-01-25,completed
ORD-110950,P008,West,3.0,2026-02-18,completed
ORD-110951,P004,South,3.0,2026-06-12,completed
ORD-110952,P005,North,1.0,2026-03-19,cancelled
ORD-110953,P009,West,2.0,2026-03-29,COMPLETED
ORD-110954,P004,North,3.0,2026-04-13,completed
ORD-110955,P002,North,1.0,2026-02-10,Completed
ORD-110956,P009,West,4.0,2026-04-22,COMPLETED
ORD-110957,P007,West,5.0,2026-03-17,Completed
ORD-110958,P007,South,2.0,2026-03-03,completed
ORD-110959,P010,North,3.0,2026-03-14,Completed
ORD-110960,P002,North,4.0,2026-05-30,completed
ORD-110961,P002,West,5.0,2026-03-19,cancelled
ORD-110962,P001,South,2.0,2026-06-10,pending
ORD-110963,P003,West,2.0,2026-03-10,completed
ORD-110964,P005,West,3.0,2026-06-26,completed
ORD-110965,P009,South,3.0,2026-05-13,Completed
ORD-110966,P010,West,3.0,2026-04-16,cancelled
ORD-110967,P008,South,2.0,2026-02-24,COMPLETED
ORD-110968,P010,South,2.0,2026-02-12,Completed
ORD-110969,P003,North,1.0,2026-03-20,pending
ORD-110970,P007,East,3.0,2026-06-25,cancelled
ORD-110971,P010,West,3.0,2026-02-08,completed
ORD-110972,P006,West,5.0,2026-06-29,Completed
ORD-110973,P007,West,1.0,2026-01-22,Completed
ORD-110974,P005,North,3.0,2026-02-26,pending
ORD-110975,P001,East,2.0,2026-02-17,completed
ORD-110976,P010,East,1.0,2026-04-24,COMPLETED
ORD-110977,P005,East,1.0,2026-01-15,COMPLETED
ORD-110978,P003,West,2.0,2026-06-27,cancelled
ORD-110979,P002,North,3.0,2026-04-12,Completed
ORD-110980,P001,West,4.0,2026-01-07,cancelled
ORD-110981,P007,North,3.0,2026-06-26,Completed
ORD-110982,P002,West,2.0,2026-02-25,cancelled
ORD-110983,P005,West,5.0,2026-05-03,Completed
ORD-110984,P008,West,2.0,2026-05-01,COMPLETED
ORD-110985,P003,South,3.0,2026-03-07,completed
ORD-110986,P003,West,1.0,2026-05-18,Completed
ORD-110987,P009,West,2.0,2026-02-07,COMPLETED
ORD-110988,P010,West,5.0,2026-06-06,pending
ORD-110989,P005,North,1.0,2026-06-18,cancelled
ORD-110990,P009,South,3.0,2026-02-01,cancelled
ORD-110991,P002,East,5.0,2026-01-03,cancelled
ORD-110992,P008,South,5.0,2026-02-18,cancelled
ORD-110993,P009,North,2.0,2026-03-10,COMPLETED
ORD-110994,P008,West,4.0,2026-01-20,pending
ORD-110995,P004,West,1.0,2026-06-11,Completed
ORD-110996,P001,East,2.0,2026-03-28,pending
ORD-110997,P001,West,3.0,2026-05-04,cancelled
ORD-110998,P008,North,5.0,2026-01-02,cancelled
ORD-110999,P003,South,2.0,2026-01-05,cancelled
ORD-111000,P003,North,2.0,2026-05-06,pending
ORD-111001,P002,West,3.0,2026-02-23,cancelled
ORD-111002,P003,East,2.0,2026-02-21,COMPLETED
ORD-111003,P002,North,5.0,2026-02-11,pending
ORD-111004,P007,East,3.0,2026-02-26,Completed
ORD-111005,P005,East,1.0,2026-01-13,COMPLETED
ORD-111006,P006,North,4.0,2026-01-23,cancelled
ORD-111007,P001,North,5.0,2026-04-06,Completed
ORD-111008,P005,North,5.0,2026-02-24,pending
ORD-111009,P004,South,4.0,2026-02-11,completed
ORD-111010,P003,North,4.0,2026-01-29,cancelled
ORD-111011,P001,South,1.0,2026-02-11,COMPLETED
ORD-111012,P010,West,4.0,2026-05-10,pending
ORD-111013,P002,North,3.0,2026-05-04,COMPLETED
ORD-111014,P009,South,1.0,2026-06-28,completed
ORD-111015,P006,South,4.0,2026-03-03,cancelled
ORD-111016,P005,South,3.0,2026-03-14,Completed
ORD-111017,P001,East,4.0,2026-03-01,cancelled
ORD-111018,P009,East,4.0,2026-03-10,completed
ORD-111019,P002,East,1.0,2026-03-26,cancelled
ORD-111020,P001,West,1.0,2026-06-02,COMPLETED
ORD-111021,P008,West,4.0,2026-05-11,completed
ORD-111022,P002,South,5.0,2026-05-01,cancelled
ORD-111023,P002,West,4.0,2026-03-14,COMPLETED
ORD-111024,P009,South,4.0,2026-01-08,Completed
ORD-111025,P008,North,5.0,2026-02-21,pending
ORD-111026,P007,East,3.0,2026-06-09,Completed
ORD-111027,P002,East,4.0,2026-05-02,COMPLETED
ORD-111028,P009,East,5.0,2026-05-29,cancelled
ORD-111029,P009,East,5.0,2026-03-17,completed
ORD-111030,P007,East,3.0,2026-05-14,COMPLETED
ORD-111031,P008,East,4.0,2026-05-28,Completed
ORD-111032,P009,East,4.0,2026-01-17,pending
ORD-111033,P010,South,3.0,2026-05-01,cancelled
ORD-111034,P002,North,2.0,2026-02-18,Completed
ORD-111035,P008,South,1.0,2026-04-14,cancelled
ORD-111036,P010,West,5.0,2026-03-14,cancelled
ORD-111037,P007,West,4.0,2026-05-14,COMPLETED
ORD-111038,P010,East,4.0,2026-04-15,completed
ORD-111039,P009,West,2.0,2026-01-21,COMPLETED
ORD-111040,P001,West,5.0,2026-05-29,pending
ORD-111041,P008,East,4.0,2026-06-11,COMPLETED
ORD-111042,P007,East,1.0,2026-02-25,cancelled
ORD-111043,P001,North,1.0,2026-02-09,cancelled
ORD-111044,P003,West,4.0,2026-04-21,cancelled
ORD-111045,P003,South,2.0,2026-04-27,cancelled
ORD-111046,P004,South,4.0,2026-05-06,pending
ORD-111047,P003,South,5.0,2026-03-19,completed
ORD-111048,P003,North,5.0,2026-01-12,pending
ORD-111049,P008,West,3.0,2026-02-10,cancelled
ORD-111050,P010,East,4.0,2026-01-23,completed
ORD-111051,P002,South,5.0,2026-02-10,COMPLETED
ORD-111052,P006,North,4.0,2026-03-16,COMPLETED
ORD-111053,P007,West,3.0,2026-01-07,completed
ORD-111054,P001,West,2.0,2026-04-21,pending
ORD-111055,P006,North,3.0,2026-02-21,COMPLETED
ORD-111056,P008,West,3.0,2026-06-27,pending
ORD-111057,P003,South,1.0,2026-02-08,completed
ORD-111058,P007,West,3.0,2026-03-30,completed
ORD-111059,P005,South,1.0,2026-03-11,pending
ORD-111060,P001,East,1.0,2026-02-23,cancelled
ORD-111061,P009,South,4.0,2026-04-30,completed
ORD-111062,P005,West,4.0,2026-04-20,completed
ORD-111063,P009,West,2.0,2026-01-31,completed
ORD-111064,P002,West,2.0,2026-04-22,completed
ORD-111065,P005,East,4.0,2026-04-10,COMPLETED
ORD-111066,P010,North,1.0,2026-06-05,cancelled
ORD-111067,P007,North,4.0,2026-04-02,cancelled
ORD-111068,P003,South,1.0,2026-02-12,pending
ORD-111069,P007,North,2.0,2026-01-17,completed
ORD-111070,P006,West,5.0,2026-01-07,pending
ORD-111071,P005,South,5.0,2026-05-05,pending
ORD-111072,P002,East,5.0,2026-06-27,Completed
ORD-111073,P005,West,4.0,2026-06-28,pending
ORD-111074,P005,East,1.0,2026-02-23,cancelled
ORD-111075,P006,West,1.0,2026-04-07,pending
ORD-111076,P007,North,2.0,2026-02-17,pending
ORD-111077,P003,East,,2026-06-08,pending
ORD-111078,P008,North,2.0,2026-04-09,Completed
ORD-111079,P002,East,5.0,2026-04-11,completed
ORD-111080,P009,South,4.0,2026-04-28,completed
ORD-111081,P006,North,5.0,2026-06-18,Completed
ORD-111082,P009,South,1.0,2026-05-18,pending
ORD-111083,P001,East,1.0,2026-03-11,cancelled
ORD-111084,P008,North,2.0,2026-02-17,completed
ORD-111085,P005,North,5.0,2026-02-03,COMPLETED
ORD-111086,P010,East,2.0,2026-01-16,completed
ORD-111087,P002,West,3.0,2026-05-21,cancelled
ORD-111088,P008,South,2.0,2026-02-17,pending
ORD-111089,P007,North,5.0,2026-03-27,COMPLETED
ORD-111090,P002,North,5.0,2026-01-14,COMPLETED
ORD-111091,P010,South,3.0,2026-06-04,pending
ORD-111092,P003,East,3.0,2026-06-26,completed
ORD-111093,P007,North,5.0,2026-04-21,Completed
ORD-111094,P003,North,4.0,2026-02-04,cancelled
ORD-111095,P005,West,2.0,2026-05-19,pending
ORD-111096,P003,East,1.0,2026-03-31,COMPLETED
ORD-111097,P004,North,4.0,2026-02-15,Completed
ORD-111098,P005,West,3.0,2026-03-31,completed
ORD-111099,P009,North,1.0,2026-02-14,pending
ORD-111100,P007,West,1.0,2026-01-30,pending
ORD-111101,P008,South,5.0,2026-01-29,COMPLETED
ORD-111102,P008,South,2.0,2026-02-20,completed
ORD-111103,P006,North,4.0,2026-04-29,COMPLETED
ORD-111104,P010,South,1.0,2026-04-06,cancelled
ORD-111105,P003,South,3.0,2026-05-03,cancelled
ORD-111106,P010,North,1.0,2026-06-07,cancelled
ORD-111107,P003,South,2.0,2026-01-22,cancelled
ORD-111108,P002,West,4.0,2026-04-09,Completed
ORD-111109,P008,South,3.0,2026-01-14,completed
ORD-111110,P001,West,1.0,2026-02-12,pending
ORD-111111,P004,South,1.0,2026-01-04,pending
ORD-111112,P002,South,5.0,2026-03-19,Completed
ORD-111113,P009,North,2.0,2026-03-07,completed
ORD-111114,P002,South,4.0,2026-06-30,Completed
ORD-111115,P002,West,5.0,2026-02-28,pending
ORD-111116,P008,West,1.0,2026-02-15,Completed
ORD-111117,P001,South,5.0,2026-03-19,cancelled
ORD-111118,P007,North,1.0,2026-05-10,completed
ORD-111119,P008,West,3.0,2026-06-22,Completed
ORD-111120,P008,North,4.0,2026-04-27,pending
ORD-111121,P006,East,5.0,2026-02-08,pending
ORD-111122,P002,East,1.0,2026-02-18,Completed
ORD-111123,P002,East,3.0,2026-04-28,completed
ORD-111124,P010,East,2.0,2026-04-02,Completed
ORD-111125,P004,East,3.0,2026-03-08,pending
ORD-111126,P009,East,1.0,2026-04-03,pending
ORD-111127,P009,South,1.0,2026-06-05,cancelled
ORD-111128,P002,West,3.0,2026-01-01,Completed
ORD-111129,P002,West,4.0,2026-03-28,completed
ORD-111130,P009,South,3.0,2026-04-25,COMPLETED
ORD-111131,P008,West,5.0,2026-05-07,pending
ORD-111132,P002,West,3.0,2026-04-26,Completed
ORD-111133,P003,West,1.0,2026-03-12,completed
ORD-111134,P002,South,5.0,2026-04-20,pending
ORD-111135,P010,East,3.0,2026-05-03,cancelled
ORD-111136,P010,North,1.0,2026-02-21,COMPLETED
ORD-111137,P002,East,5.0,2026-04-10,completed
ORD-111138,P008,East,3.0,2026-01-13,completed
ORD-111139,P010,West,5.0,2026-06-26,Completed
ORD-111140,P004,West,4.0,2026-01-07,completed
ORD-111141,P010,North,3.0,2026-01-04,pending
ORD-111142,P005,East,4.0,2026-02-11,cancelled
ORD-111143,P002,South,3.0,2026-06-03,cancelled
ORD-111144,P004,North,4.0,2026-06-26,COMPLETED
ORD-111145,P004,South,3.0,2026-03-29,Completed
ORD-111146,P006,East,1.0,2026-06-20,Completed
ORD-111147,P004,North,4.0,2026-02-27,pending
ORD-111148,P006,South,2.0,2026-03-10,COMPLETED
ORD-111149,P007,South,1.0,2026-05-26,cancelled
ORD-111150,P010,South,4.0,2026-05-08,cancelled
ORD-111151,P008,North,5.0,2026-02-10,cancelled
ORD-111152,P002,East,1.0,2026-05-09,cancelled
ORD-111153,P010,East,3.0,2026-04-19,COMPLETED
ORD-111154,P004,South,1.0,2026-06-03,Completed
ORD-111155,P005,West,4.0,2026-05-05,COMPLETED
ORD-111156,P006,East,3.0,2026-06-27,completed
ORD-111157,P007,East,2.0,2026-04-11,Completed
ORD-111158,P009,West,1.0,2026-02-18,pending
ORD-111159,P001,North,5.0,2026-01-19,cancelled
ORD-111160,P003,South,2.0,2026-01-30,completed
ORD-111161,P003,North,4.0,2026-01-10,COMPLETED
ORD-111162,P008,South,1.0,2026-02-12,cancelled
ORD-111163,P001,West,1.0,2026-01-20,Completed
ORD-111164,P007,East,4.0,2026-06-23,pending
ORD-111165,P006,North,3.0,2026-05-19,completed
ORD-111166,P009,North,4.0,2026-03-21,cancelled
ORD-111167,P004,North,1.0,2026-04-01,pending
ORD-111168,P009,West,1.0,2026-03-19,cancelled
ORD-111169,P004,South,3.0,2026-02-16,COMPLETED
ORD-111170,P007,South,1.0,2026-02-27,Completed
ORD-111171,P004,South,1.0,2026-03-27,cancelled
ORD-111172,P010,South,1.0,2026-06-18,completed
ORD-111173,P009,North,3.0,2026-02-14,completed
ORD-111174,P001,West,1.0,2026-02-09,COMPLETED
ORD-111175,P009,East,5.0,2026-01-23,cancelled
ORD-111176,P001,West,2.0,2026-03-27,completed
ORD-111177,P010,West,4.0,2026-03-07,cancelled
ORD-111178,P009,East,2.0,2026-05-15,COMPLETED
ORD-111179,P007,East,5.0,2026-03-12,COMPLETED
ORD-111180,P005,South,4.0,2026-04-14,Completed
ORD-111181,P004,North,1.0,2026-02-26,COMPLETED
ORD-111182,P008,West,2.0,2026-01-26,Completed
ORD-111183,P005,South,1.0,2026-06-16,completed
ORD-111184,P003,North,1.0,2026-06-12,completed
ORD-111185,P002,South,2.0,2026-01-23,completed
ORD-111186,P008,North,3.0,2026-06-19,completed
ORD-111187,P005,East,4.0,2026-04-09,Completed
ORD-111188,P008,West,3.0,2026-01-12,Completed
ORD-111189,P008,West,1.0,2026-02-19,COMPLETED
ORD-111190,P004,South,3.0,2026-04-06,COMPLETED
ORD-111191,P007,South,5.0,2026-02-12,COMPLETED
ORD-111192,P008,West,5.0,2026-04-14,cancelled
ORD-111193,P005,North,1.0,2026-05-28,Completed
ORD-111194,P007,South,1.0,2026-01-28,COMPLETED
ORD-111195,P002,North,3.0,2026-03-18,pending
ORD-111196,P005,North,5.0,2026-01-15,pending
ORD-111197,P007,West,,2026-03-27,COMPLETED
ORD-111198,P007,East,3.0,2026-05-25,pending
ORD-111199,P006,West,3.0,2026-04-07,COMPLETED
ORD-111200,P007,South,1.0,2026-01-18,completed
ORD-111201,P002,East,5.0,2026-06-28,completed
ORD-111202,P005,North,4.0,2026-01-07,cancelled
ORD-111203,P003,East,1.0,2026-06-01,Completed
ORD-111204,P002,South,1.0,2026-04-28,pending
ORD-111205,P005,East,1.0,2026-02-26,pending
ORD-111206,P003,North,5.0,2026-03-18,COMPLETED
ORD-111207,P008,West,1.0,2026-04-27,Completed
ORD-111208,P008,South,4.0,2026-02-08,Completed
ORD-111209,P006,North,4.0,2026-05-07,completed
ORD-111210,P009,West,4.0,2026-04-24,pending
ORD-111211,P010,South,3.0,2026-04-03,Completed
ORD-111212,P006,East,3.0,2026-05-17,COMPLETED
ORD-111213,P010,East,3.0,2026-05-27,completed
ORD-111214,P005,West,3.0,2026-03-05,Completed
ORD-111215,P009,South,2.0,2026-05-07,completed
ORD-111216,P009,East,4.0,2026-05-12,completed
ORD-111217,P007,North,3.0,2026-03-09,COMPLETED
ORD-111218,P003,North,4.0,2026-04-03,pending
ORD-111219,P004,West,4.0,2026-03-05,pending
ORD-111220,P001,East,1.0,2026-01-26,pending
ORD-111221,P009,West,3.0,2026-01-01,pending
ORD-111222,P005,East,3.0,2026-03-27,Completed
ORD-111223,P010,East,1.0,2026-04-10,COMPLETED
ORD-111224,P008,North,3.0,2026-04-16,cancelled
ORD-111225,P009,East,1.0,2026-03-02,pending
ORD-111226,P004,East,2.0,2026-03-12,cancelled
ORD-111227,P006,East,1.0,2026-04-03,completed
ORD-111228,P005,East,,2026-02-15,Completed
ORD-111229,P007,South,2.0,2026-05-28,COMPLETED
ORD-111230,P001,North,3.0,2026-02-09,COMPLETED
ORD-111231,P005,North,3.0,2026-05-27,cancelled
ORD-111232,P001,East,3.0,2026-04-12,pending
ORD-111233,P004,West,4.0,2026-01-06,Completed
ORD-111234,P005,North,1.0,2026-06-04,COMPLETED
ORD-111235,P006,West,5.0,2026-05-07,completed
ORD-111236,P005,East,2.0,2026-04-02,cancelled
ORD-111237,P003,South,2.0,2026-02-26,completed
ORD-111238,P003,North,5.0,2026-06-25,completed
ORD-111239,P002,North,4.0,2026-06-24,cancelled
ORD-111240,P004,North,4.0,2026-05-21,cancelled
ORD-111241,P009,North,4.0,2026-06-03,pending
ORD-111242,P008,West,4.0,2026-01-03,pending
ORD-111243,P009,South,1.0,2026-03-18,cancelled
ORD-111244,P006,South,5.0,2026-01-09,completed
ORD-111245,P003,South,5.0,2026-05-06,completed
ORD-111246,P002,North,2.0,2026-03-10,pending
ORD-111247,P004,West,5.0,2026-03-13,pending
ORD-111248,P009,West,5.0,2026-03-09,COMPLETED
ORD-111249,P004,East,4.0,2026-06-01,Completed
ORD-111250,P006,North,3.0,2026-05-13,Completed
ORD-111251,P006,East,2.0,2026-05-14,completed
ORD-111252,P001,South,1.0,2026-02-22,Completed
ORD-111253,P001,South,5.0,2026-01-29,cancelled
ORD-111254,P001,West,3.0,2026-01-29,COMPLETED
ORD-111255,P006,East,1.0,2026-04-04,pending
ORD-111256,P002,West,4.0,2026-06-30,completed
ORD-111257,P005,West,2.0,2026-02-10,COMPLETED
ORD-111258,P005,West,1.0,2026-02-28,COMPLETED
ORD-111259,P002,North,1.0,2026-01-23,Completed
ORD-111260,P007,North,3.0,2026-03-12,pending
ORD-111261,P008,East,3.0,2026-03-08,Completed
ORD-111262,P006,West,2.0,2026-02-08,completed
ORD-111263,P008,North,,2026-05-06,Completed
ORD-111264,P008,East,4.0,2026-02-14,Completed
ORD-111265,P004,South,2.0,2026-05-08,COMPLETED
ORD-111266,P009,North,1.0,2026-05-22,completed
ORD-111267,P001,East,1.0,2026-02-13,Completed
ORD-111268,P008,West,4.0,2026-04-29,cancelled
ORD-111269,P003,East,4.0,2026-04-06,pending
ORD-111270,P008,East,2.0,2026-03-17,pending
ORD-111271,P005,East,4.0,2026-05-09,Completed
ORD-111272,P008,South,5.0,2026-03-06,COMPLETED
ORD-111273,P001,East,4.0,2026-06-18,pending
ORD-111274,P010,North,4.0,2026-06-21,completed
ORD-111275,P007,West,3.0,2026-01-18,pending
ORD-111276,P009,North,4.0,2026-06-10,Completed
ORD-111277,P009,South,5.0,2026-06-26,COMPLETED
ORD-111278,P002,East,3.0,2026-03-20,completed
ORD-111279,P010,South,2.0,2026-04-30,Completed
ORD-111280,P001,West,5.0,2026-06-04,Completed
ORD-111281,P005,East,4.0,2026-02-13,completed
ORD-111282,P005,West,2.0,2026-06-07,COMPLETED
ORD-111283,P005,West,3.0,2026-03-20,cancelled
ORD-111284,P005,East,3.0,2026-05-04,pending
ORD-111285,P002,North,1.0,2026-03-05,COMPLETED
ORD-111286,P003,North,5.0,2026-02-12,completed
ORD-111287,P006,East,5.0,2026-05-30,completed
ORD-111288,P003,West,5.0,2026-02-20,pending
ORD-111289,P007,North,5.0,2026-04-09,Completed
ORD-111290,P004,South,1.0,2026-02-07,completed
ORD-111291,P004,East,2.0,2026-06-18,COMPLETED
ORD-111292,P005,East,1.0,2026-05-28,Completed
ORD-111293,P002,West,1.0,2026-05-01,completed
ORD-111294,P002,South,3.0,2026-06-17,cancelled
ORD-111295,P001,South,1.0,2026-05-04,COMPLETED
ORD-111296,P002,South,4.0,2026-03-13,COMPLETED
ORD-111297,P008,East,3.0,2026-03-12,completed
ORD-111298,P008,South,,2026-03-01,cancelled
ORD-111299,P006,East,4.0,2026-06-28,cancelled
ORD-111300,P006,North,3.0,2026-04-25,pending
ORD-111301,P002,West,3.0,2026-04-18,COMPLETED
ORD-111302,P002,South,4.0,2026-04-23,COMPLETED
ORD-111303,P003,South,1.0,2026-01-20,cancelled
ORD-111304,P002,West,2.0,2026-03-19,Completed
ORD-111305,P003,East,1.0,2026-06-05,pending
ORD-111306,P007,East,3.0,2026-06-30,COMPLETED
ORD-111307,P002,North,3.0,2026-05-21,completed
ORD-111308,P001,East,5.0,2026-05-13,completed
ORD-111309,P010,South,,2026-03-11,cancelled
ORD-111310,P010,North,5.0,2026-04-12,completed
ORD-111311,P010,West,5.0,2026-04-29,completed
ORD-111312,P004,North,4.0,2026-01-26,completed
ORD-111313,P009,North,3.0,2026-04-28,pending
ORD-111314,P002,West,3.0,2026-04-19,cancelled
ORD-111315,P008,West,5.0,2026-01-13,pending
ORD-111316,P006,West,1.0,2026-01-31,Completed
ORD-111317,P009,South,3.0,2026-04-05,cancelled
ORD-111318,P010,North,3.0,2026-03-18,COMPLETED
ORD-111319,P002,East,4.0,2026-06-20,pending
ORD-111320,P010,East,5.0,2026-05-23,pending
ORD-111321,P002,West,4.0,2026-01-21,pending
ORD-111322,P008,East,1.0,2026-02-21,pending
ORD-111323,P006,East,4.0,2026-01-30,cancelled
ORD-111324,P008,West,4.0,2026-04-06,pending
ORD-111325,P006,North,1.0,2026-03-16,Completed
ORD-111326,P005,West,5.0,2026-02-17,cancelled
ORD-111327,P010,East,2.0,2026-06-08,pending
ORD-111328,P006,North,4.0,2026-04-29,pending
ORD-111329,P005,North,2.0,2026-03-30,COMPLETED
ORD-111330,P001,South,4.0,2026-02-14,pending
ORD-111331,P010,South,5.0,2026-06-23,completed
ORD-111332,P005,West,1.0,2026-04-30,COMPLETED
ORD-111333,P001,West,2.0,2026-05-27,cancelled
ORD-111334,P003,South,5.0,2026-05-25,COMPLETED
ORD-111335,P004,West,1.0,2026-04-24,pending
ORD-111336,P009,South,4.0,2026-04-03,Completed
ORD-111337,P008,North,4.0,2026-02-04,COMPLETED
ORD-111338,P005,North,5.0,2026-05-29,cancelled
ORD-111339,P004,South,2.0,2026-01-05,cancelled
ORD-111340,P005,North,5.0,2026-04-06,Completed
ORD-111341,P001,South,5.0,2026-04-13,completed
ORD-111342,P008,East,4.0,2026-01-14,cancelled
ORD-111343,P003,East,5.0,2026-05-30,completed
ORD-111344,P010,West,2.0,2026-01-18,cancelled
ORD-111345,P010,North,4.0,2026-05-14,Completed
ORD-111346,P001,South,5.0,2026-02-12,cancelled
ORD-111347,P010,North,4.0,2026-05-05,cancelled
ORD-111348,P001,East,3.0,2026-01-18,Completed
ORD-111349,P005,South,2.0,2026-03-14,pending
ORD-111350,P010,South,2.0,2026-02-25,cancelled
ORD-111351,P008,East,1.0,2026-06-17,pending
ORD-111352,P003,East,1.0,2026-03-29,pending
ORD-111353,P009,North,5.0,2026-02-25,completed
ORD-111354,P009,South,2.0,2026-01-16,completed
ORD-111355,P008,East,5.0,2026-01-27,Completed
ORD-111356,P001,East,5.0,2026-03-26,Completed
ORD-111357,P008,East,5.0,2026-06-13,pending
ORD-111358,P007,East,1.0,2026-05-13,pending
ORD-111359,P008,East,4.0,2026-03-13,COMPLETED
ORD-111360,P009,South,5.0,2026-02-09,cancelled
ORD-111361,P005,East,,2026-02-12,cancelled
ORD-111362,P005,North,4.0,2026-04-29,COMPLETED
ORD-111363,P003,East,5.0,2026-04-10,pending
ORD-111364,P005,West,1.0,2026-01-14,Completed
ORD-111365,P005,North,4.0,2026-03-30,completed
ORD-111366,P002,East,1.0,2026-02-10,pending
ORD-111367,P002,West,4.0,2026-01-26,Completed
ORD-111368,P002,West,2.0,2026-01-06,cancelled
ORD-111369,P003,West,4.0,2026-01-24,Completed
ORD-111370,P001,North,1.0,2026-02-10,COMPLETED
ORD-111371,P002,South,2.0,2026-01-09,Completed
ORD-111372,P010,East,,2026-04-02,COMPLETED
ORD-111373,P007,West,5.0,2026-05-16,cancelled
ORD-111374,P002,South,4.0,2026-05-06,Completed
ORD-111375,P008,South,5.0,2026-06-22,pending
ORD-111376,P008,West,3.0,2026-01-10,COMPLETED
ORD-111377,P007,North,3.0,2026-02-06,COMPLETED
ORD-111378,P006,North,1.0,2026-05-02,cancelled
ORD-111379,P008,East,1.0,2026-02-21,COMPLETED
ORD-111380,P003,North,4.0,2026-01-24,pending
ORD-111381,P002,West,3.0,2026-03-01,pending
ORD-111382,P003,North,2.0,2026-06-01,pending
ORD-111383,P004,East,1.0,2026-05-25,Completed
ORD-111384,P005,East,4.0,2026-02-06,COMPLETED
ORD-111385,P010,South,3.0,2026-02-04,cancelled
ORD-111386,P002,East,1.0,2026-04-18,COMPLETED
ORD-111387,P009,East,3.0,2026-06-30,completed
ORD-111388,P005,East,3.0,2026-02-26,cancelled
ORD-111389,P005,West,4.0,2026-04-15,completed
ORD-111390,P009,North,1.0,2026-01-11,cancelled
ORD-111391,P004,East,4.0,2026-03-03,COMPLETED
ORD-111392,P010,West,5.0,2026-06-06,cancelled
ORD-111393,P006,West,3.0,2026-04-14,cancelled
ORD-111394,P007,West,4.0,2026-05-07,COMPLETED
ORD-111395,P010,South,5.0,2026-01-24,completed
ORD-111396,P007,East,2.0,2026-05-30,Completed
ORD-111397,P005,South,3.0,2026-02-06,COMPLETED
ORD-111398,P004,South,3.0,2026-06-29,COMPLETED
ORD-111399,P003,East,1.0,2026-01-31,completed
ORD-111400,P005,South,5.0,2026-05-27,completed
ORD-111401,P001,North,5.0,2026-03-27,Completed
ORD-111402,P007,North,4.0,2026-04-04,pending
ORD-111403,P001,North,2.0,2026-03-24,cancelled
ORD-111404,P007,South,5.0,2026-04-01,completed
ORD-111405,P001,West,2.0,2026-03-24,COMPLETED
ORD-111406,P002,North,1.0,2026-01-05,pending
ORD-111407,P006,South,3.0,2026-01-16,COMPLETED
ORD-111408,P002,West,1.0,2026-02-23,Completed
ORD-111409,P010,South,2.0,2026-03-18,completed
ORD-111410,P009,East,,2026-03-27,Completed
ORD-111411,P002,North,5.0,2026-02-07,COMPLETED
ORD-111412,P010,East,2.0,2026-06-07,COMPLETED
ORD-111413,P002,West,4.0,2026-06-05,COMPLETED
ORD-111414,P006,West,1.0,2026-02-25,pending
ORD-111415,P002,West,2.0,2026-01-28,Completed
ORD-111416,P009,South,3.0,2026-01-12,Completed
ORD-111417,P009,West,3.0,2026-02-21,COMPLETED
ORD-111418,P010,West,1.0,2026-02-01,cancelled
ORD-111419,P006,East,5.0,2026-01-19,completed
ORD-111420,P002,East,4.0,2026-01-26,pending
ORD-111421,P008,West,4.0,2026-02-15,Completed
ORD-111422,P008,South,2.0,2026-01-04,pending
ORD-111423,P005,North,3.0,2026-03-31,COMPLETED
ORD-111424,P010,West,2.0,2026-06-03,completed
ORD-111425,P004,North,2.0,2026-06-20,completed
ORD-111426,P003,South,4.0,2026-03-21,cancelled
ORD-111427,P007,North,4.0,2026-02-02,Completed
ORD-111428,P002,South,3.0,2026-03-27,completed
ORD-111429,P007,North,3.0,2026-01-01,cancelled
ORD-111430,P002,South,,2026-06-28,pending
ORD-111431,P005,East,4.0,2026-06-02,COMPLETED
ORD-111432,P004,South,1.0,2026-06-08,completed
ORD-111433,P008,North,2.0,2026-03-17,COMPLETED
ORD-111434,P004,South,5.0,2026-02-24,COMPLETED
ORD-111435,P002,East,1.0,2026-04-24,completed
ORD-111436,P008,East,5.0,2026-06-19,Completed
ORD-111437,P006,East,2.0,2026-03-25,pending
ORD-111438,P007,West,2.0,2026-05-23,COMPLETED
ORD-111439,P009,North,1.0,2026-05-05,cancelled
ORD-111440,P004,North,2.0,2026-01-11,pending
ORD-111441,P005,East,2.0,2026-06-24,cancelled
ORD-111442,P007,West,2.0,2026-04-14,pending
ORD-111443,P007,West,5.0,2026-02-15,pending
ORD-111444,P008,East,1.0,2026-03-27,completed
ORD-111445,P003,East,3.0,2026-01-22,pending
ORD-111446,P004,South,2.0,2026-06-08,cancelled
ORD-111447,P003,South,5.0,2026-05-12,pending
ORD-111448,P002,West,5.0,2026-03-31,cancelled
ORD-111449,P001,North,4.0,2026-03-17,COMPLETED
ORD-111450,P005,West,4.0,2026-04-28,COMPLETED
ORD-111451,P009,South,4.0,2026-01-21,pending
ORD-111452,P003,South,3.0,2026-06-08,Completed
ORD-111453,P004,North,5.0,2026-03-25,COMPLETED
ORD-111454,P004,South,2.0,2026-06-01,pending
ORD-111455,P007,West,4.0,2026-01-07,Completed
ORD-111456,P009,South,1.0,2026-06-30,pending
ORD-111457,P003,East,5.0,2026-05-30,cancelled
ORD-111458,P005,East,4.0,2026-04-01,completed
ORD-111459,P004,North,5.0,2026-06-19,cancelled
ORD-111460,P009,East,4.0,2026-04-09,pending
ORD-111461,P010,North,2.0,2026-03-21,pending
ORD-111462,P007,East,3.0,2026-03-17,pending
ORD-111463,P003,West,3.0,2026-04-28,pending
ORD-111464,P002,North,5.0,2026-06-12,COMPLETED
ORD-111465,P002,West,4.0,2026-02-28,cancelled
ORD-111466,P003,North,5.0,2026-05-29,COMPLETED
ORD-111467,P005,North,4.0,2026-01-12,completed
ORD-111468,P009,South,5.0,2026-02-15,cancelled
ORD-111469,P002,South,5.0,2026-05-01,Completed
ORD-111470,P009,East,2.0,2026-03-08,cancelled
ORD-111471,P002,North,3.0,2026-06-13,pending
ORD-111472,P002,East,1.0,2026-02-14,cancelled
ORD-111473,P005,East,3.0,2026-06-13,cancelled
ORD-111474,P004,East,5.0,2026-04-11,Completed
ORD-111475,P008,East,2.0,2026-01-07,Completed
ORD-111476,P008,South,4.0,2026-02-01,pending
ORD-111477,P003,South,,2026-01-29,Completed
ORD-111478,P006,North,5.0,2026-05-12,cancelled
ORD-111479,P010,East,4.0,2026-06-19,Completed
ORD-111480,P005,South,3.0,2026-04-06,COMPLETED
ORD-111481,P009,West,3.0,2026-05-25,pending
ORD-111482,P002,East,3.0,2026-05-26,Completed
ORD-111483,P003,South,4.0,2026-06-03,completed
ORD-111484,P003,East,3.0,2026-04-04,COMPLETED
ORD-111485,P005,South,3.0,2026-02-04,COMPLETED
ORD-111486,P009,South,5.0,2026-04-26,completed
ORD-111487,P003,West,2.0,2026-06-03,COMPLETED
ORD-111488,P004,North,4.0,2026-04-27,Completed
ORD-111489,P003,North,,2026-02-22,completed
ORD-111490,P008,East,3.0,2026-01-22,cancelled
ORD-111491,P007,South,3.0,2026-02-18,completed
ORD-111492,P007,South,3.0,2026-04-16,cancelled
ORD-111493,P008,West,3.0,2026-03-11,cancelled
ORD-111494,P001,North,4.0,2026-03-02,Completed
ORD-111495,P009,North,5.0,2026-04-20,cancelled
ORD-111496,P002,West,5.0,2026-06-24,COMPLETED
ORD-111497,P001,South,1.0,2026-03-27,pending
ORD-111498,P009,East,2.0,2026-04-15,Completed
ORD-111499,P009,West,1.0,2026-05-12,cancelled
ORD-111500,P003,East,1.0,2026-04-29,completed
ORD-111501,P004,North,,2026-03-17,COMPLETED
ORD-111502,P009,South,4.0,2026-05-23,completed
ORD-111503,P004,North,5.0,2026-04-06,pending
ORD-111504,P005,West,1.0,2026-06-21,completed
ORD-111505,P010,North,3.0,2026-05-03,completed
ORD-111506,P008,North,3.0,2026-06-18,Completed
ORD-111507,P005,North,3.0,2026-04-18,COMPLETED
ORD-111508,P003,North,4.0,2026-03-08,pending
ORD-111509,P003,North,1.0,2026-01-14,completed
ORD-111510,P004,South,2.0,2026-01-08,completed
ORD-111511,P002,East,1.0,2026-04-22,COMPLETED
ORD-111512,P003,South,1.0,2026-02-07,pending
ORD-111513,P010,North,4.0,2026-04-19,completed
ORD-111514,P004,West,4.0,2026-05-05,completed
ORD-111515,P009,West,4.0,2026-01-16,completed
ORD-111516,P006,West,3.0,2026-01-16,completed
ORD-111517,P002,South,3.0,2026-05-19,completed
ORD-111518,P002,East,1.0,2026-06-18,cancelled
ORD-111519,P010,East,5.0,2026-01-06,pending
ORD-111520,P004,South,2.0,2026-03-24,Completed
ORD-111521,P005,North,3.0,2026-04-21,Completed
ORD-111522,P003,North,3.0,2026-03-16,completed
ORD-111523,P005,North,5.0,2026-05-22,pending
ORD-111524,P003,East,2.0,2026-04-09,COMPLETED
ORD-111525,P003,South,5.0,2026-05-01,cancelled
ORD-111526,P009,East,4.0,2026-05-20,pending
ORD-111527,P005,West,3.0,2026-03-25,cancelled
ORD-111528,P001,South,5.0,2026-06-05,COMPLETED
ORD-111529,P008,West,1.0,2026-05-26,Completed
ORD-111530,P004,East,5.0,2026-06-02,COMPLETED
ORD-111531,P010,North,5.0,2026-02-25,COMPLETED
ORD-111532,P006,East,1.0,2026-04-27,Completed
ORD-111533,P004,West,4.0,2026-01-15,completed
ORD-111534,P005,West,1.0,2026-06-17,Completed
ORD-111535,P009,North,1.0,2026-04-19,pending
ORD-111536,P004,West,1.0,2026-04-24,completed
ORD-111537,P009,North,2.0,2026-01-19,cancelled
ORD-111538,P009,North,3.0,2026-01-15,cancelled
ORD-111539,P001,East,3.0,2026-05-11,COMPLETED
ORD-111540,P006,South,4.0,2026-02-28,Completed
ORD-111541,P002,North,3.0,2026-06-27,completed
ORD-111542,P002,East,2.0,2026-01-02,cancelled
ORD-111543,P006,South,3.0,2026-05-15,COMPLETED
ORD-111544,P002,West,1.0,2026-03-18,completed
ORD-111545,P001,West,3.0,2026-05-17,completed
ORD-111546,P005,West,2.0,2026-03-03,Completed
ORD-111547,P003,East,4.0,2026-05-10,pending
ORD-111548,P004,East,3.0,2026-01-21,COMPLETED
ORD-111549,P009,North,4.0,2026-05-23,Completed
ORD-111550,P003,West,1.0,2026-04-29,pending
ORD-111551,P010,South,4.0,2026-01-11,cancelled
ORD-111552,P004,North,,2026-01-23,Completed
ORD-111553,P006,South,3.0,2026-06-26,pending
ORD-111554,P004,East,3.0,2026-02-23,completed
ORD-111555,P006,North,5.0,2026-06-20,COMPLETED
ORD-111556,P001,North,4.0,2026-06-20,cancelled
ORD-111557,P003,West,5.0,2026-02-28,pending
ORD-111558,P002,South,1.0,2026-01-27,cancelled
ORD-111559,P007,North,5.0,2026-06-24,COMPLETED
ORD-111560,P006,West,1.0,2026-05-18,COMPLETED
ORD-111561,P003,South,4.0,2026-04-05,cancelled
ORD-111562,P010,West,2.0,2026-04-15,COMPLETED
ORD-111563,P005,West,4.0,2026-05-31,completed
ORD-111564,P003,West,4.0,2026-05-21,Completed
ORD-111565,P004,North,1.0,2026-05-21,Completed
ORD-111566,P002,West,4.0,2026-04-14,cancelled
ORD-111567,P009,South,3.0,2026-06-11,Completed
ORD-111568,P009,North,3.0,2026-05-25,Completed
ORD-111569,P007,East,3.0,2026-05-19,COMPLETED
ORD-111570,P007,West,5.0,2026-01-01,pending
ORD-111571,P006,South,1.0,2026-05-10,pending
ORD-111572,P002,South,1.0,2026-06-21,COMPLETED
ORD-111573,P005,North,3.0,2026-02-02,Completed
ORD-111574,P005,East,3.0,2026-06-26,completed
ORD-111575,P005,West,1.0,2026-03-21,COMPLETED
ORD-111576,P005,West,1.0,2026-01-25,cancelled
ORD-111577,P007,North,1.0,2026-03-15,completed
ORD-111578,P004,West,3.0,2026-02-26,cancelled
ORD-111579,P005,North,1.0,2026-02-02,cancelled
ORD-111580,P007,East,5.0,2026-01-06,completed
ORD-111581,P009,West,1.0,2026-03-25,Completed
ORD-111582,P009,North,1.0,2026-06-20,pending
ORD-111583,P009,North,2.0,2026-05-09,COMPLETED
ORD-111584,P003,West,1.0,2026-01-16,pending
ORD-111585,P008,South,5.0,2026-04-29,cancelled
ORD-111586,P007,South,3.0,2026-04-24,pending
ORD-111587,P007,North,1.0,2026-01-16,completed
ORD-111588,P009,East,5.0,2026-04-06,completed
ORD-111589,P005,West,4.0,2026-06-26,cancelled
ORD-111590,P010,North,1.0,2026-02-13,pending
ORD-111591,P006,West,1.0,2026-02-06,pending
ORD-111592,P007,North,4.0,2026-05-01,pending
ORD-111593,P004,West,1.0,2026-06-28,completed
ORD-111594,P007,East,4.0,2026-03-07,completed
ORD-111595,P004,South,5.0,2026-02-26,completed
ORD-111596,P010,West,5.0,2026-06-30,completed
ORD-111597,P004,North,2.0,2026-01-05,cancelled
ORD-111598,P003,West,3.0,2026-04-06,Completed
ORD-111599,P010,South,,2026-06-23,pending
ORD-111600,P002,West,2.0,2026-05-18,COMPLETED
ORD-111601,P001,West,1.0,2026-03-13,completed
ORD-111602,P001,North,5.0,2026-04-22,completed
ORD-111603,P007,South,5.0,2026-01-24,pending
ORD-111604,P007,South,4.0,2026-03-25,completed
ORD-111605,P005,North,5.0,2026-04-02,completed
ORD-111606,P009,East,2.0,2026-05-03,cancelled
ORD-111607,P005,West,2.0,2026-02-21,COMPLETED
ORD-111608,P002,South,4.0,2026-03-14,completed
ORD-111609,P009,North,1.0,2026-06-04,COMPLETED
ORD-111610,P003,South,5.0,2026-01-18,Completed
ORD-111611,P004,West,1.0,2026-05-20,cancelled
ORD-111612,P001,South,5.0,2026-03-02,pending
ORD-111613,P008,East,2.0,2026-06-04,cancelled
ORD-111614,P008,West,3.0,2026-04-05,completed
ORD-111615,P001,East,1.0,2026-05-21,cancelled
ORD-111616,P003,East,2.0,2026-03-28,cancelled
ORD-111617,P007,East,2.0,2026-03-09,Completed
ORD-111618,P001,East,3.0,2026-06-01,Completed
ORD-111619,P003,East,5.0,2026-04-06,COMPLETED
ORD-111620,P003,East,1.0,2026-02-13,COMPLETED
ORD-111621,P002,West,2.0,2026-03-02,COMPLETED
ORD-111622,P006,West,2.0,2026-05-16,Completed
ORD-111623,P004,South,,2026-06-17,cancelled
ORD-111624,P002,South,1.0,2026-06-10,Completed
ORD-111625,P008,South,4.0,2026-02-05,cancelled
ORD-111626,P010,South,1.0,2026-01-14,Completed
ORD-111627,P006,South,2.0,2026-06-11,completed
ORD-111628,P002,North,1.0,2026-01-20,pending
ORD-111629,P009,North,5.0,2026-02-25,pending
ORD-111630,P004,South,1.0,2026-02-26,Completed
ORD-111631,P009,North,5.0,2026-06-16,pending
ORD-111632,P007,South,,2026-01-06,pending
ORD-111633,P003,West,5.0,2026-05-24,completed
ORD-111634,P009,East,3.0,2026-01-31,pending
ORD-111635,P007,South,3.0,2026-02-15,pending
ORD-111636,P009,East,5.0,2026-01-03,cancelled
ORD-111637,P008,West,4.0,2026-06-18,cancelled
ORD-111638,P009,North,3.0,2026-05-07,cancelled
ORD-111639,P005,South,3.0,2026-03-11,pending
ORD-111640,P009,West,3.0,2026-06-12,completed
ORD-111641,P010,West,,2026-02-17,Completed
ORD-111642,P010,West,3.0,2026-01-11,Completed
ORD-111643,P003,East,5.0,2026-06-13,completed
ORD-111644,P002,West,5.0,2026-03-19,pending
ORD-111645,P004,South,5.0,2026-04-13,completed
ORD-111646,P006,West,5.0,2026-06-09,cancelled
ORD-111647,P007,North,2.0,2026-06-23,COMPLETED
ORD-111648,P009,East,3.0,2026-03-06,Completed
ORD-111649,P007,South,2.0,2026-04-27,cancelled
ORD-111650,P004,East,4.0,2026-02-25,completed
ORD-111651,P009,North,4.0,2026-06-21,COMPLETED
ORD-111652,P010,West,3.0,2026-04-07,COMPLETED
ORD-111653,P007,East,3.0,2026-04-10,pending
ORD-111654,P001,East,1.0,2026-05-15,cancelled
ORD-111655,P001,North,1.0,2026-04-09,Completed
ORD-111656,P003,South,3.0,2026-06-18,pending
ORD-111657,P007,West,5.0,2026-01-03,COMPLETED
ORD-111658,P006,South,5.0,2026-02-14,COMPLETED
ORD-111659,P001,East,4.0,2026-06-02,completed
ORD-111660,P005,East,4.0,2026-05-17,completed
ORD-111661,P009,West,4.0,2026-01-28,COMPLETED
ORD-111662,P008,South,2.0,2026-04-14,cancelled
ORD-111663,P010,North,5.0,2026-06-28,pending
ORD-111664,P008,North,3.0,2026-03-01,pending
ORD-111665,P001,West,4.0,2026-04-30,COMPLETED
ORD-111666,P004,East,5.0,2026-02-19,cancelled
ORD-111667,P001,East,1.0,2026-03-24,completed
ORD-111668,P004,South,3.0,2026-02-22,Completed
ORD-111669,P002,South,4.0,2026-05-01,COMPLETED
ORD-111670,P010,South,5.0,2026-04-19,COMPLETED
ORD-111671,P004,North,4.0,2026-03-07,completed
ORD-111672,P001,East,3.0,2026-02-01,Completed
ORD-111673,P007,South,1.0,2026-02-23,completed
ORD-111674,P008,East,5.0,2026-06-29,pending
ORD-111675,P005,South,3.0,2026-04-18,COMPLETED
ORD-111676,P003,North,4.0,2026-01-05,cancelled
ORD-111677,P009,West,2.0,2026-02-14,COMPLETED
ORD-111678,P001,North,4.0,2026-01-21,cancelled
ORD-111679,P005,North,2.0,2026-01-28,cancelled
ORD-111680,P002,East,1.0,2026-06-15,Completed
ORD-111681,P002,East,5.0,2026-06-01,pending
ORD-111682,P003,West,3.0,2026-04-30,Completed
ORD-111683,P010,West,4.0,2026-03-09,completed
ORD-111684,P009,West,2.0,2026-06-27,COMPLETED
ORD-111685,P005,South,3.0,2026-05-01,COMPLETED
ORD-111686,P008,East,4.0,2026-01-29,Completed
ORD-111687,P008,West,2.0,2026-03-09,completed
ORD-111688,P010,North,2.0,2026-05-19,Completed
ORD-111689,P004,West,2.0,2026-04-19,completed
ORD-111690,P006,East,2.0,2026-04-01,Completed
ORD-111691,P008,West,1.0,2026-03-04,COMPLETED
ORD-111692,P002,East,5.0,2026-03-06,pending
ORD-111693,P007,South,2.0,2026-01-22,Completed
ORD-111694,P004,North,2.0,2026-04-05,pending
ORD-111695,P008,East,3.0,2026-04-26,pending
ORD-111696,P005,North,1.0,2026-01-10,completed
ORD-111697,P010,West,5.0,2026-05-28,pending
ORD-111698,P006,West,1.0,2026-04-28,pending
ORD-111699,P007,West,5.0,2026-04-17,Completed
ORD-111700,P010,South,5.0,2026-05-25,Completed
ORD-111701,P007,North,4.0,2026-06-13,pending
ORD-111702,P009,North,5.0,2026-06-02,cancelled
ORD-111703,P009,South,4.0,2026-06-03,pending
ORD-111704,P009,South,1.0,2026-03-02,completed
ORD-111705,P004,South,5.0,2026-04-14,Completed
ORD-111706,P002,East,2.0,2026-06-06,cancelled
ORD-111707,P005,West,3.0,2026-04-12,COMPLETED
ORD-111708,P007,South,2.0,2026-06-26,Completed
ORD-111709,P006,East,4.0,2026-01-06,cancelled
ORD-111710,P009,East,5.0,2026-05-14,completed
ORD-111711,P006,East,3.0,2026-05-28,Completed
ORD-111712,P001,South,5.0,2026-01-08,Completed
ORD-111713,P004,South,1.0,2026-03-19,COMPLETED
ORD-111714,P003,South,5.0,2026-03-14,completed
ORD-111715,P002,West,2.0,2026-03-04,COMPLETED
ORD-111716,P010,East,5.0,2026-02-10,cancelled
ORD-111717,P010,East,5.0,2026-04-18,COMPLETED
ORD-111718,P004,West,1.0,2026-06-10,Completed
ORD-111719,P003,West,3.0,2026-01-04,pending
ORD-111720,P009,North,1.0,2026-06-12,Completed
ORD-111721,P003,East,1.0,2026-02-08,Completed
ORD-111722,P003,North,2.0,2026-06-14,cancelled
ORD-111723,P009,North,3.0,2026-01-05,completed
ORD-111724,P010,West,2.0,2026-06-25,pending
ORD-111725,P004,East,1.0,2026-05-24,cancelled
ORD-111726,P010,South,1.0,2026-02-18,completed
ORD-111727,P009,South,3.0,2026-02-04,COMPLETED
ORD-111728,P010,South,4.0,2026-02-01,completed
ORD-111729,P001,East,4.0,2026-05-12,completed
ORD-111730,P005,South,1.0,2026-02-01,cancelled
ORD-111731,P005,East,1.0,2026-01-26,pending
ORD-111732,P003,South,2.0,2026-02-16,Completed
ORD-111733,P010,North,2.0,2026-04-06,Completed
ORD-111734,P003,South,1.0,2026-02-19,Completed
ORD-111735,P010,South,5.0,2026-05-28,COMPLETED
ORD-111736,P009,East,4.0,2026-01-31,Completed
ORD-111737,P006,South,3.0,2026-01-10,pending
ORD-111738,P002,North,1.0,2026-04-11,pending
ORD-111739,P010,South,1.0,2026-03-28,completed
ORD-111740,P006,West,3.0,2026-06-06,Completed
ORD-111741,P009,East,2.0,2026-01-23,COMPLETED
ORD-111742,P002,East,1.0,2026-06-17,pending
ORD-111743,P010,North,2.0,2026-04-30,completed
ORD-111744,P002,North,3.0,2026-06-02,Completed
ORD-111745,P002,West,1.0,2026-04-22,COMPLETED
ORD-111746,P002,East,5.0,2026-01-01,pending
ORD-111747,P003,West,3.0,2026-01-08,cancelled
ORD-111748,P003,North,5.0,2026-06-15,pending
ORD-111749,P004,South,2.0,2026-06-11,cancelled
ORD-111750,P006,South,2.0,2026-02-07,COMPLETED
ORD-111751,P003,East,4.0,2026-01-14,cancelled
ORD-111752,P010,West,1.0,2026-01-25,Completed
ORD-111753,P008,East,1.0,2026-06-07,completed
ORD-111754,P004,East,4.0,2026-01-06,Completed
ORD-111755,P006,South,2.0,2026-02-21,COMPLETED
ORD-111756,P010,North,2.0,2026-04-27,completed
ORD-111757,P007,West,5.0,2026-05-23,cancelled
ORD-111758,P009,North,1.0,2026-04-22,Completed
ORD-111759,P003,East,3.0,2026-05-20,completed
ORD-111760,P003,North,4.0,2026-04-14,pending
ORD-111761,P005,North,4.0,2026-03-23,Completed
ORD-111762,P003,East,5.0,2026-03-29,completed
ORD-111763,P007,East,5.0,2026-01-04,pending
ORD-111764,P003,West,3.0,2026-06-30,cancelled
ORD-111765,P001,West,4.0,2026-03-29,completed
ORD-111766,P008,North,5.0,2026-02-07,pending
ORD-111767,P002,South,3.0,2026-03-22,Completed
ORD-111768,P004,East,1.0,2026-05-20,pending
ORD-111769,P003,West,2.0,2026-04-17,Completed
ORD-111770,P002,South,1.0,2026-01-13,pending
ORD-111771,P006,South,3.0,2026-06-26,cancelled
ORD-111772,P005,North,3.0,2026-03-28,COMPLETED
ORD-111773,P001,East,5.0,2026-03-29,COMPLETED
ORD-111774,P002,West,2.0,2026-05-30,pending
ORD-111775,P006,East,3.0,2026-01-09,COMPLETED
ORD-111776,P010,North,3.0,2026-02-05,COMPLETED
ORD-111777,P006,North,5.0,2026-03-11,Completed
ORD-111778,P002,West,5.0,2026-01-26,COMPLETED
ORD-111779,P010,East,2.0,2026-03-17,pending
ORD-111780,P004,East,4.0,2026-02-06,COMPLETED
ORD-111781,P003,West,1.0,2026-04-23,COMPLETED
ORD-111782,P010,East,,2026-03-24,COMPLETED
ORD-111783,P008,West,1.0,2026-05-17,cancelled
ORD-111784,P004,South,1.0,2026-05-20,completed
ORD-111785,P006,South,2.0,2026-05-25,completed
ORD-111786,P002,East,2.0,2026-05-10,completed
ORD-111787,P002,West,3.0,2026-04-22,cancelled
ORD-111788,P004,West,1.0,2026-06-11,completed
ORD-111789,P005,South,5.0,2026-06-23,completed
ORD-111790,P002,West,1.0,2026-03-31,cancelled
ORD-111791,P006,West,1.0,2026-03-26,COMPLETED
ORD-111792,P007,South,2.0,2026-04-24,pending
ORD-111793,P004,West,3.0,2026-06-23,cancelled
ORD-111794,P008,North,1.0,2026-03-09,cancelled
ORD-111795,P006,West,4.0,2026-04-17,cancelled
ORD-111796,P005,West,4.0,2026-01-04,COMPLETED
ORD-111797,P006,West,1.0,2026-05-11,completed
ORD-111798,P001,West,4.0,2026-04-19,pending
ORD-111799,P004,South,5.0,2026-06-07,cancelled
ORD-111800,P003,East,4.0,2026-02-28,pending
ORD-111801,P003,East,4.0,2026-05-09,Completed
ORD-111802,P009,West,3.0,2026-02-22,cancelled
ORD-111803,P008,East,2.0,2026-06-11,Completed
ORD-111804,P004,North,4.0,2026-04-17,pending
ORD-111805,P007,West,1.0,2026-05-03,COMPLETED
ORD-111806,P004,East,3.0,2026-03-14,pending
ORD-111807,P002,East,5.0,2026-04-20,pending
ORD-111808,P001,West,3.0,2026-06-10,cancelled
ORD-111809,P005,West,5.0,2026-05-22,COMPLETED
ORD-111810,P008,East,1.0,2026-04-11,Completed
ORD-111811,P007,South,2.0,2026-02-21,pending
ORD-111812,P007,South,1.0,2026-04-14,pending
ORD-111813,P003,West,4.0,2026-01-23,COMPLETED
ORD-111814,P007,West,5.0,2026-04-18,completed
ORD-111815,P007,North,2.0,2026-06-24,cancelled
ORD-111816,P008,South,4.0,2026-02-11,cancelled
ORD-111817,P002,West,4.0,2026-03-08,COMPLETED
ORD-111818,P008,North,1.0,2026-06-10,Completed
ORD-111819,P003,North,2.0,2026-04-12,Completed
ORD-111820,P005,East,3.0,2026-05-30,cancelled
ORD-111821,P003,East,1.0,2026-03-10,cancelled
ORD-111822,P007,South,3.0,2026-03-11,pending
ORD-111823,P002,East,4.0,2026-01-07,pending
ORD-111824,P002,South,1.0,2026-05-24,cancelled
ORD-111825,P001,South,3.0,2026-02-26,cancelled
ORD-111826,P007,North,2.0,2026-05-04,completed
ORD-111827,P009,North,2.0,2026-03-26,pending
ORD-111828,P007,West,2.0,2026-01-15,COMPLETED
ORD-111829,P010,East,5.0,2026-05-21,completed
ORD-111830,P002,South,,2026-01-11,pending
ORD-111831,P010,East,2.0,2026-04-23,pending
ORD-111832,P001,North,3.0,2026-03-08,completed
ORD-111833,P007,West,1.0,2026-01-20,Completed
ORD-111834,P001,South,5.0,2026-04-12,COMPLETED
ORD-111835,P004,West,1.0,2026-05-27,COMPLETED
ORD-111836,P009,North,4.0,2026-01-06,COMPLETED
ORD-111837,P010,West,3.0,2026-05-14,completed
ORD-111838,P003,South,1.0,2026-03-18,Completed
ORD-111839,P009,South,2.0,2026-06-03,COMPLETED
ORD-111840,P005,East,5.0,2026-03-09,pending
ORD-111841,P001,West,2.0,2026-03-29,completed
ORD-111842,P002,East,1.0,2026-06-01,COMPLETED
ORD-111843,P006,West,2.0,2026-06-23,COMPLETED
ORD-111844,P006,West,4.0,2026-06-13,Completed
ORD-111845,P001,North,1.0,2026-04-02,cancelled
ORD-111846,P004,West,1.0,2026-04-23,cancelled
ORD-111847,P004,South,5.0,2026-02-20,COMPLETED
ORD-111848,P007,South,3.0,2026-05-22,cancelled
ORD-111849,P001,North,3.0,2026-06-11,completed
ORD-111850,P004,South,4.0,2026-03-11,Completed
ORD-111851,P010,South,4.0,2026-02-15,Completed
ORD-111852,P002,East,2.0,2026-03-03,COMPLETED
ORD-111853,P008,South,,2026-01-23,COMPLETED
ORD-111854,P008,South,2.0,2026-03-21,pending
ORD-111855,P007,West,5.0,2026-01-01,pending
ORD-111856,P008,West,3.0,2026-02-04,COMPLETED
ORD-111857,P007,East,2.0,2026-03-21,completed
ORD-111858,P001,West,1.0,2026-05-01,cancelled
ORD-111859,P001,West,5.0,2026-01-04,cancelled
ORD-111860,P008,East,3.0,2026-03-20,pending
ORD-111861,P004,East,4.0,2026-03-13,completed
ORD-111862,P007,North,3.0,2026-06-29,cancelled
ORD-111863,P004,West,,2026-03-04,completed
ORD-111864,P001,North,2.0,2026-06-28,Completed
ORD-111865,P002,South,,2026-02-16,cancelled
ORD-111866,P008,West,4.0,2026-02-10,Completed
ORD-111867,P001,North,1.0,2026-05-19,Completed
ORD-111868,P006,South,3.0,2026-01-08,Completed
ORD-111869,P001,South,5.0,2026-04-13,COMPLETED
ORD-111870,P009,East,5.0,2026-01-03,COMPLETED
ORD-111871,P002,North,5.0,2026-06-10,pending
ORD-111872,P004,South,1.0,2026-05-30,COMPLETED
ORD-111873,P004,West,3.0,2026-06-12,pending
ORD-111874,P008,South,3.0,2026-03-01,cancelled
ORD-111875,P007,West,4.0,2026-05-04,pending
ORD-111876,P003,South,1.0,2026-06-07,cancelled
ORD-111877,P004,North,5.0,2026-05-01,cancelled
ORD-111878,P008,West,3.0,2026-03-16,Completed
ORD-111879,P009,East,,2026-06-19,pending
ORD-111880,P003,West,3.0,2026-04-06,COMPLETED
ORD-111881,P006,South,3.0,2026-03-06,pending
ORD-111882,P009,East,1.0,2026-05-03,pending
ORD-111883,P005,North,3.0,2026-03-01,cancelled
ORD-111884,P010,East,5.0,2026-06-16,pending
ORD-111885,P004,North,4.0,2026-01-02,completed
ORD-111886,P009,West,2.0,2026-01-08,pending
ORD-111887,P004,East,4.0,2026-06-18,cancelled
ORD-111888,P001,East,1.0,2026-01-08,pending
ORD-111889,P009,West,3.0,2026-03-03,COMPLETED
ORD-111890,P009,East,2.0,2026-06-10,pending
ORD-111891,P001,South,4.0,2026-04-04,Completed
ORD-111892,P005,North,4.0,2026-04-24,cancelled
ORD-111893,P009,East,4.0,2026-01-11,pending
ORD-111894,P001,East,2.0,2026-03-30,pending
ORD-111895,P003,South,5.0,2026-04-05,completed
ORD-111896,P005,North,3.0,2026-05-20,COMPLETED
ORD-111897,P010,North,5.0,2026-02-14,Completed
ORD-111898,P002,East,4.0,2026-01-11,cancelled
ORD-111899,P009,East,1.0,2026-04-13,pending
ORD-111900,P005,West,4.0,2026-01-22,completed
ORD-111901,P005,West,4.0,2026-01-27,COMPLETED
ORD-111902,P002,East,2.0,2026-01-08,Completed
ORD-111903,P007,East,1.0,2026-02-15,Completed
ORD-111904,P006,West,4.0,2026-06-24,COMPLETED
ORD-111905,P004,West,4.0,2026-03-27,cancelled
ORD-111906,P008,West,1.0,2026-02-24,Completed
ORD-111907,P003,North,2.0,2026-01-25,COMPLETED
ORD-111908,P006,West,3.0,2026-05-24,cancelled
ORD-111909,P010,East,1.0,2026-05-28,pending
ORD-111910,P006,West,2.0,2026-01-17,cancelled
ORD-111911,P007,North,2.0,2026-02-06,cancelled
ORD-111912,P002,East,1.0,2026-01-08,Completed
ORD-111913,P004,North,2.0,2026-02-27,Completed
ORD-111914,P008,South,4.0,2026-02-16,COMPLETED
ORD-111915,P009,North,3.0,2026-01-26,pending
ORD-111916,P007,West,5.0,2026-06-07,COMPLETED
ORD-111917,P002,East,4.0,2026-01-31,cancelled
ORD-111918,P008,West,3.0,2026-01-31,pending
ORD-111919,P004,North,4.0,2026-05-15,Completed
ORD-111920,P008,West,1.0,2026-05-11,completed
ORD-111921,P009,North,5.0,2026-05-27,Completed
ORD-111922,P005,East,2.0,2026-06-25,cancelled
ORD-111923,P001,South,5.0,2026-06-21,pending
ORD-111924,P010,East,2.0,2026-04-29,COMPLETED
ORD-111925,P005,East,5.0,2026-01-16,COMPLETED
ORD-111926,P003,East,3.0,2026-01-01,COMPLETED
ORD-111927,P010,West,4.0,2026-02-15,COMPLETED
ORD-111928,P007,East,5.0,2026-04-26,cancelled
ORD-111929,P007,North,3.0,2026-05-24,Completed
ORD-111930,P010,East,2.0,2026-02-03,Completed
ORD-111931,P008,South,4.0,2026-02-22,COMPLETED
ORD-111932,P001,North,3.0,2026-05-14,COMPLETED
ORD-111933,P005,North,2.0,2026-05-24,completed
ORD-111934,P009,South,2.0,2026-03-17,COMPLETED
ORD-111935,P010,North,2.0,2026-05-29,completed
ORD-111936,P006,West,3.0,2026-05-02,COMPLETED
ORD-111937,P009,West,2.0,2026-02-11,completed
ORD-111938,P006,West,,2026-02-07,completed
ORD-111939,P010,West,3.0,2026-01-13,cancelled
ORD-111940,P006,North,2.0,2026-02-08,Completed
ORD-111941,P006,South,2.0,2026-04-14,cancelled
ORD-111942,P007,South,1.0,2026-02-09,cancelled
ORD-111943,P007,East,4.0,2026-03-31,cancelled
ORD-111944,P008,South,1.0,2026-01-14,cancelled
ORD-111945,P001,North,3.0,2026-01-18,COMPLETED
ORD-111946,P008,South,5.0,2026-04-01,Completed
ORD-111947,P006,West,2.0,2026-06-29,cancelled
ORD-111948,P002,West,1.0,2026-01-27,pending
ORD-111949,P006,West,1.0,2026-06-28,cancelled
ORD-111950,P009,West,5.0,2026-01-21,completed
ORD-111951,P006,North,4.0,2026-05-21,Completed
ORD-111952,P004,South,3.0,2026-06-04,completed
ORD-111953,P009,West,3.0,2026-06-15,cancelled
ORD-111954,P002,West,2.0,2026-03-30,completed
ORD-111955,P001,North,4.0,2026-01-13,completed
ORD-111956,P010,North,3.0,2026-03-16,cancelled
ORD-111957,P009,North,2.0,2026-03-28,cancelled
ORD-111958,P001,West,1.0,2026-05-19,COMPLETED
ORD-111959,P007,North,4.0,2026-02-22,COMPLETED
ORD-111960,P003,West,5.0,2026-02-25,Completed
ORD-111961,P008,West,2.0,2026-06-16,completed
ORD-111962,P005,North,2.0,2026-05-01,cancelled
ORD-111963,P001,West,2.0,2026-04-05,pending
ORD-111964,P003,West,2.0,2026-04-14,cancelled
ORD-111965,P003,North,2.0,2026-01-14,COMPLETED
ORD-111966,P003,East,4.0,2026-01-27,cancelled
ORD-111967,P004,South,5.0,2026-01-08,cancelled
ORD-111968,P003,North,1.0,2026-05-09,Completed
ORD-111969,P002,West,5.0,2026-05-31,COMPLETED
ORD-111970,P004,North,3.0,2026-04-04,pending
ORD-111971,P003,West,3.0,2026-06-22,cancelled
ORD-111972,P009,South,5.0,2026-05-14,completed
ORD-111973,P010,West,2.0,2026-05-14,Completed
ORD-111974,P010,West,2.0,2026-01-31,pending
ORD-111975,P009,South,4.0,2026-02-10,COMPLETED
ORD-111976,P005,South,4.0,2026-01-24,completed
ORD-111977,P006,East,1.0,2026-03-23,COMPLETED
ORD-111978,P005,East,2.0,2026-05-05,COMPLETED
ORD-111979,P002,West,5.0,2026-02-21,completed
ORD-111980,P008,South,3.0,2026-01-09,pending
ORD-111981,P010,East,1.0,2026-01-31,cancelled
ORD-111982,P002,West,4.0,2026-05-01,cancelled
ORD-111983,P006,West,1.0,2026-02-22,COMPLETED
ORD-111984,P006,East,3.0,2026-03-19,Completed
ORD-111985,P008,South,4.0,2026-04-05,Completed
ORD-111986,P003,East,2.0,2026-04-12,COMPLETED
ORD-111987,P005,West,1.0,2026-03-12,Completed
ORD-111988,P003,East,3.0,2026-04-07,Completed
ORD-111989,P007,South,1.0,2026-06-02,completed
ORD-111990,P010,South,5.0,2026-01-25,COMPLETED
ORD-111991,P004,North,4.0,2026-03-21,completed
ORD-111992,P009,East,5.0,2026-05-28,cancelled
ORD-111993,P001,East,2.0,2026-04-22,cancelled
ORD-111994,P005,West,5.0,2026-05-22,Completed
ORD-111995,P007,West,2.0,2026-02-26,COMPLETED
ORD-111996,P007,North,5.0,2026-01-18,pending
ORD-111997,P004,North,3.0,2026-01-29,cancelled
ORD-111998,P010,North,3.0,2026-03-14,completed
ORD-111999,P006,East,4.0,2026-05-30,completed
ORD-112000,P004,West,2.0,2026-03-26,cancelled
ORD-112001,P001,North,,2026-04-09,COMPLETED
ORD-112002,P001,North,1.0,2026-01-15,pending
ORD-112003,P006,West,1.0,2026-03-04,cancelled
ORD-112004,P008,North,5.0,2026-03-09,pending
ORD-112005,P005,West,2.0,2026-05-02,completed
ORD-112006,P002,East,1.0,2026-04-03,cancelled
ORD-112007,P005,South,5.0,2026-02-24,pending
ORD-112008,P003,South,4.0,2026-05-14,completed
ORD-112009,P001,West,1.0,2026-06-01,pending
ORD-112010,P009,South,4.0,2026-04-17,COMPLETED
ORD-112011,P008,West,2.0,2026-01-25,completed
ORD-112012,P008,East,5.0,2026-03-29,cancelled
ORD-112013,P002,East,3.0,2026-04-08,completed
ORD-112014,P004,North,5.0,2026-01-02,Completed
ORD-112015,P003,North,4.0,2026-02-12,Completed
ORD-112016,P001,West,5.0,2026-04-18,pending
ORD-112017,P004,North,3.0,2026-04-17,completed
ORD-112018,P001,South,2.0,2026-02-16,pending
ORD-112019,P001,West,5.0,2026-02-15,Completed
ORD-112020,P009,South,1.0,2026-01-14,Completed
ORD-112021,P003,East,5.0,2026-04-21,completed
ORD-112022,P008,South,2.0,2026-04-29,COMPLETED
ORD-112023,P008,South,4.0,2026-05-16,pending
ORD-112024,P002,South,,2026-02-02,Completed
ORD-112025,P003,South,1.0,2026-03-25,completed
ORD-112026,P002,North,2.0,2026-05-19,completed
ORD-112027,P008,North,1.0,2026-02-24,Completed
ORD-112028,P003,South,2.0,2026-01-23,cancelled
ORD-112029,P006,North,1.0,2026-02-02,cancelled
ORD-112030,P005,South,1.0,2026-03-27,COMPLETED
ORD-112031,P001,North,4.0,2026-01-09,completed
ORD-112032,P006,North,3.0,2026-05-10,completed
ORD-112033,P002,North,3.0,2026-06-27,completed
ORD-112034,P005,South,3.0,2026-01-28,completed
ORD-112035,P002,South,4.0,2026-01-30,COMPLETED
ORD-112036,P001,South,1.0,2026-05-14,Completed
ORD-112037,P010,West,1.0,2026-01-15,cancelled
ORD-112038,P010,North,2.0,2026-05-31,cancelled
ORD-112039,P002,North,3.0,2026-06-03,completed
ORD-112040,P005,East,5.0,2026-02-01,pending
ORD-112041,P002,East,1.0,2026-05-07,completed
ORD-112042,P010,South,3.0,2026-03-31,pending
ORD-112043,P004,North,4.0,2026-03-28,COMPLETED
ORD-112044,P004,South,4.0,2026-04-17,pending
ORD-112045,P010,East,2.0,2026-01-15,Completed
ORD-112046,P005,East,,2026-05-02,pending
ORD-112047,P002,South,4.0,2026-05-04,Completed
ORD-112048,P007,North,3.0,2026-03-11,pending
ORD-112049,P006,North,3.0,2026-05-10,COMPLETED
ORD-112050,P008,North,1.0,2026-05-02,cancelled
ORD-112051,P008,West,4.0,2026-04-03,Completed
ORD-112052,P008,North,4.0,2026-01-19,completed
ORD-112053,P001,South,1.0,2026-03-14,Completed
ORD-112054,P001,South,3.0,2026-05-02,Completed
ORD-112055,P009,South,1.0,2026-04-10,COMPLETED
ORD-112056,P010,North,,2026-04-30,cancelled
ORD-112057,P009,North,4.0,2026-04-09,pending
ORD-112058,P001,East,4.0,2026-01-16,COMPLETED
ORD-112059,P006,West,5.0,2026-01-16,completed
ORD-112060,P005,East,5.0,2026-03-18,COMPLETED
ORD-112061,P005,South,2.0,2026-04-16,cancelled
ORD-112062,P004,East,5.0,2026-06-02,completed
ORD-112063,P004,South,5.0,2026-05-17,COMPLETED
ORD-112064,P002,East,5.0,2026-03-23,pending
ORD-112065,P003,West,4.0,2026-04-29,completed
ORD-112066,P004,West,4.0,2026-04-05,completed
ORD-112067,P001,South,2.0,2026-01-21,cancelled
ORD-112068,P009,North,5.0,2026-04-24,cancelled
ORD-112069,P010,South,2.0,2026-04-29,completed
ORD-112070,P010,West,2.0,2026-01-15,COMPLETED
ORD-112071,P009,North,1.0,2026-03-18,pending
ORD-112072,P001,South,1.0,2026-04-17,pending
ORD-112073,P005,West,1.0,2026-04-15,COMPLETED
ORD-112074,P001,North,2.0,2026-04-17,COMPLETED
ORD-112075,P006,West,5.0,2026-02-10,COMPLETED
ORD-112076,P001,North,1.0,2026-04-24,pending
ORD-112077,P001,East,4.0,2026-02-14,completed
ORD-112078,P008,South,4.0,2026-04-25,pending
ORD-112079,P008,North,1.0,2026-02-28,COMPLETED
ORD-112080,P004,North,5.0,2026-02-19,Completed
ORD-112081,P006,West,1.0,2026-02-01,COMPLETED
ORD-112082,P009,East,2.0,2026-04-06,completed
ORD-112083,P004,East,4.0,2026-04-26,completed
ORD-112084,P006,East,4.0,2026-04-07,completed
ORD-112085,P006,North,5.0,2026-01-08,pending
ORD-112086,P004,South,2.0,2026-05-11,completed
ORD-112087,P002,North,1.0,2026-02-06,COMPLETED
ORD-112088,P003,South,4.0,2026-04-14,cancelled
ORD-112089,P010,West,4.0,2026-04-04,completed
ORD-112090,P009,West,1.0,2026-04-21,completed
ORD-112091,P007,West,3.0,2026-06-02,pending
ORD-112092,P008,East,2.0,2026-06-14,Completed
ORD-112093,P002,East,1.0,2026-06-11,pending
ORD-112094,P002,South,2.0,2026-05-07,COMPLETED
ORD-112095,P008,North,2.0,2026-01-19,cancelled
ORD-112096,P007,West,3.0,2026-01-29,pending
ORD-112097,P009,South,4.0,2026-01-22,completed
ORD-112098,P007,West,3.0,2026-01-18,COMPLETED
ORD-112099,P001,East,5.0,2026-04-26,Completed
ORD-112100,P010,West,2.0,2026-01-30,cancelled
ORD-112101,P005,South,3.0,2026-01-15,COMPLETED
ORD-112102,P004,North,5.0,2026-03-12,pending
ORD-112103,P006,East,1.0,2026-06-26,completed
ORD-112104,P009,West,3.0,2026-04-27,cancelled
ORD-112105,P007,South,5.0,2026-06-24,completed
ORD-112106,P004,North,5.0,2026-05-10,Completed
ORD-112107,P003,North,2.0,2026-01-16,pending
ORD-112108,P007,East,1.0,2026-03-26,completed
ORD-112109,P002,West,5.0,2026-02-03,Completed
ORD-112110,P009,West,2.0,2026-06-05,COMPLETED
ORD-112111,P010,West,5.0,2026-04-24,Completed
ORD-112112,P005,West,4.0,2026-05-17,completed
ORD-112113,P002,North,,2026-02-26,pending
ORD-112114,P009,South,2.0,2026-04-20,completed
ORD-112115,P002,West,2.0,2026-03-22,cancelled
ORD-112116,P006,South,1.0,2026-02-04,completed
ORD-112117,P007,East,4.0,2026-05-16,COMPLETED
ORD-112118,P007,East,2.0,2026-04-04,pending
ORD-112119,P002,North,4.0,2026-06-15,COMPLETED
ORD-112120,P010,South,3.0,2026-04-26,cancelled
ORD-112121,P008,South,2.0,2026-01-19,COMPLETED
ORD-112122,P010,West,3.0,2026-05-22,completed
ORD-112123,P006,West,2.0,2026-04-01,completed
ORD-112124,P004,North,4.0,2026-01-17,pending
ORD-112125,P004,North,5.0,2026-06-01,Completed
ORD-112126,P010,West,2.0,2026-04-26,Completed
ORD-112127,P001,North,1.0,2026-05-07,Completed
ORD-112128,P006,South,4.0,2026-01-08,pending
ORD-112129,P010,East,4.0,2026-03-15,pending
ORD-112130,P004,West,3.0,2026-04-20,cancelled
ORD-112131,P004,East,1.0,2026-02-13,pending
ORD-112132,P006,East,4.0,2026-04-04,pending
ORD-112133,P005,South,4.0,2026-05-02,completed
ORD-112134,P005,South,1.0,2026-01-18,cancelled
ORD-112135,P008,West,5.0,2026-01-29,pending
ORD-112136,P005,East,5.0,2026-03-11,Completed
ORD-112137,P010,South,2.0,2026-04-07,COMPLETED
ORD-112138,P008,North,5.0,2026-01-11,COMPLETED
ORD-112139,P006,West,2.0,2026-03-11,completed
ORD-112140,P001,South,1.0,2026-04-23,cancelled
ORD-112141,P009,North,5.0,2026-01-11,Completed
ORD-112142,P005,South,5.0,2026-02-06,cancelled
ORD-112143,P008,West,2.0,2026-04-11,Completed
ORD-112144,P010,South,5.0,2026-05-26,cancelled
ORD-112145,P006,North,5.0,2026-06-05,COMPLETED
ORD-112146,P002,East,3.0,2026-05-30,cancelled
ORD-112147,P005,North,5.0,2026-06-24,pending
ORD-112148,P001,East,1.0,2026-03-01,completed
ORD-112149,P007,West,5.0,2026-01-28,COMPLETED
ORD-112150,P008,North,,2026-03-03,cancelled
ORD-112151,P004,North,4.0,2026-05-08,Completed
ORD-112152,P002,East,2.0,2026-05-24,Completed
ORD-112153,P007,West,1.0,2026-01-17,COMPLETED
ORD-112154,P005,East,3.0,2026-04-10,pending
ORD-112155,P001,West,2.0,2026-01-29,COMPLETED
ORD-112156,P001,North,3.0,2026-06-28,COMPLETED
ORD-112157,P001,South,5.0,2026-03-16,completed
ORD-112158,P005,South,4.0,2026-01-24,completed
ORD-112159,P002,South,5.0,2026-04-03,cancelled
ORD-112160,P010,South,2.0,2026-02-04,pending
ORD-112161,P002,South,1.0,2026-02-09,completed
ORD-112162,P009,East,1.0,2026-05-06,completed
ORD-112163,P008,South,4.0,2026-03-06,Completed
ORD-112164,P009,East,2.0,2026-06-11,cancelled
ORD-112165,P007,South,4.0,2026-01-11,Completed
ORD-112166,P010,East,3.0,2026-03-13,cancelled
ORD-112167,P003,South,3.0,2026-02-05,cancelled
ORD-112168,P003,South,2.0,2026-05-09,COMPLETED
ORD-112169,P004,West,2.0,2026-02-10,Completed
ORD-112170,P003,West,1.0,2026-02-08,cancelled
ORD-112171,P006,South,3.0,2026-05-16,completed
ORD-112172,P008,North,5.0,2026-02-26,completed
ORD-112173,P009,South,2.0,2026-01-22,COMPLETED
ORD-112174,P002,West,3.0,2026-02-13,pending
ORD-112175,P008,South,5.0,2026-04-05,Completed
ORD-112176,P003,South,3.0,2026-01-08,pending
ORD-112177,P009,North,5.0,2026-01-10,Completed
ORD-112178,P010,West,5.0,2026-03-01,COMPLETED
ORD-112179,P002,East,5.0,2026-03-12,COMPLETED
ORD-112180,P005,East,5.0,2026-03-11,cancelled
ORD-112181,P004,South,2.0,2026-05-06,Completed
ORD-112182,P004,East,2.0,2026-02-22,cancelled
ORD-112183,P006,West,2.0,2026-04-06,cancelled
ORD-112184,P009,North,5.0,2026-03-29,Completed
ORD-112185,P002,West,1.0,2026-01-28,Completed
ORD-112186,P007,East,5.0,2026-03-06,cancelled
ORD-112187,P008,West,4.0,2026-04-01,completed
ORD-112188,P008,East,1.0,2026-01-24,pending
ORD-112189,P004,South,4.0,2026-02-28,Completed
ORD-112190,P006,North,3.0,2026-03-28,pending
ORD-112191,P005,North,2.0,2026-01-29,COMPLETED
ORD-112192,P002,South,2.0,2026-01-20,completed
ORD-112193,P003,North,4.0,2026-02-03,Completed
ORD-112194,P009,South,1.0,2026-02-14,cancelled
ORD-112195,P009,West,1.0,2026-04-11,cancelled
ORD-112196,P001,West,5.0,2026-06-09,pending
ORD-112197,P007,West,4.0,2026-02-28,pending
ORD-112198,P002,South,3.0,2026-05-28,pending
ORD-112199,P002,North,5.0,2026-01-23,COMPLETED
ORD-112200,P010,South,2.0,2026-06-16,COMPLETED
ORD-112201,P001,South,4.0,2026-05-26,COMPLETED
ORD-112202,P004,West,5.0,2026-02-02,cancelled
ORD-112203,P004,South,1.0,2026-06-25,Completed
ORD-112204,P001,East,2.0,2026-04-12,Completed
ORD-112205,P004,West,5.0,2026-06-03,completed
ORD-112206,P002,West,1.0,2026-06-19,completed
ORD-112207,P006,West,3.0,2026-01-24,cancelled
ORD-112208,P006,South,4.0,2026-06-04,COMPLETED
ORD-112209,P010,South,1.0,2026-05-01,completed
ORD-112210,P009,North,1.0,2026-01-04,Completed
ORD-112211,P003,West,1.0,2026-02-11,pending
ORD-112212,P009,East,2.0,2026-05-17,pending
ORD-112213,P002,East,2.0,2026-02-21,completed
ORD-112214,P001,South,5.0,2026-04-04,pending
ORD-112215,P004,South,1.0,2026-01-26,COMPLETED
ORD-112216,P005,South,4.0,2026-02-11,completed
ORD-112217,P007,North,,2026-01-09,pending
ORD-112218,P008,South,2.0,2026-02-07,completed
ORD-112219,P003,North,3.0,2026-06-13,completed
ORD-112220,P001,North,5.0,2026-04-17,cancelled
ORD-112221,P009,West,3.0,2026-03-19,Completed
ORD-112222,P001,West,4.0,2026-05-29,cancelled
ORD-112223,P007,South,1.0,2026-06-21,completed
ORD-112224,P010,East,5.0,2026-03-21,COMPLETED
ORD-112225,P003,South,2.0,2026-02-04,Completed
ORD-112226,P008,East,4.0,2026-01-21,Completed
ORD-112227,P006,West,2.0,2026-01-04,Completed
ORD-112228,P004,West,3.0,2026-02-02,completed
ORD-112229,P010,East,3.0,2026-06-19,pending
ORD-112230,P004,West,3.0,2026-01-22,pending
ORD-112231,P004,North,1.0,2026-04-17,cancelled
ORD-112232,P002,West,4.0,2026-04-22,Completed
ORD-112233,P001,South,2.0,2026-05-05,COMPLETED
ORD-112234,P008,East,4.0,2026-04-06,Completed
ORD-112235,P010,West,1.0,2026-01-31,Completed
ORD-112236,P009,North,,2026-06-07,pending
ORD-112237,P006,South,2.0,2026-04-24,Completed
ORD-112238,P006,West,3.0,2026-05-16,Completed
ORD-112239,P003,East,2.0,2026-02-28,Completed
ORD-112240,P007,North,,2026-03-19,COMPLETED
ORD-112241,P005,South,3.0,2026-02-06,cancelled
ORD-112242,P007,West,1.0,2026-03-28,cancelled
ORD-112243,P002,South,1.0,2026-06-11,cancelled
ORD-112244,P005,East,1.0,2026-03-02,pending
ORD-112245,P005,South,5.0,2026-03-02,completed
ORD-112246,P004,North,4.0,2026-06-30,COMPLETED
ORD-112247,P007,North,2.0,2026-04-21,cancelled
ORD-112248,P009,East,3.0,2026-05-02,completed
ORD-112249,P002,West,4.0,2026-04-25,completed
ORD-112250,P003,West,4.0,2026-03-13,pending
ORD-112251,P006,West,3.0,2026-06-26,cancelled
ORD-112252,P010,West,1.0,2026-02-10,Completed
ORD-112253,P009,West,4.0,2026-02-10,COMPLETED
ORD-112254,P007,East,5.0,2026-06-07,Completed
ORD-112255,P006,East,2.0,2026-03-16,COMPLETED
ORD-112256,P005,South,1.0,2026-04-26,Completed
ORD-112257,P008,West,3.0,2026-06-19,Completed
ORD-112258,P009,South,3.0,2026-01-20,Completed
ORD-112259,P001,West,2.0,2026-03-15,COMPLETED
ORD-112260,P003,West,3.0,2026-01-18,cancelled
ORD-112261,P003,West,5.0,2026-04-07,Completed
ORD-112262,P001,South,1.0,2026-01-13,Completed
ORD-112263,P001,South,4.0,2026-03-10,cancelled
ORD-112264,P010,North,2.0,2026-01-05,completed
ORD-112265,P006,South,5.0,2026-02-19,COMPLETED
ORD-112266,P001,East,1.0,2026-05-26,cancelled
ORD-112267,P003,North,1.0,2026-05-05,cancelled
ORD-112268,P004,East,5.0,2026-01-19,completed
ORD-112269,P007,West,4.0,2026-04-10,COMPLETED
ORD-112270,P007,North,4.0,2026-02-05,COMPLETED
ORD-112271,P002,East,4.0,2026-04-13,COMPLETED
ORD-112272,P005,South,3.0,2026-05-02,Completed
ORD-112273,P002,North,2.0,2026-03-19,pending
ORD-112274,P008,West,1.0,2026-04-23,completed
ORD-112275,P010,East,3.0,2026-05-16,completed
ORD-112276,P007,South,4.0,2026-06-13,cancelled
ORD-112277,P004,South,1.0,2026-06-21,Completed
ORD-112278,P004,East,2.0,2026-03-24,Completed
ORD-112279,P007,West,2.0,2026-01-12,cancelled
ORD-112280,P007,South,1.0,2026-01-15,cancelled
ORD-112281,P001,South,4.0,2026-04-25,cancelled
ORD-112282,P009,South,5.0,2026-01-12,cancelled
ORD-112283,P007,West,1.0,2026-01-05,COMPLETED
ORD-112284,P007,West,,2026-06-14,COMPLETED
ORD-112285,P006,South,5.0,2026-06-01,pending
ORD-112286,P005,South,3.0,2026-05-27,pending
ORD-112287,P010,West,5.0,2026-01-18,completed
ORD-112288,P003,West,5.0,2026-05-24,Completed
ORD-112289,P007,South,3.0,2026-06-17,COMPLETED
ORD-112290,P006,East,1.0,2026-04-25,pending
ORD-112291,P005,North,5.0,2026-03-30,completed
ORD-112292,P007,North,2.0,2026-04-09,COMPLETED
ORD-112293,P001,North,4.0,2026-05-30,completed
ORD-112294,P007,South,2.0,2026-05-25,Completed
ORD-112295,P007,East,2.0,2026-02-21,pending
ORD-112296,P001,South,4.0,2026-03-10,COMPLETED
ORD-112297,P005,East,1.0,2026-03-10,cancelled
ORD-112298,P005,East,1.0,2026-05-30,COMPLETED
ORD-112299,P003,West,3.0,2026-06-12,pending
ORD-112300,P002,West,1.0,2026-04-03,cancelled
ORD-112301,P010,North,5.0,2026-03-06,completed
ORD-112302,P007,North,4.0,2026-01-05,completed
ORD-112303,P007,South,5.0,2026-01-08,Completed
ORD-112304,P003,West,4.0,2026-03-09,completed
ORD-112305,P007,East,3.0,2026-05-05,completed
ORD-112306,P001,North,1.0,2026-06-22,pending
ORD-112307,P008,West,4.0,2026-06-08,COMPLETED
ORD-112308,P008,East,4.0,2026-01-02,completed
ORD-112309,P002,East,2.0,2026-04-14,COMPLETED
ORD-112310,P007,South,5.0,2026-04-16,COMPLETED
ORD-112311,P002,East,2.0,2026-02-06,pending
ORD-112312,P001,West,3.0,2026-02-14,Completed
ORD-112313,P003,East,4.0,2026-05-15,pending
ORD-112314,P008,East,2.0,2026-05-14,cancelled
ORD-112315,P009,East,5.0,2026-01-19,completed
ORD-112316,P005,West,3.0,2026-03-10,pending
ORD-112317,P001,South,4.0,2026-01-11,Completed
ORD-112318,P010,West,1.0,2026-01-24,completed
ORD-112319,P003,South,3.0,2026-01-28,pending
ORD-112320,P009,East,2.0,2026-05-09,cancelled
ORD-112321,P003,South,2.0,2026-04-07,COMPLETED
ORD-112322,P010,West,,2026-03-07,pending
ORD-112323,P002,South,2.0,2026-05-11,completed
ORD-112324,P010,South,3.0,2026-06-19,Completed
ORD-112325,P003,South,1.0,2026-02-12,COMPLETED
ORD-112326,P003,North,3.0,2026-02-27,cancelled
ORD-112327,P010,West,1.0,2026-06-27,COMPLETED
ORD-112328,P010,South,2.0,2026-06-10,completed
ORD-112329,P007,North,2.0,2026-06-19,pending
ORD-112330,P006,South,2.0,2026-03-21,pending
ORD-112331,P005,North,5.0,2026-03-30,pending
ORD-112332,P004,West,5.0,2026-05-18,COMPLETED
ORD-112333,P004,North,5.0,2026-01-20,completed
ORD-112334,P005,West,3.0,2026-05-16,Completed
ORD-112335,P008,North,5.0,2026-02-25,Completed
ORD-112336,P001,West,4.0,2026-01-26,pending
ORD-112337,P009,South,2.0,2026-02-20,COMPLETED
ORD-112338,P001,North,5.0,2026-01-21,completed
ORD-112339,P002,North,4.0,2026-04-17,Completed
ORD-112340,P003,North,4.0,2026-05-13,COMPLETED
ORD-112341,P001,West,5.0,2026-04-27,pending
ORD-112342,P010,West,3.0,2026-01-05,completed
ORD-112343,P006,East,2.0,2026-04-19,COMPLETED
ORD-112344,P001,South,4.0,2026-01-13,completed
ORD-112345,P007,West,4.0,2026-01-18,cancelled
ORD-112346,P006,East,2.0,2026-03-01,completed
ORD-112347,P007,North,5.0,2026-01-25,pending
ORD-112348,P002,South,1.0,2026-03-13,pending
ORD-112349,P006,South,2.0,2026-05-28,completed
ORD-112350,P001,East,2.0,2026-03-17,pending
ORD-112351,P005,West,1.0,2026-04-16,cancelled
ORD-112352,P007,North,4.0,2026-02-01,completed
ORD-112353,P001,North,2.0,2026-01-24,completed
ORD-112354,P008,West,4.0,2026-03-01,cancelled
ORD-112355,P006,West,5.0,2026-04-02,COMPLETED
ORD-112356,P006,South,2.0,2026-05-04,COMPLETED
ORD-112357,P002,South,3.0,2026-06-17,completed
ORD-112358,P008,West,2.0,2026-04-09,cancelled
ORD-112359,P003,South,5.0,2026-05-05,completed
ORD-112360,P007,East,2.0,2026-02-18,completed
ORD-112361,P003,East,1.0,2026-01-31,completed
ORD-112362,P010,North,5.0,2026-06-03,pending
ORD-112363,P003,West,1.0,2026-03-11,completed
ORD-112364,P001,East,1.0,2026-02-18,cancelled
ORD-112365,P008,North,5.0,2026-06-26,completed
ORD-112366,P003,East,5.0,2026-01-15,Completed
ORD-112367,P009,East,4.0,2026-05-02,Completed
ORD-112368,P009,East,3.0,2026-06-18,COMPLETED
ORD-112369,P007,North,4.0,2026-05-20,Completed
ORD-112370,P004,North,,2026-06-23,cancelled
ORD-112371,P004,South,3.0,2026-04-11,cancelled
ORD-112372,P001,North,5.0,2026-05-13,completed
ORD-112373,P008,South,4.0,2026-05-07,pending
ORD-112374,P003,North,3.0,2026-04-16,cancelled
ORD-112375,P005,East,2.0,2026-04-01,completed
ORD-112376,P001,South,4.0,2026-01-12,pending
ORD-112377,P010,West,2.0,2026-06-30,cancelled
ORD-112378,P006,North,5.0,2026-04-24,completed
ORD-112379,P003,East,1.0,2026-04-06,cancelled
ORD-112380,P006,West,3.0,2026-02-21,cancelled
ORD-112381,P005,North,3.0,2026-01-03,pending
ORD-112382,P007,East,2.0,2026-04-17,cancelled
ORD-112383,P003,East,2.0,2026-04-03,pending
ORD-112384,P004,East,,2026-02-08,Completed
ORD-112385,P004,North,5.0,2026-01-09,COMPLETED
ORD-112386,P004,West,3.0,2026-06-07,completed
ORD-112387,P002,South,2.0,2026-01-13,pending
ORD-112388,P005,East,5.0,2026-01-30,completed
ORD-112389,P001,East,4.0,2026-05-26,cancelled
ORD-112390,P005,North,5.0,2026-06-09,Completed
ORD-112391,P003,East,1.0,2026-03-17,completed
ORD-112392,P010,West,2.0,2026-04-20,COMPLETED
ORD-112393,P010,North,5.0,2026-01-17,pending
ORD-112394,P004,West,4.0,2026-03-18,cancelled
ORD-112395,P007,West,4.0,2026-02-06,cancelled
ORD-112396,P010,North,4.0,2026-02-23,Completed
ORD-112397,P002,South,5.0,2026-05-05,Completed
ORD-112398,P008,North,1.0,2026-06-04,cancelled
ORD-112399,P009,East,4.0,2026-06-16,COMPLETED
ORD-112400,P003,West,3.0,2026-05-17,COMPLETED
ORD-112401,P008,South,3.0,2026-04-10,pending
ORD-112402,P008,North,2.0,2026-02-19,COMPLETED
ORD-112403,P005,South,4.0,2026-06-06,cancelled
ORD-112404,P005,West,3.0,2026-03-23,COMPLETED
ORD-112405,P004,South,5.0,2026-01-31,completed
ORD-112406,P006,North,5.0,2026-04-09,Completed
ORD-112407,P004,South,1.0,2026-03-02,COMPLETED
ORD-112408,P007,East,4.0,2026-01-01,COMPLETED
ORD-112409,P001,South,5.0,2026-05-01,completed
ORD-112410,P002,West,5.0,2026-05-12,cancelled
ORD-112411,P002,North,3.0,2026-05-05,pending
ORD-112412,P002,South,1.0,2026-03-23,completed
ORD-112413,P006,West,1.0,2026-02-11,cancelled
ORD-112414,P004,North,2.0,2026-04-19,Completed
ORD-112415,P001,North,4.0,2026-03-19,Completed
ORD-112416,P003,South,5.0,2026-02-13,completed
ORD-112417,P010,North,1.0,2026-04-27,Completed
ORD-112418,P001,South,4.0,2026-05-02,completed
ORD-112419,P010,West,1.0,2026-06-30,pending
ORD-112420,P008,West,5.0,2026-05-31,cancelled
ORD-112421,P009,West,4.0,2026-01-18,cancelled
ORD-112422,P002,North,5.0,2026-03-11,Completed
ORD-112423,P007,East,1.0,2026-06-19,completed
ORD-112424,P008,South,1.0,2026-02-25,Completed
ORD-112425,P008,South,3.0,2026-01-19,completed
ORD-112426,P010,North,4.0,2026-04-24,Completed
ORD-112427,P008,North,4.0,2026-02-26,Completed
ORD-112428,P005,South,3.0,2026-05-26,Completed
ORD-112429,P007,West,4.0,2026-05-05,pending
ORD-112430,P005,East,3.0,2026-01-03,completed
ORD-112431,P003,West,4.0,2026-01-05,pending
ORD-112432,P008,West,,2026-03-05,COMPLETED
ORD-112433,P005,West,3.0,2026-06-08,pending
ORD-112434,P010,West,1.0,2026-02-02,Completed
ORD-112435,P006,South,5.0,2026-06-02,pending
ORD-112436,P002,West,5.0,2026-06-01,Completed
ORD-112437,P007,West,3.0,2026-05-09,Completed
ORD-112438,P002,North,2.0,2026-03-22,cancelled
ORD-112439,P002,North,5.0,2026-01-02,Completed
ORD-112440,P008,East,3.0,2026-05-05,Completed
ORD-112441,P010,South,4.0,2026-05-26,cancelled
ORD-112442,P004,West,3.0,2026-02-10,Completed
ORD-112443,P007,West,4.0,2026-06-19,Completed
ORD-112444,P001,East,2.0,2026-01-23,COMPLETED
ORD-112445,P003,East,1.0,2026-05-05,cancelled
ORD-112446,P002,West,4.0,2026-06-29,cancelled
ORD-112447,P007,West,3.0,2026-03-08,pending
ORD-112448,P007,East,1.0,2026-01-08,Completed
ORD-112449,P002,West,1.0,2026-01-06,Completed
ORD-112450,P010,West,3.0,2026-06-29,COMPLETED
ORD-112451,P002,East,1.0,2026-02-21,pending
ORD-112452,P010,North,5.0,2026-01-14,completed
ORD-112453,P007,North,4.0,2026-05-22,COMPLETED
ORD-112454,P010,North,4.0,2026-04-04,Completed
ORD-112455,P003,South,4.0,2026-04-21,COMPLETED
ORD-112456,P001,East,2.0,2026-03-27,cancelled
ORD-112457,P001,West,4.0,2026-02-10,Completed
ORD-112458,P005,West,5.0,2026-01-15,Completed
ORD-112459,P008,East,5.0,2026-03-27,cancelled
ORD-112460,P001,South,4.0,2026-02-06,completed
ORD-112461,P001,West,1.0,2026-03-26,cancelled
ORD-112462,P008,North,4.0,2026-03-20,cancelled
ORD-112463,P010,South,1.0,2026-03-23,pending
ORD-112464,P008,East,3.0,2026-06-29,COMPLETED
ORD-112465,P001,East,4.0,2026-04-27,COMPLETED
ORD-112466,P005,West,5.0,2026-05-28,Completed
ORD-112467,P002,North,3.0,2026-03-19,Completed
ORD-112468,P005,East,4.0,2026-01-16,COMPLETED
ORD-112469,P005,North,1.0,2026-03-24,cancelled
ORD-112470,P001,South,2.0,2026-01-13,cancelled
ORD-112471,P006,West,5.0,2026-04-19,Completed
ORD-112472,P007,South,3.0,2026-04-07,completed
ORD-112473,P008,North,5.0,2026-05-20,completed
ORD-112474,P009,West,5.0,2026-06-06,cancelled
ORD-112475,P002,West,1.0,2026-03-18,completed
ORD-112476,P010,West,3.0,2026-02-26,cancelled
ORD-112477,P005,South,5.0,2026-01-24,cancelled
ORD-112478,P007,North,3.0,2026-05-05,COMPLETED
ORD-112479,P008,West,1.0,2026-01-19,Completed
ORD-112480,P010,East,1.0,2026-01-14,pending
ORD-112481,P007,South,3.0,2026-02-05,cancelled
ORD-112482,P002,South,5.0,2026-03-14,Completed
ORD-112483,P002,North,1.0,2026-06-02,Completed
ORD-112484,P006,East,3.0,2026-06-17,Completed
ORD-112485,P003,North,4.0,2026-03-15,cancelled
ORD-112486,P007,South,1.0,2026-06-28,cancelled
ORD-112487,P009,West,1.0,2026-03-25,pending
ORD-112488,P001,East,1.0,2026-02-08,completed
ORD-112489,P002,South,,2026-01-31,COMPLETED
ORD-112490,P001,West,3.0,2026-02-09,COMPLETED
ORD-112491,P005,West,4.0,2026-02-08,completed
ORD-112492,P005,North,3.0,2026-01-17,Completed
ORD-112493,P009,West,4.0,2026-05-18,pending
ORD-112494,P009,North,3.0,2026-01-06,pending
ORD-112495,P006,West,,2026-02-09,completed
ORD-112496,P009,East,4.0,2026-04-05,COMPLETED
ORD-112497,P002,West,5.0,2026-02-21,completed
ORD-112498,P002,South,3.0,2026-02-02,COMPLETED
ORD-112499,P009,West,4.0,2026-05-17,cancelled
ORD-112500,P009,South,3.0,2026-01-09,COMPLETED
ORD-112501,P009,West,2.0,2026-03-29,cancelled
ORD-112502,P006,North,3.0,2026-05-06,cancelled
ORD-112503,P003,East,2.0,2026-05-15,Completed
ORD-112504,P010,North,5.0,2026-06-14,completed
ORD-112505,P002,North,5.0,2026-04-20,cancelled
ORD-112506,P003,South,3.0,2026-06-07,cancelled
ORD-112507,P002,West,1.0,2026-02-19,completed
ORD-112508,P001,West,5.0,2026-02-22,Completed
ORD-112509,P002,North,5.0,2026-02-08,pending
ORD-112510,P007,North,4.0,2026-01-10,cancelled
ORD-112511,P006,North,3.0,2026-04-25,cancelled
ORD-112512,P003,South,3.0,2026-06-26,cancelled
ORD-112513,P007,West,5.0,2026-03-21,completed
ORD-112514,P005,West,3.0,2026-03-28,pending
ORD-112515,P001,East,5.0,2026-05-29,completed
ORD-112516,P010,North,1.0,2026-03-22,Completed
ORD-112517,P003,West,2.0,2026-04-10,COMPLETED
ORD-112518,P002,South,2.0,2026-01-15,completed
ORD-112519,P009,North,1.0,2026-04-30,Completed
ORD-112520,P005,West,4.0,2026-04-16,pending
ORD-112521,P007,West,4.0,2026-05-22,COMPLETED
ORD-112522,P002,North,5.0,2026-01-15,completed
ORD-112523,P001,South,5.0,2026-05-01,cancelled
ORD-112524,P008,South,5.0,2026-02-13,COMPLETED
ORD-112525,P006,East,4.0,2026-01-30,completed
ORD-112526,P004,South,5.0,2026-03-08,completed
ORD-112527,P008,North,3.0,2026-01-20,cancelled
ORD-112528,P001,South,3.0,2026-03-27,pending
ORD-112529,P005,West,3.0,2026-03-04,completed
ORD-112530,P007,West,3.0,2026-02-23,Completed
ORD-112531,P010,South,2.0,2026-06-09,cancelled
ORD-112532,P010,South,1.0,2026-06-16,completed
ORD-112533,P006,East,1.0,2026-02-05,cancelled
ORD-112534,P006,West,3.0,2026-01-13,Completed
ORD-112535,P004,East,4.0,2026-01-07,pending
ORD-112536,P007,North,2.0,2026-04-05,cancelled
ORD-112537,P009,West,4.0,2026-02-15,Completed
ORD-112538,P010,North,2.0,2026-03-05,Completed
ORD-112539,P005,North,1.0,2026-01-19,COMPLETED
ORD-112540,P006,South,4.0,2026-06-30,Completed
ORD-112541,P002,East,1.0,2026-05-04,completed
ORD-112542,P006,North,5.0,2026-02-03,Completed
ORD-112543,P007,South,5.0,2026-06-03,pending
ORD-112544,P008,West,5.0,2026-01-11,pending
ORD-112545,P006,North,1.0,2026-04-04,Completed
ORD-112546,P010,West,5.0,2026-05-18,cancelled
ORD-112547,P004,East,2.0,2026-03-27,completed
ORD-112548,P008,West,3.0,2026-04-02,COMPLETED
ORD-112549,P004,West,4.0,2026-04-30,COMPLETED
ORD-112550,P003,East,5.0,2026-02-04,COMPLETED
ORD-112551,P002,North,1.0,2026-04-22,Completed
ORD-112552,P002,North,2.0,2026-06-08,Completed
ORD-112553,P009,East,3.0,2026-01-21,completed
ORD-112554,P004,West,1.0,2026-02-05,COMPLETED
ORD-112555,P005,East,3.0,2026-04-21,COMPLETED
ORD-112556,P010,South,5.0,2026-02-05,Completed
ORD-112557,P001,East,1.0,2026-05-01,COMPLETED
ORD-112558,P009,South,4.0,2026-04-09,pending
ORD-112559,P004,East,5.0,2026-02-03,completed
ORD-112560,P003,North,4.0,2026-05-27,cancelled
ORD-112561,P001,North,1.0,2026-03-10,pending
ORD-112562,P009,South,5.0,2026-05-30,cancelled
ORD-112563,P001,West,3.0,2026-01-17,completed
ORD-112564,P009,West,3.0,2026-03-09,COMPLETED
ORD-112565,P001,North,2.0,2026-01-16,completed
ORD-112566,P003,South,4.0,2026-02-02,COMPLETED
ORD-112567,P010,South,2.0,2026-02-17,COMPLETED
ORD-112568,P005,East,2.0,2026-06-25,pending
ORD-112569,P010,East,3.0,2026-02-23,pending
ORD-112570,P010,South,2.0,2026-03-24,Completed
ORD-112571,P006,West,3.0,2026-02-21,Completed
ORD-112572,P003,West,1.0,2026-06-13,cancelled
ORD-112573,P005,East,3.0,2026-05-21,completed
ORD-112574,P005,East,4.0,2026-04-02,Completed
ORD-112575,P007,East,5.0,2026-01-11,COMPLETED
ORD-112576,P006,East,5.0,2026-03-31,completed
ORD-112577,P009,North,3.0,2026-05-25,cancelled
ORD-112578,P008,East,5.0,2026-06-25,pending
ORD-112579,P006,East,5.0,2026-05-23,completed
ORD-112580,P002,South,5.0,2026-01-18,Completed
ORD-112581,P003,South,4.0,2026-01-21,completed
ORD-112582,P008,South,1.0,2026-04-18,pending
ORD-112583,P008,North,2.0,2026-02-22,pending
ORD-112584,P009,South,1.0,2026-06-12,Completed
ORD-112585,P007,South,1.0,2026-03-25,completed
ORD-112586,P001,East,5.0,2026-04-24,pending
ORD-112587,P009,West,1.0,2026-06-19,COMPLETED
ORD-112588,P005,East,2.0,2026-05-14,pending
ORD-112589,P001,West,3.0,2026-01-15,pending
ORD-112590,P002,South,4.0,2026-03-22,Completed
ORD-112591,P003,South,2.0,2026-03-03,cancelled
ORD-112592,P005,East,3.0,2026-04-20,cancelled
ORD-112593,P006,South,,2026-06-28,COMPLETED
ORD-112594,P009,East,2.0,2026-05-23,Completed
ORD-112595,P006,North,5.0,2026-04-29,completed
ORD-112596,P008,South,2.0,2026-05-03,COMPLETED
ORD-112597,P003,South,5.0,2026-02-23,cancelled
ORD-112598,P007,West,2.0,2026-02-07,COMPLETED
ORD-112599,P001,North,1.0,2026-05-05,completed
ORD-112600,P009,North,5.0,2026-03-14,pending
ORD-112601,P003,South,3.0,2026-02-03,pending
ORD-112602,P006,South,4.0,2026-06-01,pending
ORD-112603,P006,West,4.0,2026-05-10,Completed
ORD-112604,P005,East,4.0,2026-01-14,cancelled
ORD-112605,P007,West,2.0,2026-04-23,cancelled
ORD-112606,P004,West,2.0,2026-04-24,pending
ORD-112607,P001,West,1.0,2026-02-21,pending
ORD-112608,P010,East,3.0,2026-05-28,completed
ORD-112609,P002,South,4.0,2026-02-17,pending
ORD-112610,P003,South,3.0,2026-02-14,pending
ORD-112611,P008,South,4.0,2026-01-10,Completed
ORD-112612,P007,East,4.0,2026-02-06,COMPLETED
ORD-112613,P005,East,4.0,2026-01-19,cancelled
ORD-112614,P008,East,5.0,2026-06-12,COMPLETED
ORD-112615,P002,South,1.0,2026-05-09,pending
ORD-112616,P010,North,2.0,2026-05-15,Completed
ORD-112617,P001,West,5.0,2026-04-23,completed
ORD-112618,P008,East,3.0,2026-04-01,Completed
ORD-112619,P010,South,3.0,2026-01-17,COMPLETED
ORD-112620,P003,North,2.0,2026-03-24,completed
ORD-112621,P009,West,4.0,2026-05-28,cancelled
ORD-112622,P001,South,5.0,2026-06-19,cancelled
ORD-112623,P001,South,1.0,2026-02-20,COMPLETED
ORD-112624,P009,West,2.0,2026-02-23,pending
ORD-112625,P003,East,4.0,2026-05-11,cancelled
ORD-112626,P005,West,,2026-02-27,pending
ORD-112627,P010,South,2.0,2026-05-16,pending
ORD-112628,P002,East,,2026-04-23,completed
ORD-112629,P010,West,1.0,2026-03-17,pending
ORD-112630,P009,North,4.0,2026-05-13,pending
ORD-112631,P006,South,1.0,2026-01-19,COMPLETED
ORD-112632,P003,West,2.0,2026-05-25,completed
ORD-112633,P008,West,5.0,2026-03-06,cancelled
ORD-112634,P004,West,1.0,2026-05-18,completed
ORD-112635,P008,North,4.0,2026-05-21,pending
ORD-112636,P005,North,3.0,2026-06-08,COMPLETED
ORD-112637,P009,South,5.0,2026-06-06,completed
ORD-112638,P007,West,5.0,2026-02-07,completed
ORD-112639,P005,North,3.0,2026-06-14,cancelled
ORD-112640,P003,South,5.0,2026-03-02,Completed
ORD-112641,P002,West,1.0,2026-04-13,completed
ORD-112642,P004,South,3.0,2026-04-26,cancelled
ORD-112643,P001,East,5.0,2026-06-19,COMPLETED
ORD-112644,P002,North,3.0,2026-02-20,COMPLETED
ORD-112645,P003,North,2.0,2026-06-03,COMPLETED
ORD-112646,P010,North,4.0,2026-02-13,completed
ORD-112647,P009,South,2.0,2026-02-20,cancelled
ORD-112648,P004,South,5.0,2026-01-01,Completed
ORD-112649,P008,West,2.0,2026-01-17,pending
ORD-112650,P005,North,3.0,2026-04-14,cancelled
ORD-112651,P010,North,2.0,2026-05-18,Completed
ORD-112652,P004,West,2.0,2026-01-31,completed
ORD-112653,P009,South,3.0,2026-06-06,cancelled
ORD-112654,P004,North,3.0,2026-06-23,completed
ORD-112655,P003,East,1.0,2026-01-25,pending
ORD-112656,P001,North,4.0,2026-03-14,completed
ORD-112657,P008,North,5.0,2026-05-06,pending
ORD-112658,P004,South,3.0,2026-03-04,COMPLETED
ORD-112659,P003,South,2.0,2026-06-19,completed
ORD-112660,P008,West,4.0,2026-06-24,Completed
ORD-112661,P002,South,3.0,2026-03-12,cancelled
ORD-112662,P006,North,2.0,2026-04-23,completed
ORD-112663,P005,West,3.0,2026-01-31,completed
ORD-112664,P003,East,1.0,2026-01-17,cancelled
ORD-112665,P002,East,1.0,2026-02-01,cancelled
ORD-112666,P005,East,2.0,2026-03-24,completed
ORD-112667,P001,East,2.0,2026-06-24,COMPLETED
ORD-112668,P005,North,5.0,2026-04-02,COMPLETED
ORD-112669,P007,South,1.0,2026-03-27,pending
ORD-112670,P003,West,5.0,2026-02-25,Completed
ORD-112671,P003,South,2.0,2026-06-10,cancelled
ORD-112672,P008,North,5.0,2026-04-23,COMPLETED
ORD-112673,P004,South,1.0,2026-03-18,cancelled
ORD-112674,P001,South,3.0,2026-02-01,pending
ORD-112675,P009,South,3.0,2026-01-24,COMPLETED
ORD-112676,P003,South,5.0,2026-03-09,cancelled
ORD-112677,P002,North,4.0,2026-02-22,completed
ORD-112678,P009,North,1.0,2026-05-14,completed
ORD-112679,P003,South,1.0,2026-01-17,pending
ORD-112680,P001,North,2.0,2026-04-19,pending
ORD-112681,P007,East,5.0,2026-05-01,cancelled
ORD-112682,P008,North,5.0,2026-05-11,Completed
ORD-112683,P002,South,2.0,2026-04-22,COMPLETED
ORD-112684,P009,East,3.0,2026-03-02,pending
ORD-112685,P001,East,4.0,2026-05-19,completed
ORD-112686,P008,North,4.0,2026-04-24,COMPLETED
ORD-112687,P009,West,2.0,2026-05-28,Completed
ORD-112688,P005,West,5.0,2026-04-11,completed
ORD-112689,P006,West,,2026-05-17,pending
ORD-112690,P004,South,3.0,2026-06-30,Completed
ORD-112691,P001,South,1.0,2026-06-03,COMPLETED
ORD-112692,P009,East,,2026-02-04,COMPLETED
ORD-112693,P003,West,5.0,2026-01-18,completed
ORD-112694,P001,West,2.0,2026-01-18,Completed
ORD-112695,P005,North,2.0,2026-05-03,COMPLETED
ORD-112696,P009,West,2.0,2026-05-30,pending
ORD-112697,P001,North,5.0,2026-02-18,cancelled
ORD-112698,P003,North,5.0,2026-05-14,COMPLETED
ORD-112699,P009,North,3.0,2026-03-06,Completed
ORD-112700,P002,North,5.0,2026-05-27,COMPLETED
ORD-112701,P008,South,5.0,2026-06-29,pending
ORD-112702,P007,East,5.0,2026-04-29,cancelled
ORD-112703,P001,East,3.0,2026-01-24,Completed
ORD-112704,P003,West,3.0,2026-06-19,COMPLETED
ORD-112705,P008,South,1.0,2026-04-27,COMPLETED
ORD-112706,P004,North,4.0,2026-04-17,COMPLETED
ORD-112707,P004,South,2.0,2026-03-22,completed
ORD-112708,P002,West,4.0,2026-05-19,completed
ORD-112709,P003,East,3.0,2026-05-27,completed
ORD-112710,P002,South,5.0,2026-04-05,completed
ORD-112711,P003,West,4.0,2026-06-29,Completed
ORD-112712,P007,South,4.0,2026-04-13,Completed
ORD-112713,P008,East,3.0,2026-02-02,cancelled
ORD-112714,P001,West,3.0,2026-05-26,completed
ORD-112715,P008,West,5.0,2026-01-17,Completed
ORD-112716,P006,West,3.0,2026-02-04,COMPLETED
ORD-112717,P008,West,5.0,2026-03-28,completed
ORD-112718,P002,North,3.0,2026-02-11,cancelled
ORD-112719,P006,East,2.0,2026-06-25,completed
ORD-112720,P005,West,3.0,2026-01-06,Completed
ORD-112721,P010,West,4.0,2026-02-22,completed
ORD-112722,P008,East,2.0,2026-06-17,Completed
ORD-112723,P006,South,2.0,2026-06-08,pending
ORD-112724,P005,South,2.0,2026-03-06,pending
ORD-112725,P010,North,1.0,2026-01-04,completed
ORD-112726,P007,West,1.0,2026-02-21,completed
ORD-112727,P009,South,5.0,2026-04-21,COMPLETED
ORD-112728,P005,East,4.0,2026-02-18,completed
ORD-112729,P003,East,2.0,2026-05-24,pending
ORD-112730,P005,East,5.0,2026-01-16,cancelled
ORD-112731,P001,North,1.0,2026-03-06,pending
ORD-112732,P008,South,2.0,2026-02-26,COMPLETED
ORD-112733,P002,East,4.0,2026-05-26,Completed
ORD-112734,P004,East,3.0,2026-03-05,pending
ORD-112735,P004,South,2.0,2026-05-22,Completed
ORD-112736,P008,West,2.0,2026-06-23,COMPLETED
ORD-112737,P009,East,5.0,2026-01-16,Completed
ORD-112738,P010,East,5.0,2026-06-11,completed
ORD-112739,P005,North,5.0,2026-05-13,COMPLETED
ORD-112740,P002,East,3.0,2026-03-31,cancelled
ORD-112741,P005,South,1.0,2026-02-04,completed
ORD-112742,P007,West,1.0,2026-03-03,COMPLETED
ORD-112743,P009,North,2.0,2026-05-03,pending
ORD-112744,P001,North,5.0,2026-03-11,COMPLETED
ORD-112745,P005,West,4.0,2026-04-24,cancelled
ORD-112746,P010,South,3.0,2026-05-27,cancelled
ORD-112747,P001,South,2.0,2026-01-30,cancelled
ORD-112748,P007,East,5.0,2026-01-03,completed
ORD-112749,P008,West,,2026-06-02,COMPLETED
ORD-112750,P008,West,1.0,2026-05-29,pending
ORD-112751,P001,West,2.0,2026-02-14,cancelled
ORD-112752,P003,East,5.0,2026-02-16,COMPLETED
ORD-112753,P002,North,2.0,2026-05-25,Completed
ORD-112754,P002,South,5.0,2026-01-30,pending
ORD-112755,P007,North,4.0,2026-06-07,completed
ORD-112756,P008,East,5.0,2026-01-04,COMPLETED
ORD-112757,P008,East,4.0,2026-02-10,pending
ORD-112758,P006,East,2.0,2026-05-10,cancelled
ORD-112759,P010,North,3.0,2026-05-11,Completed
ORD-112760,P005,East,4.0,2026-01-03,COMPLETED
ORD-112761,P010,South,5.0,2026-02-16,completed
ORD-112762,P001,South,4.0,2026-05-01,COMPLETED
ORD-112763,P002,North,2.0,2026-02-27,cancelled
ORD-112764,P008,East,2.0,2026-03-18,pending
ORD-112765,P007,East,5.0,2026-02-03,pending
ORD-112766,P002,North,2.0,2026-04-23,cancelled
ORD-112767,P002,South,4.0,2026-03-23,Completed
ORD-112768,P008,South,4.0,2026-06-29,Completed
ORD-112769,P009,North,4.0,2026-04-19,completed
ORD-112770,P007,North,5.0,2026-05-24,Completed
ORD-112771,P006,North,5.0,2026-05-15,completed
ORD-112772,P001,South,3.0,2026-04-02,completed
ORD-112773,P004,West,5.0,2026-03-22,Completed
ORD-112774,P006,South,1.0,2026-03-21,Completed
ORD-112775,P006,West,3.0,2026-05-02,COMPLETED
ORD-112776,P001,East,5.0,2026-01-16,cancelled
ORD-112777,P010,East,3.0,2026-05-21,Completed
ORD-112778,P003,North,4.0,2026-05-05,COMPLETED
ORD-112779,P007,East,4.0,2026-03-31,COMPLETED
ORD-112780,P004,South,1.0,2026-01-03,completed
ORD-112781,P007,West,2.0,2026-05-18,Completed
ORD-112782,P003,East,1.0,2026-01-13,COMPLETED
ORD-112783,P003,East,1.0,2026-02-07,COMPLETED
ORD-112784,P003,East,3.0,2026-05-14,completed
ORD-112785,P002,West,3.0,2026-02-21,COMPLETED
ORD-112786,P001,South,1.0,2026-05-24,completed
ORD-112787,P009,West,1.0,2026-03-23,pending
ORD-112788,P004,West,3.0,2026-02-10,cancelled
ORD-112789,P005,North,,2026-02-26,pending
ORD-112790,P002,North,4.0,2026-02-04,COMPLETED
ORD-112791,P009,East,4.0,2026-02-24,pending
ORD-112792,P007,North,5.0,2026-02-04,Completed
ORD-112793,P008,West,3.0,2026-05-29,pending
ORD-112794,P004,East,4.0,2026-02-14,COMPLETED
ORD-112795,P003,North,3.0,2026-04-13,completed
ORD-112796,P002,West,4.0,2026-04-30,COMPLETED
ORD-112797,P001,North,5.0,2026-02-26,completed
ORD-112798,P006,South,3.0,2026-04-28,completed
ORD-112799,P010,North,1.0,2026-04-17,completed
ORD-112800,P004,North,5.0,2026-05-25,completed
ORD-112801,P010,North,4.0,2026-04-28,cancelled
ORD-112802,P006,East,3.0,2026-06-09,completed
ORD-112803,P009,East,2.0,2026-05-19,cancelled
ORD-112804,P003,South,,2026-01-18,completed
ORD-112805,P009,East,5.0,2026-01-05,cancelled
ORD-112806,P001,West,5.0,2026-03-14,cancelled
ORD-112807,P004,East,2.0,2026-05-21,completed
ORD-112808,P006,South,3.0,2026-04-11,Completed
ORD-112809,P010,West,2.0,2026-05-05,COMPLETED
ORD-112810,P003,North,3.0,2026-03-04,cancelled
ORD-112811,P005,South,5.0,2026-02-23,pending
ORD-112812,P006,West,2.0,2026-03-25,pending
ORD-112813,P004,North,3.0,2026-04-03,COMPLETED
ORD-112814,P002,North,4.0,2026-02-18,COMPLETED
ORD-112815,P005,South,5.0,2026-03-05,Completed
ORD-112816,P001,South,1.0,2026-02-17,Completed
ORD-112817,P004,West,1.0,2026-06-23,Completed
ORD-112818,P003,South,5.0,2026-06-12,pending
ORD-112819,P008,South,4.0,2026-01-16,completed
ORD-112820,P001,East,4.0,2026-06-12,completed
ORD-112821,P001,East,1.0,2026-05-15,cancelled
ORD-112822,P010,West,4.0,2026-06-18,COMPLETED
ORD-112823,P004,South,2.0,2026-02-05,cancelled
ORD-112824,P008,West,2.0,2026-02-22,completed
ORD-112825,P008,East,4.0,2026-05-20,Completed
ORD-112826,P003,North,3.0,2026-05-12,Completed
ORD-112827,P007,North,3.0,2026-06-04,Completed
ORD-112828,P004,North,5.0,2026-05-22,cancelled
ORD-112829,P010,North,5.0,2026-01-23,pending
ORD-112830,P002,East,2.0,2026-05-02,cancelled
ORD-112831,P006,South,1.0,2026-06-13,completed
ORD-112832,P005,North,2.0,2026-01-29,Completed
ORD-112833,P007,West,1.0,2026-02-10,completed
ORD-112834,P007,South,1.0,2026-06-04,Completed
ORD-112835,P009,South,1.0,2026-06-02,Completed
ORD-112836,P007,East,2.0,2026-06-17,cancelled
ORD-112837,P006,North,5.0,2026-04-26,pending
ORD-112838,P008,South,1.0,2026-02-07,completed
ORD-112839,P001,East,3.0,2026-01-22,completed
ORD-112840,P006,East,4.0,2026-05-05,completed
ORD-112841,P004,North,4.0,2026-05-23,completed
ORD-112842,P008,West,1.0,2026-03-10,cancelled
ORD-112843,P010,South,3.0,2026-02-16,Completed
ORD-112844,P004,South,2.0,2026-05-04,completed
ORD-112845,P006,West,1.0,2026-04-24,cancelled
ORD-112846,P003,West,5.0,2026-04-09,Completed
ORD-112847,P002,East,3.0,2026-05-17,Completed
ORD-112848,P002,West,2.0,2026-05-14,pending
ORD-112849,P006,South,5.0,2026-04-10,cancelled
ORD-112850,P005,South,3.0,2026-02-17,pending
ORD-112851,P001,South,2.0,2026-06-01,cancelled
ORD-112852,P010,West,3.0,2026-02-10,COMPLETED
ORD-112853,P005,South,,2026-05-24,completed
ORD-112854,P001,East,5.0,2026-04-05,pending
ORD-112855,P007,North,4.0,2026-01-03,cancelled
ORD-112856,P003,West,3.0,2026-05-22,cancelled
ORD-112857,P007,North,2.0,2026-05-18,COMPLETED
ORD-112858,P006,West,1.0,2026-06-28,cancelled
ORD-112859,P002,North,3.0,2026-04-28,COMPLETED
ORD-112860,P001,West,2.0,2026-02-14,Completed
ORD-112861,P004,East,3.0,2026-01-20,Completed
ORD-112862,P001,North,4.0,2026-02-08,COMPLETED
ORD-112863,P008,West,4.0,2026-05-27,COMPLETED
ORD-112864,P009,South,3.0,2026-01-21,COMPLETED
ORD-112865,P008,West,2.0,2026-04-24,cancelled
ORD-112866,P010,West,4.0,2026-04-09,pending
ORD-112867,P007,South,1.0,2026-01-31,COMPLETED
ORD-112868,P006,West,4.0,2026-06-09,cancelled
ORD-112869,P005,East,1.0,2026-01-15,cancelled
ORD-112870,P010,East,5.0,2026-02-12,completed
ORD-112871,P002,East,2.0,2026-03-30,pending
ORD-112872,P003,North,4.0,2026-04-27,Completed
ORD-112873,P005,North,3.0,2026-06-24,cancelled
ORD-112874,P008,South,5.0,2026-05-01,Completed
ORD-112875,P010,North,4.0,2026-03-28,pending
ORD-112876,P007,South,4.0,2026-06-19,Completed
ORD-112877,P002,North,1.0,2026-03-09,Completed
ORD-112878,P010,East,1.0,2026-04-26,Completed
ORD-112879,P001,North,1.0,2026-01-18,cancelled
ORD-112880,P008,South,5.0,2026-05-05,COMPLETED
ORD-112881,P003,South,3.0,2026-06-23,cancelled
ORD-112882,P007,North,5.0,2026-02-01,COMPLETED
ORD-112883,P010,West,5.0,2026-06-20,COMPLETED
ORD-112884,P001,North,1.0,2026-01-01,COMPLETED
ORD-112885,P003,South,4.0,2026-01-24,cancelled
ORD-112886,P007,West,1.0,2026-05-04,pending
ORD-112887,P009,West,2.0,2026-04-10,Completed
ORD-112888,P009,West,1.0,2026-02-21,completed
ORD-112889,P008,East,1.0,2026-06-11,Completed
ORD-112890,P002,West,2.0,2026-01-11,COMPLETED
ORD-112891,P004,West,3.0,2026-03-02,COMPLETED
ORD-112892,P002,West,3.0,2026-02-12,cancelled
ORD-112893,P010,North,2.0,2026-05-18,completed
ORD-112894,P010,South,3.0,2026-06-05,completed
ORD-112895,P003,West,3.0,2026-01-01,COMPLETED
ORD-112896,P005,West,1.0,2026-04-13,completed
ORD-112897,P005,East,4.0,2026-05-02,completed
ORD-112898,P002,North,4.0,2026-02-03,completed
ORD-112899,P004,North,1.0,2026-03-12,cancelled
ORD-112900,P004,West,1.0,2026-05-18,completed
ORD-112901,P009,North,2.0,2026-02-21,COMPLETED
ORD-112902,P003,North,3.0,2026-04-25,cancelled
ORD-112903,P001,West,5.0,2026-05-11,COMPLETED
ORD-112904,P002,West,5.0,2026-06-03,COMPLETED
ORD-112905,P002,East,3.0,2026-06-03,cancelled
ORD-112906,P010,East,2.0,2026-01-08,Completed
ORD-112907,P003,North,2.0,2026-06-19,pending
ORD-112908,P006,West,3.0,2026-05-04,Completed
ORD-112909,P009,South,4.0,2026-06-05,Completed
ORD-112910,P005,East,5.0,2026-01-29,cancelled
ORD-112911,P004,South,4.0,2026-01-26,pending
ORD-112912,P009,East,4.0,2026-06-15,pending
ORD-112913,P007,West,4.0,2026-06-27,pending
ORD-112914,P010,West,1.0,2026-04-03,pending
ORD-112915,P006,West,2.0,2026-06-26,completed
ORD-112916,P007,East,5.0,2026-02-25,cancelled
ORD-112917,P005,North,3.0,2026-05-14,completed
ORD-112918,P002,East,2.0,2026-05-10,cancelled
ORD-112919,P005,North,1.0,2026-02-01,COMPLETED
ORD-112920,P009,East,3.0,2026-03-03,cancelled
ORD-112921,P009,North,2.0,2026-05-14,COMPLETED
ORD-112922,P003,South,4.0,2026-04-07,Completed
ORD-112923,P009,West,1.0,2026-02-16,cancelled
ORD-112924,P008,West,1.0,2026-01-10,pending
ORD-112925,P002,West,5.0,2026-06-21,Completed
ORD-112926,P007,North,5.0,2026-01-26,completed
ORD-112927,P010,West,4.0,2026-03-25,pending
ORD-112928,P010,South,2.0,2026-03-02,cancelled
ORD-112929,P008,South,3.0,2026-06-27,COMPLETED
ORD-112930,P001,West,1.0,2026-01-21,completed
ORD-112931,P003,South,2.0,2026-01-06,Completed
ORD-112932,P002,South,4.0,2026-04-11,COMPLETED
ORD-112933,P002,South,5.0,2026-06-08,Completed
ORD-112934,P008,South,1.0,2026-03-04,pending
ORD-112935,P006,West,3.0,2026-05-18,cancelled
ORD-112936,P010,South,4.0,2026-02-17,cancelled
ORD-112937,P003,South,5.0,2026-03-07,cancelled
ORD-112938,P007,North,4.0,2026-02-27,COMPLETED
ORD-112939,P003,West,2.0,2026-06-19,pending
ORD-112940,P010,South,1.0,2026-01-22,completed
ORD-112941,P003,West,4.0,2026-02-26,completed
ORD-112942,P010,South,1.0,2026-06-25,cancelled
ORD-112943,P004,South,2.0,2026-06-26,Completed
ORD-112944,P010,South,5.0,2026-02-25,pending
ORD-112945,P005,East,5.0,2026-03-29,cancelled
ORD-112946,P006,East,5.0,2026-01-21,COMPLETED
ORD-112947,P009,West,1.0,2026-05-28,cancelled
ORD-112948,P008,South,2.0,2026-01-20,cancelled
ORD-112949,P001,North,1.0,2026-05-29,Completed
ORD-112950,P005,East,2.0,2026-04-11,pending
ORD-112951,P001,North,2.0,2026-06-29,Completed
ORD-112952,P010,South,2.0,2026-03-27,Completed
ORD-112953,P007,North,1.0,2026-04-03,completed
ORD-112954,P003,North,5.0,2026-05-16,pending
ORD-112955,P004,West,5.0,2026-06-12,completed
ORD-112956,P004,North,4.0,2026-06-22,cancelled
ORD-112957,P010,North,2.0,2026-06-01,COMPLETED
ORD-112958,P007,North,1.0,2026-05-24,cancelled
ORD-112959,P006,North,4.0,2026-04-12,COMPLETED
ORD-112960,P008,West,2.0,2026-02-05,COMPLETED
ORD-112961,P001,West,4.0,2026-04-22,COMPLETED
ORD-112962,P004,West,5.0,2026-05-21,cancelled
ORD-112963,P001,South,3.0,2026-04-24,Completed
ORD-112964,P002,North,5.0,2026-05-18,pending
ORD-112965,P004,West,5.0,2026-01-28,pending
ORD-112966,P003,West,5.0,2026-02-21,COMPLETED
ORD-112967,P004,South,1.0,2026-03-19,COMPLETED
ORD-112968,P007,North,2.0,2026-04-14,COMPLETED
ORD-112969,P003,West,4.0,2026-04-12,COMPLETED
ORD-112970,P003,North,1.0,2026-06-09,Completed
ORD-112971,P007,North,3.0,2026-01-31,cancelled
ORD-112972,P001,North,,2026-03-27,completed
ORD-112973,P002,East,,2026-05-25,pending
ORD-112974,P009,South,4.0,2026-05-01,Completed
ORD-112975,P008,West,3.0,2026-01-27,Completed
ORD-112976,P001,South,3.0,2026-04-03,COMPLETED
ORD-112977,P002,West,2.0,2026-04-05,pending
ORD-112978,P008,South,4.0,2026-03-08,COMPLETED
ORD-112979,P003,East,1.0,2026-06-16,pending
ORD-112980,P010,West,4.0,2026-03-22,COMPLETED
ORD-112981,P002,East,3.0,2026-05-28,cancelled
ORD-112982,P004,West,,2026-01-29,Completed
ORD-112983,P003,East,5.0,2026-06-14,cancelled
ORD-112984,P009,East,4.0,2026-06-06,Completed
ORD-112985,P007,East,5.0,2026-02-27,Completed
ORD-112986,P009,South,1.0,2026-01-03,COMPLETED
ORD-112987,P004,North,2.0,2026-06-19,COMPLETED
ORD-112988,P003,North,5.0,2026-01-11,pending
ORD-112989,P010,East,4.0,2026-01-08,pending
ORD-112990,P009,West,3.0,2026-01-12,Completed
ORD-112991,P005,West,5.0,2026-04-07,pending
ORD-112992,P008,East,4.0,2026-06-19,completed
ORD-112993,P007,South,2.0,2026-01-18,completed
ORD-112994,P008,North,2.0,2026-05-16,cancelled
ORD-112995,P007,West,2.0,2026-04-14,Completed
ORD-112996,P004,East,3.0,2026-02-28,cancelled
ORD-112997,P002,West,3.0,2026-01-24,COMPLETED
ORD-112998,P010,West,1.0,2026-04-05,cancelled
ORD-112999,P001,East,3.0,2026-03-17,completed
ORD-113000,P006,West,3.0,2026-02-19,COMPLETED
ORD-113001,P002,South,2.0,2026-06-25,Completed
ORD-113002,P002,North,4.0,2026-06-25,completed
ORD-113003,P005,North,4.0,2026-05-30,completed
ORD-113004,P001,West,1.0,2026-01-15,cancelled
ORD-113005,P007,East,3.0,2026-05-12,completed
ORD-113006,P007,North,1.0,2026-03-15,COMPLETED
ORD-113007,P009,East,2.0,2026-03-15,pending
ORD-113008,P003,South,2.0,2026-05-04,pending
ORD-113009,P010,North,4.0,2026-05-20,cancelled
ORD-113010,P005,West,3.0,2026-06-02,pending
ORD-113011,P004,East,3.0,2026-02-09,cancelled
ORD-113012,P005,East,2.0,2026-06-28,Completed
ORD-113013,P008,South,3.0,2026-04-01,pending
ORD-113014,P003,North,1.0,2026-02-23,cancelled
ORD-113015,P010,West,3.0,2026-03-06,cancelled
ORD-113016,P009,South,2.0,2026-06-06,COMPLETED
ORD-113017,P008,North,3.0,2026-04-15,cancelled
ORD-113018,P010,East,1.0,2026-04-24,Completed
ORD-113019,P002,East,4.0,2026-03-24,cancelled
ORD-113020,P007,North,4.0,2026-02-08,completed
ORD-113021,P007,East,5.0,2026-02-07,COMPLETED
ORD-113022,P005,South,2.0,2026-04-30,COMPLETED
ORD-113023,P006,West,5.0,2026-03-24,pending
ORD-113024,P009,East,5.0,2026-05-08,COMPLETED
ORD-113025,P009,South,2.0,2026-06-01,cancelled
ORD-113026,P004,West,1.0,2026-06-07,COMPLETED
ORD-113027,P005,North,5.0,2026-05-07,pending
ORD-113028,P008,North,3.0,2026-05-07,COMPLETED
ORD-113029,P010,West,1.0,2026-04-04,pending
ORD-113030,P008,East,5.0,2026-04-27,COMPLETED
ORD-113031,P002,West,1.0,2026-02-06,COMPLETED
ORD-113032,P004,South,2.0,2026-04-03,Completed
ORD-113033,P003,West,4.0,2026-04-29,Completed
ORD-113034,P001,West,5.0,2026-03-25,cancelled
ORD-113035,P005,South,4.0,2026-03-28,completed
ORD-113036,P007,North,3.0,2026-06-08,pending
ORD-113037,P010,East,2.0,2026-02-26,Completed
ORD-113038,P008,North,1.0,2026-06-01,COMPLETED
ORD-113039,P006,West,4.0,2026-03-09,pending
ORD-113040,P009,South,1.0,2026-05-05,Completed
ORD-113041,P010,South,,2026-04-17,COMPLETED
ORD-113042,P007,South,4.0,2026-06-15,COMPLETED
ORD-113043,P001,West,5.0,2026-05-29,Completed
ORD-113044,P008,South,5.0,2026-01-22,pending
ORD-113045,P003,South,5.0,2026-04-16,cancelled
ORD-113046,P009,South,3.0,2026-04-27,completed
ORD-113047,P008,East,5.0,2026-05-07,completed
ORD-113048,P007,South,3.0,2026-05-10,Completed
ORD-113049,P003,North,4.0,2026-05-13,cancelled
ORD-113050,P004,West,3.0,2026-01-29,Completed
ORD-113051,P008,East,5.0,2026-05-18,pending
ORD-113052,P008,East,3.0,2026-02-10,pending
ORD-113053,P002,North,3.0,2026-03-11,completed
ORD-113054,P006,North,5.0,2026-05-20,COMPLETED
ORD-113055,P004,West,4.0,2026-01-28,completed
ORD-113056,P006,East,5.0,2026-06-06,cancelled
ORD-113057,P006,East,2.0,2026-02-18,Completed
ORD-113058,P009,East,5.0,2026-06-12,pending
ORD-113059,P010,South,5.0,2026-03-02,completed
ORD-113060,P008,North,2.0,2026-01-23,pending
ORD-113061,P002,East,2.0,2026-05-25,COMPLETED
ORD-113062,P010,West,5.0,2026-06-28,Completed
ORD-113063,P004,West,2.0,2026-04-09,COMPLETED
ORD-113064,P009,East,5.0,2026-05-22,completed
ORD-113065,P009,West,5.0,2026-04-15,completed
ORD-113066,P004,South,1.0,2026-05-09,completed
ORD-113067,P010,West,4.0,2026-04-15,COMPLETED
ORD-113068,P008,South,3.0,2026-03-22,cancelled
ORD-113069,P007,South,2.0,2026-03-05,Completed
ORD-113070,P008,West,5.0,2026-01-03,cancelled
ORD-113071,P008,West,5.0,2026-04-27,COMPLETED
ORD-113072,P003,East,4.0,2026-05-29,cancelled
ORD-113073,P001,South,5.0,2026-06-12,completed
ORD-113074,P001,East,2.0,2026-06-20,cancelled
ORD-113075,P004,North,3.0,2026-02-06,COMPLETED
ORD-113076,P007,South,5.0,2026-01-19,completed
ORD-113077,P003,South,4.0,2026-06-13,cancelled
ORD-113078,P004,East,5.0,2026-01-27,COMPLETED
ORD-113079,P010,West,3.0,2026-02-08,completed
ORD-113080,P002,East,5.0,2026-05-17,completed
ORD-113081,P003,South,1.0,2026-01-02,COMPLETED
ORD-113082,P003,North,4.0,2026-01-26,completed
ORD-113083,P003,South,1.0,2026-03-21,pending
ORD-113084,P005,East,5.0,2026-03-01,cancelled
ORD-113085,P004,North,4.0,2026-01-04,Completed
ORD-113086,P008,North,3.0,2026-02-18,pending
ORD-113087,P005,West,3.0,2026-04-03,COMPLETED
ORD-113088,P005,East,1.0,2026-01-02,cancelled
ORD-113089,P006,North,3.0,2026-04-19,completed
ORD-113090,P010,East,1.0,2026-05-14,cancelled
ORD-113091,P008,West,2.0,2026-02-16,pending
ORD-113092,P003,East,4.0,2026-02-28,cancelled
ORD-113093,P002,East,1.0,2026-05-19,cancelled
ORD-113094,P004,West,1.0,2026-02-05,cancelled
ORD-113095,P007,West,3.0,2026-06-21,completed
ORD-113096,P001,East,4.0,2026-01-26,cancelled
ORD-113097,P010,East,5.0,2026-06-03,cancelled
ORD-113098,P001,North,1.0,2026-04-24,pending
ORD-113099,P005,West,2.0,2026-06-21,completed
ORD-113100,P006,South,3.0,2026-04-08,cancelled
ORD-113101,P002,North,5.0,2026-05-17,pending
ORD-113102,P002,East,2.0,2026-06-10,cancelled
ORD-113103,P002,East,3.0,2026-01-16,pending
ORD-113104,P003,North,1.0,2026-04-08,completed
ORD-113105,P008,North,5.0,2026-03-22,cancelled
ORD-113106,P006,South,4.0,2026-02-07,pending
ORD-113107,P001,West,3.0,2026-04-16,pending
ORD-113108,P002,South,,2026-05-11,completed
ORD-113109,P007,West,3.0,2026-02-21,Completed
ORD-113110,P007,South,5.0,2026-03-03,pending
ORD-113111,P002,East,5.0,2026-03-02,cancelled
ORD-113112,P006,South,5.0,2026-04-28,cancelled
ORD-113113,P009,East,3.0,2026-01-29,cancelled
ORD-113114,P007,South,2.0,2026-02-17,cancelled
ORD-113115,P008,East,5.0,2026-01-15,cancelled
ORD-113116,P008,West,4.0,2026-06-23,COMPLETED
ORD-113117,P002,North,4.0,2026-05-13,completed
ORD-113118,P005,North,2.0,2026-06-19,cancelled
ORD-113119,P004,South,2.0,2026-02-07,pending
ORD-113120,P008,North,1.0,2026-06-03,Completed
ORD-113121,P005,South,1.0,2026-05-05,pending
ORD-113122,P007,South,4.0,2026-05-06,cancelled
ORD-113123,P008,North,3.0,2026-03-30,Completed
ORD-113124,P008,West,2.0,2026-04-10,pending
ORD-113125,P003,East,5.0,2026-05-04,completed
ORD-113126,P005,South,4.0,2026-03-01,COMPLETED
ORD-113127,P001,South,,2026-03-29,Completed
ORD-113128,P004,North,3.0,2026-04-07,cancelled
ORD-113129,P008,East,5.0,2026-01-29,pending
ORD-113130,P009,South,1.0,2026-05-23,Completed
ORD-113131,P003,East,5.0,2026-02-13,completed
ORD-113132,P004,North,2.0,2026-04-07,cancelled
ORD-113133,P005,East,4.0,2026-03-30,cancelled
ORD-113134,P004,East,,2026-05-26,completed
ORD-113135,P010,West,5.0,2026-02-03,COMPLETED
ORD-113136,P009,West,5.0,2026-02-10,COMPLETED
ORD-113137,P008,South,4.0,2026-06-04,completed
ORD-113138,P002,South,4.0,2026-06-01,cancelled
ORD-113139,P006,East,5.0,2026-06-06,cancelled
ORD-113140,P004,West,1.0,2026-03-04,pending
ORD-113141,P004,North,1.0,2026-03-23,pending
ORD-113142,P008,West,5.0,2026-01-29,completed
ORD-113143,P008,South,4.0,2026-01-13,cancelled
ORD-113144,P002,East,2.0,2026-02-25,pending
ORD-113145,P002,East,5.0,2026-04-20,COMPLETED
ORD-113146,P006,East,4.0,2026-03-29,Completed
ORD-113147,P005,West,2.0,2026-03-11,pending
ORD-113148,P009,South,1.0,2026-04-25,COMPLETED
ORD-113149,P009,South,4.0,2026-02-07,pending
ORD-113150,P003,West,3.0,2026-04-04,completed
ORD-113151,P007,North,1.0,2026-04-17,cancelled
ORD-113152,P006,West,1.0,2026-03-28,COMPLETED
ORD-113153,P001,East,5.0,2026-03-02,completed
ORD-113154,P009,North,1.0,2026-06-23,cancelled
ORD-113155,P007,North,4.0,2026-06-17,cancelled
ORD-113156,P003,North,4.0,2026-06-13,completed
ORD-113157,P001,East,2.0,2026-05-18,pending
ORD-113158,P001,West,5.0,2026-01-07,pending
ORD-113159,P004,South,2.0,2026-05-07,cancelled
ORD-113160,P010,North,,2026-06-29,pending
ORD-113161,P008,West,1.0,2026-06-19,pending
ORD-113162,P002,South,5.0,2026-04-09,completed
ORD-113163,P007,North,1.0,2026-03-26,completed
ORD-113164,P005,South,2.0,2026-05-04,COMPLETED
ORD-113165,P008,North,,2026-06-20,Completed
ORD-113166,P006,West,4.0,2026-05-11,completed
ORD-113167,P003,North,3.0,2026-01-03,COMPLETED
ORD-113168,P006,North,4.0,2026-01-04,pending
ORD-113169,P010,North,2.0,2026-01-04,pending
ORD-113170,P010,South,3.0,2026-03-09,COMPLETED
ORD-113171,P005,South,2.0,2026-02-21,Completed
ORD-113172,P003,North,3.0,2026-06-15,Completed
ORD-113173,P001,East,2.0,2026-02-06,Completed
ORD-113174,P001,West,2.0,2026-02-25,Completed
ORD-113175,P003,West,1.0,2026-05-06,COMPLETED
ORD-113176,P008,East,2.0,2026-06-17,completed
ORD-113177,P010,North,1.0,2026-06-12,cancelled
ORD-113178,P009,West,4.0,2026-01-04,cancelled
ORD-113179,P009,East,2.0,2026-03-20,COMPLETED
ORD-113180,P004,East,4.0,2026-03-04,pending
ORD-113181,P005,West,1.0,2026-02-26,completed
ORD-113182,P009,North,4.0,2026-06-24,completed
ORD-113183,P004,South,3.0,2026-04-11,completed
ORD-113184,P007,East,2.0,2026-01-06,COMPLETED
ORD-113185,P002,West,4.0,2026-01-29,pending
ORD-113186,P005,West,2.0,2026-04-01,cancelled
ORD-113187,P003,South,,2026-03-31,COMPLETED
ORD-113188,P003,North,2.0,2026-04-21,Completed
ORD-113189,P003,South,4.0,2026-04-13,Completed
ORD-113190,P009,North,5.0,2026-04-29,COMPLETED
ORD-113191,P001,West,1.0,2026-01-05,completed
ORD-113192,P003,South,3.0,2026-05-26,completed
ORD-113193,P010,West,4.0,2026-05-28,pending
ORD-113194,P010,West,3.0,2026-04-02,pending
ORD-113195,P009,North,4.0,2026-06-18,completed
ORD-113196,P004,South,5.0,2026-01-10,Completed
ORD-113197,P009,East,2.0,2026-03-16,completed
ORD-113198,P004,East,2.0,2026-05-20,Completed
ORD-113199,P002,South,1.0,2026-03-04,completed
ORD-113200,P005,East,2.0,2026-02-12,completed
ORD-113201,P003,South,5.0,2026-06-02,COMPLETED
ORD-113202,P009,South,,2026-05-06,completed
ORD-113203,P008,South,2.0,2026-04-02,COMPLETED
ORD-113204,P006,South,4.0,2026-04-11,completed
ORD-113205,P007,South,1.0,2026-06-30,COMPLETED
ORD-113206,P004,West,2.0,2026-05-15,cancelled
ORD-113207,P004,East,3.0,2026-01-02,pending
ORD-113208,P007,West,1.0,2026-02-03,completed
ORD-113209,P010,West,2.0,2026-05-06,COMPLETED
ORD-113210,P003,South,4.0,2026-04-28,cancelled
ORD-113211,P005,North,5.0,2026-05-21,completed
ORD-113212,P005,North,4.0,2026-02-07,COMPLETED
ORD-113213,P007,East,3.0,2026-06-07,Completed
ORD-113214,P002,North,5.0,2026-03-18,pending
ORD-113215,P009,East,5.0,2026-05-01,COMPLETED
ORD-113216,P004,West,5.0,2026-02-21,COMPLETED
ORD-113217,P003,East,,2026-05-18,pending
ORD-113218,P009,East,2.0,2026-05-10,pending
ORD-113219,P001,East,2.0,2026-02-16,completed
ORD-113220,P001,North,5.0,2026-03-15,COMPLETED
ORD-113221,P002,East,4.0,2026-04-05,COMPLETED
ORD-113222,P009,North,2.0,2026-05-03,completed
ORD-113223,P009,North,3.0,2026-04-29,completed
ORD-113224,P009,East,2.0,2026-05-21,COMPLETED
ORD-113225,P010,North,1.0,2026-03-09,cancelled
ORD-113226,P010,North,5.0,2026-05-19,completed
ORD-113227,P004,West,4.0,2026-03-29,Completed
ORD-113228,P003,East,2.0,2026-03-11,cancelled
ORD-113229,P006,West,4.0,2026-04-04,cancelled
ORD-113230,P003,East,1.0,2026-02-28,cancelled
ORD-113231,P003,East,5.0,2026-04-29,COMPLETED
ORD-113232,P008,South,3.0,2026-06-02,pending
ORD-113233,P010,East,4.0,2026-03-09,Completed
ORD-113234,P006,West,5.0,2026-02-27,COMPLETED
ORD-113235,P005,North,4.0,2026-05-08,COMPLETED
ORD-113236,P001,North,4.0,2026-06-05,completed
ORD-113237,P003,West,1.0,2026-06-12,completed
ORD-113238,P008,North,,2026-01-17,COMPLETED
ORD-113239,P009,South,2.0,2026-01-14,COMPLETED
ORD-113240,P009,North,5.0,2026-04-12,pending
ORD-113241,P002,East,5.0,2026-03-14,COMPLETED
ORD-113242,P007,East,1.0,2026-06-25,Completed
ORD-113243,P005,South,1.0,2026-02-14,cancelled
ORD-113244,P010,South,2.0,2026-01-22,completed
ORD-113245,P008,East,1.0,2026-02-10,pending
ORD-113246,P007,West,2.0,2026-04-21,Completed
ORD-113247,P010,West,4.0,2026-04-15,cancelled
ORD-113248,P006,East,5.0,2026-05-30,cancelled
ORD-113249,P004,West,5.0,2026-04-26,COMPLETED
ORD-113250,P006,West,1.0,2026-05-31,pending
ORD-113251,P010,South,5.0,2026-05-04,completed
ORD-113252,P009,North,2.0,2026-04-24,Completed
ORD-113253,P008,West,4.0,2026-06-11,Completed
ORD-113254,P007,South,4.0,2026-04-24,pending
ORD-113255,P002,West,5.0,2026-03-01,Completed
ORD-113256,P007,North,4.0,2026-03-20,Completed
ORD-113257,P001,South,5.0,2026-06-28,Completed
ORD-113258,P001,East,5.0,2026-05-04,COMPLETED
ORD-113259,P010,South,3.0,2026-04-15,completed
ORD-113260,P004,East,1.0,2026-02-06,Completed
ORD-113261,P004,North,1.0,2026-06-23,COMPLETED
ORD-113262,P003,East,3.0,2026-01-21,COMPLETED
ORD-113263,P006,North,3.0,2026-06-25,Completed
ORD-113264,P009,East,5.0,2026-02-07,cancelled
ORD-113265,P010,South,3.0,2026-05-31,completed
ORD-113266,P001,East,1.0,2026-02-19,COMPLETED
ORD-113267,P010,South,5.0,2026-03-19,Completed
ORD-113268,P005,East,2.0,2026-05-29,COMPLETED
ORD-113269,P003,North,4.0,2026-04-24,cancelled
ORD-113270,P002,West,2.0,2026-03-12,Completed
ORD-113271,P007,North,1.0,2026-06-06,Completed
ORD-113272,P003,South,3.0,2026-03-21,completed
ORD-113273,P008,West,2.0,2026-06-17,completed
ORD-113274,P002,North,2.0,2026-04-28,COMPLETED
ORD-113275,P006,West,,2026-06-09,completed
ORD-113276,P002,West,4.0,2026-02-10,Completed
ORD-113277,P001,East,2.0,2026-05-25,cancelled
ORD-113278,P001,East,1.0,2026-06-14,COMPLETED
ORD-113279,P003,North,5.0,2026-01-30,pending
ORD-113280,P008,West,4.0,2026-02-01,Completed
ORD-113281,P006,West,1.0,2026-06-17,COMPLETED
ORD-113282,P007,West,4.0,2026-03-03,COMPLETED
ORD-113283,P007,East,3.0,2026-06-12,COMPLETED
ORD-113284,P007,West,,2026-05-28,cancelled
ORD-113285,P003,East,4.0,2026-05-13,COMPLETED
ORD-113286,P010,North,4.0,2026-02-13,completed
ORD-113287,P002,South,4.0,2026-06-27,Completed
ORD-113288,P006,South,2.0,2026-03-15,Completed
ORD-113289,P002,South,4.0,2026-01-24,completed
ORD-113290,P007,East,5.0,2026-03-15,Completed
ORD-113291,P010,North,5.0,2026-06-17,cancelled
ORD-113292,P010,North,2.0,2026-01-23,Completed
ORD-113293,P008,North,5.0,2026-05-31,COMPLETED
ORD-113294,P001,West,1.0,2026-02-11,cancelled
ORD-113295,P005,North,1.0,2026-03-14,COMPLETED
ORD-113296,P008,West,1.0,2026-04-23,COMPLETED
ORD-113297,P001,South,1.0,2026-04-09,COMPLETED
ORD-113298,P005,West,4.0,2026-02-09,COMPLETED
ORD-113299,P001,East,3.0,2026-05-23,COMPLETED
ORD-113300,P005,North,5.0,2026-03-16,pending
ORD-113301,P003,South,3.0,2026-03-22,COMPLETED
ORD-113302,P003,South,2.0,2026-04-11,pending
ORD-113303,P001,North,5.0,2026-04-09,pending
ORD-113304,P009,North,2.0,2026-05-25,pending
ORD-113305,P002,North,1.0,2026-01-14,completed
ORD-113306,P006,East,,2026-06-02,cancelled
ORD-113307,P002,North,5.0,2026-03-07,cancelled
ORD-113308,P009,North,4.0,2026-04-30,pending
ORD-113309,P001,South,2.0,2026-05-04,pending
ORD-113310,P003,North,1.0,2026-01-28,completed
ORD-113311,P010,North,5.0,2026-01-28,pending
ORD-113312,P003,West,1.0,2026-01-30,pending
ORD-113313,P009,East,2.0,2026-06-04,pending
ORD-113314,P009,South,3.0,2026-06-14,cancelled
ORD-113315,P010,West,1.0,2026-01-03,pending
ORD-113316,P007,South,5.0,2026-01-10,Completed
ORD-113317,P003,South,2.0,2026-06-24,Completed
ORD-113318,P004,South,3.0,2026-04-06,cancelled
ORD-113319,P003,North,2.0,2026-04-30,COMPLETED
ORD-113320,P001,North,5.0,2026-06-16,cancelled
ORD-113321,P003,West,3.0,2026-01-12,cancelled
ORD-113322,P008,West,4.0,2026-04-14,pending
ORD-113323,P009,North,1.0,2026-05-01,pending
ORD-113324,P005,South,2.0,2026-05-09,completed
ORD-113325,P001,West,5.0,2026-04-11,COMPLETED
ORD-113326,P007,West,3.0,2026-05-11,pending
ORD-113327,P010,West,1.0,2026-03-04,cancelled
ORD-113328,P002,West,1.0,2026-05-26,completed
ORD-113329,P004,North,3.0,2026-05-15,completed
ORD-113330,P005,North,2.0,2026-02-22,completed
ORD-113331,P006,North,5.0,2026-01-02,Completed
ORD-113332,P006,South,5.0,2026-06-21,COMPLETED
ORD-113333,P009,South,4.0,2026-03-17,completed
ORD-113334,P005,West,3.0,2026-01-17,Completed
ORD-113335,P008,North,5.0,2026-04-10,Completed
ORD-113336,P003,West,5.0,2026-04-02,completed
ORD-113337,P007,East,2.0,2026-06-02,COMPLETED
ORD-113338,P003,West,5.0,2026-03-08,Completed
ORD-113339,P007,East,2.0,2026-01-14,COMPLETED
ORD-113340,P010,North,1.0,2026-05-29,completed
ORD-113341,P010,East,5.0,2026-03-03,pending
ORD-113342,P009,East,2.0,2026-01-21,COMPLETED
ORD-113343,P005,West,2.0,2026-04-03,COMPLETED
ORD-113344,P003,East,2.0,2026-03-22,Completed
ORD-113345,P009,East,2.0,2026-04-14,pending
ORD-113346,P003,North,5.0,2026-01-27,cancelled
ORD-113347,P009,South,1.0,2026-03-30,completed
ORD-113348,P008,East,1.0,2026-02-27,Completed
ORD-113349,P003,East,4.0,2026-06-13,completed
ORD-113350,P005,North,5.0,2026-03-15,Completed
ORD-113351,P003,South,1.0,2026-03-13,Completed
ORD-113352,P006,East,5.0,2026-06-07,COMPLETED
ORD-113353,P006,South,2.0,2026-04-24,pending
ORD-113354,P008,South,4.0,2026-03-10,completed
ORD-113355,P009,East,4.0,2026-04-02,Completed
ORD-113356,P006,North,2.0,2026-05-31,COMPLETED
ORD-113357,P004,East,3.0,2026-05-27,cancelled
ORD-113358,P010,West,1.0,2026-02-01,cancelled
ORD-113359,P001,West,5.0,2026-03-05,pending
ORD-113360,P009,South,4.0,2026-06-03,Completed
ORD-113361,P001,East,2.0,2026-01-25,cancelled
ORD-113362,P008,West,5.0,2026-02-21,completed
ORD-113363,P002,East,4.0,2026-05-17,pending
ORD-113364,P010,East,1.0,2026-01-05,pending
ORD-113365,P005,North,1.0,2026-03-16,Completed
ORD-113366,P006,West,3.0,2026-03-24,cancelled
ORD-113367,P004,South,,2026-01-29,Completed
ORD-113368,P001,West,2.0,2026-03-01,COMPLETED
ORD-113369,P005,East,2.0,2026-01-11,COMPLETED
ORD-113370,P001,West,4.0,2026-01-25,pending
ORD-113371,P006,North,4.0,2026-06-20,completed
ORD-113372,P010,South,5.0,2026-02-28,pending
ORD-113373,P007,East,2.0,2026-04-01,completed
ORD-113374,P005,East,1.0,2026-04-13,pending
ORD-113375,P004,South,1.0,2026-02-14,cancelled
ORD-113376,P002,South,1.0,2026-04-01,completed
ORD-113377,P010,West,5.0,2026-01-21,cancelled
ORD-113378,P010,North,3.0,2026-03-22,cancelled
ORD-113379,P001,West,3.0,2026-01-03,completed
ORD-113380,P002,West,1.0,2026-04-26,cancelled
ORD-113381,P005,North,2.0,2026-05-20,Completed
ORD-113382,P010,West,3.0,2026-02-26,COMPLETED
ORD-113383,P008,West,1.0,2026-01-05,cancelled
ORD-113384,P007,East,4.0,2026-01-14,COMPLETED
ORD-113385,P003,South,5.0,2026-05-01,Completed
ORD-113386,P002,South,3.0,2026-01-25,pending
ORD-113387,P009,South,1.0,2026-02-10,pending
ORD-113388,P010,West,1.0,2026-05-18,cancelled
ORD-113389,P003,East,3.0,2026-06-24,COMPLETED
ORD-113390,P002,West,4.0,2026-04-12,completed
ORD-113391,P004,North,3.0,2026-03-08,pending
ORD-113392,P008,East,3.0,2026-05-14,completed
ORD-113393,P003,West,2.0,2026-06-10,pending
ORD-113394,P004,North,1.0,2026-06-05,cancelled
ORD-113395,P006,East,5.0,2026-03-13,completed
ORD-113396,P007,North,3.0,2026-02-04,Completed
ORD-113397,P008,East,4.0,2026-06-07,completed
ORD-113398,P008,East,5.0,2026-02-10,Completed
ORD-113399,P004,South,1.0,2026-06-12,Completed
ORD-113400,P001,South,1.0,2026-04-17,COMPLETED
ORD-113401,P004,East,2.0,2026-05-11,pending
ORD-113402,P002,East,5.0,2026-02-22,COMPLETED
ORD-113403,P008,South,2.0,2026-03-23,Completed
ORD-113404,P007,North,2.0,2026-04-07,pending
ORD-113405,P003,North,2.0,2026-01-29,completed
ORD-113406,P006,South,3.0,2026-01-12,completed
ORD-113407,P004,West,5.0,2026-01-13,COMPLETED
ORD-113408,P003,West,5.0,2026-06-20,cancelled
ORD-113409,P008,West,,2026-01-05,COMPLETED
ORD-113410,P006,South,3.0,2026-04-07,COMPLETED
ORD-113411,P003,East,1.0,2026-05-05,cancelled
ORD-113412,P010,East,3.0,2026-01-27,pending
ORD-113413,P005,North,3.0,2026-01-30,pending
ORD-113414,P001,East,4.0,2026-04-22,pending
ORD-113415,P003,South,5.0,2026-06-05,pending
ORD-113416,P009,West,1.0,2026-04-10,pending
ORD-113417,P008,North,5.0,2026-01-15,pending
ORD-113418,P010,North,5.0,2026-01-04,completed
ORD-113419,P003,South,3.0,2026-01-09,cancelled
ORD-113420,P008,East,4.0,2026-04-29,Completed
ORD-113421,P006,South,3.0,2026-06-08,COMPLETED
ORD-113422,P006,West,3.0,2026-01-08,COMPLETED
ORD-113423,P008,North,3.0,2026-05-16,pending
ORD-113424,P004,West,3.0,2026-06-09,completed
ORD-113425,P005,East,5.0,2026-02-04,completed
ORD-113426,P008,South,2.0,2026-03-17,completed
ORD-113427,P004,South,1.0,2026-05-01,completed
ORD-113428,P002,East,2.0,2026-03-19,Completed
ORD-113429,P004,North,2.0,2026-02-03,completed
ORD-113430,P005,West,5.0,2026-01-26,COMPLETED
ORD-113431,P004,East,4.0,2026-05-11,completed
ORD-113432,P009,West,5.0,2026-03-19,completed
ORD-113433,P004,North,5.0,2026-03-26,completed
ORD-113434,P004,South,2.0,2026-02-25,pending
ORD-113435,P004,North,3.0,2026-04-08,cancelled
ORD-113436,P003,West,1.0,2026-01-14,COMPLETED
ORD-113437,P007,West,2.0,2026-05-06,pending
ORD-113438,P007,South,1.0,2026-04-02,completed
ORD-113439,P007,North,2.0,2026-01-20,pending
ORD-113440,P008,East,2.0,2026-05-29,COMPLETED
ORD-113441,P001,East,3.0,2026-04-01,COMPLETED
ORD-113442,P002,West,2.0,2026-03-27,Completed
ORD-113443,P003,North,5.0,2026-06-05,completed
ORD-113444,P003,North,1.0,2026-05-10,pending
ORD-113445,P002,West,1.0,2026-04-30,pending
ORD-113446,P009,West,1.0,2026-02-17,cancelled
ORD-113447,P010,West,3.0,2026-03-28,pending
ORD-113448,P008,West,1.0,2026-04-12,cancelled
ORD-113449,P008,East,3.0,2026-03-14,cancelled
ORD-113450,P006,East,4.0,2026-04-26,COMPLETED
ORD-113451,P010,South,5.0,2026-05-16,completed
ORD-113452,P004,North,1.0,2026-02-07,completed
ORD-113453,P003,East,3.0,2026-06-07,COMPLETED
ORD-113454,P006,South,4.0,2026-04-25,COMPLETED
ORD-113455,P001,North,3.0,2026-04-25,pending
ORD-113456,P002,North,4.0,2026-02-20,COMPLETED
ORD-113457,P003,East,3.0,2026-05-08,COMPLETED
ORD-113458,P007,East,2.0,2026-03-06,completed
ORD-113459,P003,North,2.0,2026-05-28,cancelled
ORD-113460,P006,South,3.0,2026-01-26,cancelled
ORD-113461,P003,South,2.0,2026-05-27,Completed
ORD-113462,P008,North,1.0,2026-01-09,completed
ORD-113463,P004,North,2.0,2026-06-24,Completed
ORD-113464,P003,West,5.0,2026-04-23,COMPLETED
ORD-113465,P003,North,5.0,2026-03-30,cancelled
ORD-113466,P005,South,5.0,2026-02-16,COMPLETED
ORD-113467,P009,North,2.0,2026-02-25,Completed
ORD-113468,P010,East,2.0,2026-05-04,COMPLETED
ORD-113469,P001,West,5.0,2026-06-09,completed
ORD-113470,P005,East,4.0,2026-05-17,Completed
ORD-113471,P008,East,1.0,2026-06-17,pending
ORD-113472,P008,North,5.0,2026-02-18,COMPLETED
ORD-113473,P003,West,2.0,2026-06-01,pending
ORD-113474,P005,West,1.0,2026-06-17,pending
ORD-113475,P003,North,3.0,2026-04-14,pending
ORD-113476,P007,South,3.0,2026-06-03,Completed
ORD-113477,P010,North,1.0,2026-01-13,cancelled
ORD-113478,P002,South,1.0,2026-01-11,completed
ORD-113479,P002,North,3.0,2026-05-06,cancelled
ORD-113480,P009,West,3.0,2026-06-17,pending
ORD-113481,P001,South,4.0,2026-04-06,completed
ORD-113482,P003,West,5.0,2026-01-12,cancelled
ORD-113483,P001,North,2.0,2026-06-10,completed
ORD-113484,P007,East,1.0,2026-02-03,completed
ORD-113485,P008,North,4.0,2026-05-03,cancelled
ORD-113486,P008,North,4.0,2026-03-07,completed
ORD-113487,P007,East,5.0,2026-03-10,pending
ORD-113488,P005,East,2.0,2026-06-11,COMPLETED
ORD-113489,P006,East,5.0,2026-01-15,pending
ORD-113490,P007,East,4.0,2026-03-16,pending
ORD-113491,P005,North,3.0,2026-03-22,Completed
ORD-113492,P008,West,4.0,2026-04-17,Completed
ORD-113493,P002,East,3.0,2026-03-29,completed
ORD-113494,P008,South,1.0,2026-05-19,completed
ORD-113495,P003,North,5.0,2026-04-08,COMPLETED
ORD-113496,P001,South,5.0,2026-04-11,COMPLETED
ORD-113497,P007,West,1.0,2026-06-26,completed
ORD-113498,P005,West,5.0,2026-04-05,Completed
ORD-113499,P007,South,3.0,2026-06-28,Completed
ORD-113500,P004,South,5.0,2026-04-03,cancelled
ORD-113501,P001,East,1.0,2026-01-05,Completed
ORD-113502,P007,West,2.0,2026-02-16,COMPLETED
ORD-113503,P009,North,1.0,2026-04-14,completed
ORD-113504,P005,East,5.0,2026-01-03,cancelled
ORD-113505,P005,West,3.0,2026-02-09,cancelled
ORD-113506,P002,North,4.0,2026-02-13,Completed
ORD-113507,P008,West,2.0,2026-04-06,Completed
ORD-113508,P001,West,5.0,2026-01-07,Completed
ORD-113509,P007,East,5.0,2026-05-22,cancelled
ORD-113510,P005,North,2.0,2026-05-19,Completed
ORD-113511,P006,South,5.0,2026-02-10,COMPLETED
ORD-113512,P006,West,5.0,2026-06-02,Completed
ORD-113513,P009,West,3.0,2026-03-20,pending
ORD-113514,P002,North,3.0,2026-04-11,cancelled
ORD-113515,P002,West,1.0,2026-02-19,COMPLETED
ORD-113516,P008,East,1.0,2026-06-15,completed
ORD-113517,P005,East,3.0,2026-02-17,pending
ORD-113518,P005,East,5.0,2026-04-11,pending
ORD-113519,P004,South,3.0,2026-02-21,cancelled
ORD-113520,P002,West,3.0,2026-04-25,Completed
ORD-113521,P009,East,,2026-03-11,COMPLETED
ORD-113522,P008,South,4.0,2026-04-29,Completed
ORD-113523,P009,South,4.0,2026-01-07,completed
ORD-113524,P005,North,3.0,2026-01-01,cancelled
ORD-113525,P005,West,1.0,2026-01-14,cancelled
ORD-113526,P004,North,5.0,2026-04-21,COMPLETED
ORD-113527,P008,South,3.0,2026-03-29,Completed
ORD-113528,P002,East,1.0,2026-04-10,completed
ORD-113529,P002,North,5.0,2026-05-13,COMPLETED
ORD-113530,P005,East,1.0,2026-06-11,Completed
ORD-113531,P002,East,3.0,2026-06-27,cancelled
ORD-113532,P004,South,4.0,2026-02-18,pending
ORD-113533,P009,South,4.0,2026-03-06,pending
ORD-113534,P001,West,4.0,2026-01-26,pending
ORD-113535,P001,East,2.0,2026-06-26,cancelled
ORD-113536,P001,North,2.0,2026-06-25,cancelled
ORD-113537,P004,West,1.0,2026-06-04,COMPLETED
ORD-113538,P004,East,5.0,2026-04-15,cancelled
ORD-113539,P010,East,3.0,2026-01-15,Completed
ORD-113540,P002,North,2.0,2026-05-31,cancelled
ORD-113541,P008,South,5.0,2026-02-01,COMPLETED
ORD-113542,P001,West,1.0,2026-03-17,pending
ORD-113543,P004,West,3.0,2026-01-07,cancelled
ORD-113544,P001,West,3.0,2026-01-04,completed
ORD-113545,P008,East,3.0,2026-04-22,COMPLETED
ORD-113546,P010,South,3.0,2026-06-26,pending
ORD-113547,P004,East,5.0,2026-03-05,cancelled
ORD-113548,P010,East,1.0,2026-03-23,completed
ORD-113549,P003,North,4.0,2026-02-15,cancelled
ORD-113550,P005,East,4.0,2026-04-10,COMPLETED
ORD-113551,P010,West,4.0,2026-03-28,COMPLETED
ORD-113552,P003,South,1.0,2026-02-25,Completed
ORD-113553,P009,South,2.0,2026-06-26,cancelled
ORD-113554,P001,West,4.0,2026-03-03,pending
ORD-113555,P007,East,2.0,2026-05-12,pending
ORD-113556,P002,North,3.0,2026-04-08,cancelled
ORD-113557,P009,South,4.0,2026-06-05,cancelled
ORD-113558,P007,West,5.0,2026-01-23,pending
ORD-113559,P005,North,4.0,2026-05-15,Completed
ORD-113560,P003,North,3.0,2026-03-28,cancelled
ORD-113561,P005,North,2.0,2026-05-13,Completed
ORD-113562,P005,North,2.0,2026-04-21,pending
ORD-113563,P009,North,3.0,2026-01-28,COMPLETED
ORD-113564,P003,West,,2026-01-09,pending
ORD-113565,P004,West,4.0,2026-06-06,pending
ORD-113566,P010,South,1.0,2026-03-08,cancelled
ORD-113567,P002,West,2.0,2026-05-05,pending
ORD-113568,P003,West,1.0,2026-01-09,Completed
ORD-113569,P005,West,4.0,2026-05-24,pending
ORD-113570,P007,North,,2026-06-30,Completed
ORD-113571,P001,South,1.0,2026-02-05,cancelled
ORD-113572,P004,South,3.0,2026-06-23,pending
ORD-113573,P006,East,1.0,2026-06-28,Completed
ORD-113574,P005,West,1.0,2026-06-12,completed
ORD-113575,P010,North,2.0,2026-03-15,cancelled
ORD-113576,P009,East,5.0,2026-01-26,COMPLETED
ORD-113577,P009,South,1.0,2026-04-30,cancelled
ORD-113578,P004,North,1.0,2026-03-09,Completed
ORD-113579,P001,East,2.0,2026-01-12,pending
ORD-113580,P006,South,5.0,2026-02-22,completed
ORD-113581,P009,South,1.0,2026-02-13,cancelled
ORD-113582,P008,West,5.0,2026-01-31,pending
ORD-113583,P007,North,3.0,2026-06-28,COMPLETED
ORD-113584,P009,East,2.0,2026-01-24,Completed
ORD-113585,P004,South,3.0,2026-03-30,cancelled
ORD-113586,P001,South,2.0,2026-02-06,COMPLETED
ORD-113587,P008,West,5.0,2026-03-20,cancelled
ORD-113588,P010,West,3.0,2026-02-03,COMPLETED
ORD-113589,P002,West,3.0,2026-02-28,pending
ORD-113590,P008,West,5.0,2026-06-03,completed
ORD-113591,P009,East,5.0,2026-05-07,cancelled
ORD-113592,P008,South,2.0,2026-06-08,cancelled
ORD-113593,P010,East,5.0,2026-02-26,pending
ORD-113594,P006,South,,2026-05-06,completed
ORD-113595,P004,South,3.0,2026-03-23,pending
ORD-113596,P002,East,5.0,2026-01-31,completed
ORD-113597,P004,South,2.0,2026-05-17,pending
ORD-113598,P007,East,2.0,2026-02-20,COMPLETED
ORD-113599,P003,South,1.0,2026-03-13,completed
ORD-113600,P005,West,5.0,2026-01-26,COMPLETED
ORD-113601,P002,South,1.0,2026-01-02,cancelled
ORD-113602,P005,East,,2026-01-11,pending
ORD-113603,P008,West,1.0,2026-06-18,pending
ORD-113604,P009,West,3.0,2026-01-06,Completed
ORD-113605,P009,North,5.0,2026-05-31,Completed
ORD-113606,P002,North,4.0,2026-06-05,Completed
ORD-113607,P005,North,1.0,2026-03-15,completed
ORD-113608,P007,East,1.0,2026-04-18,COMPLETED
ORD-113609,P001,East,3.0,2026-06-04,cancelled
ORD-113610,P009,North,3.0,2026-01-23,Completed
ORD-113611,P002,South,5.0,2026-03-28,Completed
ORD-113612,P002,South,5.0,2026-03-08,Completed
ORD-113613,P003,East,4.0,2026-02-23,Completed
ORD-113614,P005,South,4.0,2026-05-03,Completed
ORD-113615,P005,North,2.0,2026-04-24,pending
ORD-113616,P002,East,2.0,2026-04-18,cancelled
ORD-113617,P008,North,2.0,2026-02-20,COMPLETED
ORD-113618,P001,West,1.0,2026-03-01,completed
ORD-113619,P003,East,3.0,2026-06-20,completed
ORD-113620,P007,West,4.0,2026-03-10,cancelled
ORD-113621,P006,West,4.0,2026-01-17,COMPLETED
ORD-113622,P004,North,2.0,2026-02-10,cancelled
ORD-113623,P006,West,1.0,2026-03-27,COMPLETED
ORD-113624,P010,North,3.0,2026-02-20,pending
ORD-113625,P001,South,1.0,2026-02-25,Completed
ORD-113626,P001,South,5.0,2026-05-30,Completed
ORD-113627,P005,West,3.0,2026-02-21,COMPLETED
ORD-113628,P007,South,,2026-04-19,completed
ORD-113629,P007,East,3.0,2026-04-20,pending
ORD-113630,P005,West,3.0,2026-01-05,COMPLETED
ORD-113631,P007,North,1.0,2026-04-05,cancelled
ORD-113632,P010,South,1.0,2026-02-08,Completed
ORD-113633,P009,South,3.0,2026-05-09,pending
ORD-113634,P003,East,3.0,2026-05-18,COMPLETED
ORD-113635,P001,East,2.0,2026-05-02,pending
ORD-113636,P009,North,4.0,2026-02-06,pending
ORD-113637,P005,North,1.0,2026-03-10,completed
ORD-113638,P001,West,5.0,2026-03-26,cancelled
ORD-113639,P008,North,4.0,2026-06-02,COMPLETED
ORD-113640,P010,East,2.0,2026-04-07,completed
ORD-113641,P007,West,5.0,2026-05-30,pending
ORD-113642,P003,West,5.0,2026-06-27,cancelled
ORD-113643,P010,East,3.0,2026-03-01,pending
ORD-113644,P007,East,2.0,2026-02-18,Completed
ORD-113645,P002,South,4.0,2026-03-22,completed
ORD-113646,P006,West,5.0,2026-06-26,completed
ORD-113647,P006,East,1.0,2026-04-28,completed
ORD-113648,P002,East,3.0,2026-04-05,completed
ORD-113649,P003,East,4.0,2026-03-08,pending
ORD-113650,P009,North,2.0,2026-03-10,completed
ORD-113651,P004,West,1.0,2026-02-13,cancelled
ORD-113652,P009,West,4.0,2026-05-28,pending
ORD-113653,P004,South,1.0,2026-02-08,pending
ORD-113654,P002,East,2.0,2026-04-05,Completed
ORD-113655,P003,South,4.0,2026-02-17,completed
ORD-113656,P002,East,4.0,2026-04-27,pending
ORD-113657,P009,South,5.0,2026-05-14,pending
ORD-113658,P002,East,3.0,2026-02-04,pending
ORD-113659,P004,North,1.0,2026-06-17,pending
ORD-113660,P005,West,4.0,2026-03-26,Completed
ORD-113661,P008,East,1.0,2026-05-11,Completed
ORD-113662,P004,East,4.0,2026-06-19,cancelled
ORD-113663,P002,West,2.0,2026-03-10,pending
ORD-113664,P001,South,4.0,2026-06-09,completed
ORD-113665,P002,South,4.0,2026-05-14,COMPLETED
ORD-113666,P001,North,3.0,2026-02-19,cancelled
ORD-113667,P005,East,5.0,2026-03-03,completed
ORD-113668,P006,West,3.0,2026-06-11,completed
ORD-113669,P006,South,4.0,2026-01-16,COMPLETED
ORD-113670,P006,South,3.0,2026-06-05,completed
ORD-113671,P006,West,2.0,2026-01-22,pending
ORD-113672,P007,North,3.0,2026-01-23,completed
ORD-113673,P004,South,3.0,2026-01-16,Completed
ORD-113674,P006,East,3.0,2026-03-24,Completed
ORD-113675,P010,South,,2026-04-25,COMPLETED
ORD-113676,P007,North,3.0,2026-01-05,Completed
ORD-113677,P001,South,3.0,2026-06-05,pending
ORD-113678,P008,West,1.0,2026-03-05,cancelled
ORD-113679,P002,West,1.0,2026-01-11,completed
ORD-113680,P002,South,1.0,2026-06-30,Completed
ORD-113681,P003,South,2.0,2026-02-11,Completed
ORD-113682,P006,South,4.0,2026-03-20,COMPLETED
ORD-113683,P006,West,3.0,2026-02-23,cancelled
ORD-113684,P001,West,3.0,2026-02-05,completed
ORD-113685,P003,West,5.0,2026-01-21,Completed
ORD-113686,P005,West,2.0,2026-03-22,Completed
ORD-113687,P010,West,5.0,2026-06-12,COMPLETED
ORD-113688,P004,West,1.0,2026-05-27,pending
ORD-113689,P010,North,5.0,2026-04-08,Completed
ORD-113690,P010,North,1.0,2026-01-21,COMPLETED
ORD-113691,P001,North,1.0,2026-04-28,pending
ORD-113692,P002,East,3.0,2026-04-16,pending
ORD-113693,P009,North,2.0,2026-04-03,Completed
ORD-113694,P001,South,3.0,2026-06-07,Completed
ORD-113695,P005,East,3.0,2026-02-08,completed
ORD-113696,P002,South,5.0,2026-03-23,completed
ORD-113697,P001,East,4.0,2026-04-17,completed
ORD-113698,P006,West,5.0,2026-04-25,Completed
ORD-113699,P003,West,4.0,2026-03-10,COMPLETED
ORD-113700,P010,West,5.0,2026-02-13,pending
ORD-113701,P010,West,1.0,2026-05-28,Completed
ORD-113702,P007,South,1.0,2026-04-07,COMPLETED
ORD-113703,P005,West,2.0,2026-04-25,COMPLETED
ORD-113704,P010,East,5.0,2026-03-11,Completed
ORD-113705,P009,South,3.0,2026-01-24,completed
ORD-113706,P003,West,5.0,2026-04-07,completed
ORD-113707,P008,South,2.0,2026-06-15,pending
ORD-113708,P008,North,5.0,2026-02-17,completed
ORD-113709,P009,West,,2026-04-11,Completed
ORD-113710,P010,South,3.0,2026-04-13,completed
ORD-113711,P002,East,3.0,2026-02-16,completed
ORD-113712,P004,North,4.0,2026-03-21,completed
ORD-113713,P010,North,4.0,2026-05-05,cancelled
ORD-113714,P008,South,3.0,2026-06-09,completed
ORD-113715,P005,North,2.0,2026-04-30,completed
ORD-113716,P009,West,4.0,2026-04-19,pending
ORD-113717,P007,East,3.0,2026-02-18,Completed
ORD-113718,P001,North,2.0,2026-06-29,cancelled
ORD-113719,P010,North,3.0,2026-03-19,COMPLETED
ORD-113720,P004,West,1.0,2026-02-01,COMPLETED
ORD-113721,P001,South,1.0,2026-06-08,cancelled
ORD-113722,P003,South,2.0,2026-04-06,COMPLETED
ORD-113723,P001,East,4.0,2026-06-30,COMPLETED
ORD-113724,P010,South,1.0,2026-02-20,cancelled
ORD-113725,P003,South,2.0,2026-03-04,pending
ORD-113726,P008,East,1.0,2026-03-12,Completed
ORD-113727,P010,South,2.0,2026-01-29,cancelled
ORD-113728,P007,South,2.0,2026-01-06,completed
ORD-113729,P010,West,5.0,2026-01-27,completed
ORD-113730,P007,South,5.0,2026-03-08,COMPLETED
ORD-113731,P006,South,5.0,2026-01-17,cancelled
ORD-113732,P007,South,5.0,2026-06-29,completed
ORD-113733,P006,South,1.0,2026-05-11,pending
ORD-113734,P008,North,3.0,2026-04-11,cancelled
ORD-113735,P004,North,2.0,2026-03-22,completed
ORD-113736,P009,East,2.0,2026-05-18,cancelled
ORD-113737,P008,South,5.0,2026-04-03,COMPLETED
ORD-113738,P001,East,2.0,2026-05-26,Completed
ORD-113739,P003,East,2.0,2026-06-15,Completed
ORD-113740,P006,West,5.0,2026-01-05,COMPLETED
ORD-113741,P005,South,5.0,2026-03-04,completed
ORD-113742,P003,East,1.0,2026-03-24,Completed
ORD-113743,P008,North,4.0,2026-05-20,cancelled
ORD-113744,P005,East,4.0,2026-03-21,cancelled
ORD-113745,P009,West,2.0,2026-06-26,cancelled
ORD-113746,P009,East,4.0,2026-04-02,completed
ORD-113747,P002,South,4.0,2026-01-27,Completed
ORD-113748,P008,East,3.0,2026-01-04,cancelled
ORD-113749,P006,East,1.0,2026-01-27,COMPLETED
ORD-113750,P003,West,3.0,2026-02-26,COMPLETED
ORD-113751,P001,East,5.0,2026-06-05,Completed
ORD-113752,P003,North,1.0,2026-04-01,completed
ORD-113753,P001,North,3.0,2026-01-28,completed
ORD-113754,P005,South,1.0,2026-03-20,cancelled
ORD-113755,P005,North,5.0,2026-03-23,completed
ORD-113756,P001,West,3.0,2026-06-12,COMPLETED
ORD-113757,P002,West,4.0,2026-05-29,Completed
ORD-113758,P005,East,3.0,2026-03-11,pending
ORD-113759,P003,West,2.0,2026-03-16,COMPLETED
ORD-113760,P009,East,2.0,2026-03-06,Completed
ORD-113761,P001,North,1.0,2026-04-05,cancelled
ORD-113762,P001,South,3.0,2026-01-06,pending
ORD-113763,P007,West,4.0,2026-05-02,completed
ORD-113764,P010,North,4.0,2026-02-15,cancelled
ORD-113765,P004,West,3.0,2026-04-23,cancelled
ORD-113766,P010,South,5.0,2026-03-18,Completed
ORD-113767,P007,West,1.0,2026-04-08,cancelled
ORD-113768,P003,South,2.0,2026-04-02,pending
ORD-113769,P004,West,5.0,2026-05-24,completed
ORD-113770,P009,South,4.0,2026-05-02,COMPLETED
ORD-113771,P010,West,4.0,2026-03-05,COMPLETED
ORD-113772,P002,North,3.0,2026-02-25,pending
ORD-113773,P007,North,2.0,2026-02-06,pending
ORD-113774,P010,West,5.0,2026-03-06,COMPLETED
ORD-113775,P005,North,3.0,2026-06-12,COMPLETED
ORD-113776,P004,South,1.0,2026-06-07,Completed
ORD-113777,P004,East,2.0,2026-04-15,pending
ORD-113778,P006,West,4.0,2026-01-13,Completed
ORD-113779,P001,East,1.0,2026-04-12,COMPLETED
ORD-113780,P006,South,1.0,2026-01-05,completed
ORD-113781,P007,East,1.0,2026-01-01,COMPLETED
ORD-113782,P008,West,2.0,2026-05-11,Completed
ORD-113783,P008,West,3.0,2026-02-15,cancelled
ORD-113784,P007,East,2.0,2026-05-13,pending
ORD-113785,P007,South,5.0,2026-03-30,pending
ORD-113786,P010,East,1.0,2026-01-16,cancelled
ORD-113787,P008,North,4.0,2026-03-06,cancelled
ORD-113788,P005,East,5.0,2026-06-26,cancelled
ORD-113789,P002,East,4.0,2026-06-26,completed
ORD-113790,P001,North,2.0,2026-05-23,COMPLETED
ORD-113791,P009,East,1.0,2026-02-28,completed
ORD-113792,P001,West,4.0,2026-04-17,cancelled
ORD-113793,P001,East,3.0,2026-03-05,Completed
ORD-113794,P001,West,3.0,2026-01-09,completed
ORD-113795,P006,West,2.0,2026-02-09,completed
ORD-113796,P003,North,1.0,2026-05-18,pending
ORD-113797,P005,North,5.0,2026-03-03,completed
ORD-113798,P009,East,4.0,2026-05-06,COMPLETED
ORD-113799,P002,West,,2026-02-14,Completed
ORD-113800,P007,West,5.0,2026-06-11,cancelled
ORD-113801,P002,East,1.0,2026-05-14,cancelled
ORD-113802,P003,West,1.0,2026-03-17,Completed
ORD-113803,P009,East,4.0,2026-02-06,COMPLETED
ORD-113804,P006,South,,2026-02-08,Completed
ORD-113805,P009,North,2.0,2026-03-15,COMPLETED
ORD-113806,P002,West,4.0,2026-03-30,completed
ORD-113807,P010,East,2.0,2026-03-28,Completed
ORD-113808,P010,East,1.0,2026-01-04,pending
ORD-113809,P006,North,1.0,2026-06-25,Completed
ORD-113810,P009,East,4.0,2026-02-21,Completed
ORD-113811,P006,West,5.0,2026-03-16,COMPLETED
ORD-113812,P009,East,4.0,2026-06-27,cancelled
ORD-113813,P003,West,2.0,2026-01-01,COMPLETED
ORD-113814,P009,West,1.0,2026-04-10,Completed
ORD-113815,P002,West,1.0,2026-06-30,cancelled
ORD-113816,P005,South,3.0,2026-02-21,completed
ORD-113817,P008,South,1.0,2026-02-10,COMPLETED
ORD-113818,P006,East,,2026-05-22,pending
ORD-113819,P003,North,1.0,2026-05-30,completed
ORD-113820,P001,West,5.0,2026-02-13,completed
ORD-113821,P001,North,1.0,2026-06-20,cancelled
ORD-113822,P004,East,5.0,2026-05-26,Completed
ORD-113823,P005,South,4.0,2026-01-01,completed
ORD-113824,P008,West,1.0,2026-06-18,pending
ORD-113825,P008,West,3.0,2026-02-15,COMPLETED
ORD-113826,P001,East,5.0,2026-06-23,Completed
ORD-113827,P001,East,4.0,2026-02-13,pending
ORD-113828,P005,South,4.0,2026-06-10,COMPLETED
ORD-113829,P003,East,5.0,2026-02-08,pending
ORD-113830,P004,East,2.0,2026-01-03,completed
ORD-113831,P005,South,2.0,2026-03-24,Completed
ORD-113832,P003,South,1.0,2026-01-24,completed
ORD-113833,P010,West,5.0,2026-02-25,Completed
ORD-113834,P003,West,2.0,2026-04-12,COMPLETED
ORD-113835,P007,North,3.0,2026-01-26,Completed
ORD-113836,P007,East,3.0,2026-01-26,cancelled
ORD-113837,P003,West,2.0,2026-05-31,Completed
ORD-113838,P006,South,5.0,2026-03-28,COMPLETED
ORD-113839,P005,West,3.0,2026-03-20,pending
ORD-113840,P009,East,3.0,2026-02-21,cancelled
ORD-113841,P002,North,4.0,2026-04-21,cancelled
ORD-113842,P002,West,4.0,2026-01-15,COMPLETED
ORD-113843,P005,West,1.0,2026-01-11,completed
ORD-113844,P003,East,3.0,2026-02-20,completed
ORD-113845,P005,West,3.0,2026-01-09,Completed
ORD-113846,P002,East,3.0,2026-01-06,completed
ORD-113847,P004,North,3.0,2026-04-24,pending
ORD-113848,P008,South,5.0,2026-06-29,completed
ORD-113849,P001,North,5.0,2026-05-20,COMPLETED
ORD-113850,P009,North,2.0,2026-03-24,pending
ORD-113851,P010,South,4.0,2026-06-22,cancelled
ORD-113852,P010,North,2.0,2026-04-20,pending
ORD-113853,P004,West,5.0,2026-03-08,cancelled
ORD-113854,P003,East,1.0,2026-04-15,cancelled
ORD-113855,P002,North,4.0,2026-03-26,completed
ORD-113856,P006,South,1.0,2026-01-04,pending
ORD-113857,P001,West,4.0,2026-06-17,completed
ORD-113858,P002,East,,2026-06-28,cancelled
ORD-113859,P007,North,4.0,2026-04-26,completed
ORD-113860,P001,South,2.0,2026-05-10,cancelled
ORD-113861,P005,West,4.0,2026-06-22,Completed
ORD-113862,P003,East,4.0,2026-06-19,COMPLETED
ORD-113863,P008,South,5.0,2026-04-22,pending
ORD-113864,P004,South,3.0,2026-05-20,pending
ORD-113865,P004,North,3.0,2026-01-04,pending
ORD-113866,P008,West,5.0,2026-01-16,Completed
ORD-113867,P006,East,4.0,2026-05-04,completed
ORD-113868,P005,North,3.0,2026-03-17,Completed
ORD-113869,P009,East,4.0,2026-04-27,cancelled
ORD-113870,P004,North,1.0,2026-06-27,completed
ORD-113871,P008,West,,2026-04-09,Completed
ORD-113872,P008,North,4.0,2026-06-06,completed
ORD-113873,P006,North,5.0,2026-03-12,COMPLETED
ORD-113874,P007,North,,2026-06-04,pending
ORD-113875,P004,North,2.0,2026-03-18,Completed
ORD-113876,P005,East,5.0,2026-06-13,Completed
ORD-113877,P002,West,2.0,2026-06-12,Completed
ORD-113878,P002,East,5.0,2026-04-21,completed
ORD-113879,P002,West,5.0,2026-04-03,completed
ORD-113880,P004,West,5.0,2026-04-10,pending
ORD-113881,P006,West,5.0,2026-03-05,completed
ORD-113882,P007,West,2.0,2026-03-03,COMPLETED
ORD-113883,P009,West,2.0,2026-01-20,pending
ORD-113884,P008,South,3.0,2026-01-27,pending
ORD-113885,P003,North,2.0,2026-03-25,COMPLETED
ORD-113886,P003,North,1.0,2026-01-24,pending
ORD-113887,P003,South,3.0,2026-05-18,COMPLETED
ORD-113888,P005,North,3.0,2026-04-30,COMPLETED
ORD-113889,P004,South,3.0,2026-02-23,pending
ORD-113890,P006,East,3.0,2026-06-17,COMPLETED
ORD-113891,P004,South,4.0,2026-06-06,pending
ORD-113892,P002,East,1.0,2026-01-07,pending
ORD-113893,P010,East,1.0,2026-05-23,pending
ORD-113894,P002,West,2.0,2026-04-14,cancelled
ORD-113895,P010,East,1.0,2026-03-04,cancelled
ORD-113896,P004,East,2.0,2026-05-12,COMPLETED
ORD-113897,P004,West,5.0,2026-04-03,COMPLETED
ORD-113898,P002,East,1.0,2026-03-30,pending
ORD-113899,P005,North,3.0,2026-04-18,COMPLETED
ORD-113900,P007,West,1.0,2026-02-20,completed
ORD-113901,P009,North,1.0,2026-05-05,Completed
ORD-113902,P001,West,1.0,2026-01-02,pending
ORD-113903,P007,South,5.0,2026-01-25,pending
ORD-113904,P003,South,2.0,2026-04-07,cancelled
ORD-113905,P002,North,5.0,2026-05-20,cancelled
ORD-113906,P008,East,2.0,2026-04-15,cancelled
ORD-113907,P009,East,5.0,2026-05-09,completed
ORD-113908,P005,East,2.0,2026-04-28,completed
ORD-113909,P004,East,1.0,2026-02-23,completed
ORD-113910,P003,South,1.0,2026-02-28,completed
ORD-113911,P002,South,5.0,2026-06-30,Completed
ORD-113912,P005,East,2.0,2026-01-28,Completed
ORD-113913,P002,North,3.0,2026-02-12,completed
ORD-113914,P002,North,5.0,2026-01-12,pending
ORD-113915,P006,West,3.0,2026-01-13,pending
ORD-113916,P004,West,3.0,2026-03-29,completed
ORD-113917,P001,North,3.0,2026-05-21,Completed
ORD-113918,P009,North,5.0,2026-04-11,Completed
ORD-113919,P002,East,1.0,2026-05-04,cancelled
ORD-113920,P005,East,3.0,2026-06-03,pending
ORD-113921,P010,West,2.0,2026-03-09,pending
ORD-113922,P002,North,4.0,2026-04-07,pending
ORD-113923,P005,West,5.0,2026-01-22,cancelled
ORD-113924,P001,East,5.0,2026-01-19,COMPLETED
ORD-113925,P001,South,3.0,2026-04-17,COMPLETED
ORD-113926,P002,West,3.0,2026-06-12,Completed
ORD-113927,P001,East,4.0,2026-03-12,COMPLETED
ORD-113928,P010,North,4.0,2026-05-12,Completed
ORD-113929,P003,East,2.0,2026-06-13,Completed
ORD-113930,P006,East,1.0,2026-01-03,Completed
ORD-113931,P008,North,4.0,2026-03-08,pending
ORD-113932,P009,South,1.0,2026-04-05,COMPLETED
ORD-113933,P007,West,,2026-06-20,pending
ORD-113934,P010,South,1.0,2026-05-27,pending
ORD-113935,P008,West,4.0,2026-03-11,Completed
ORD-113936,P009,East,1.0,2026-02-07,Completed
ORD-113937,P009,West,5.0,2026-04-24,cancelled
ORD-113938,P007,North,5.0,2026-05-18,completed
ORD-113939,P001,North,3.0,2026-02-03,completed
ORD-113940,P003,South,3.0,2026-05-17,completed
ORD-113941,P001,South,1.0,2026-06-20,pending
ORD-113942,P006,South,3.0,2026-04-27,Completed
ORD-113943,P003,West,1.0,2026-01-05,cancelled
ORD-113944,P008,West,3.0,2026-03-16,cancelled
ORD-113945,P004,North,4.0,2026-05-02,pending
ORD-113946,P001,West,4.0,2026-06-25,Completed
ORD-113947,P003,East,4.0,2026-06-17,cancelled
ORD-113948,P010,East,3.0,2026-05-02,completed
ORD-113949,P009,South,2.0,2026-04-03,pending
ORD-113950,P007,South,4.0,2026-01-23,completed
ORD-113951,P007,West,2.0,2026-03-28,pending
ORD-113952,P010,West,2.0,2026-04-22,COMPLETED
ORD-113953,P002,West,4.0,2026-06-28,pending
ORD-113954,P001,South,4.0,2026-03-09,pending
ORD-113955,P010,East,5.0,2026-02-11,cancelled
ORD-113956,P008,South,1.0,2026-06-26,pending
ORD-113957,P006,North,4.0,2026-03-15,completed
ORD-113958,P008,South,4.0,2026-04-22,cancelled
ORD-113959,P003,South,4.0,2026-05-17,COMPLETED
ORD-113960,P006,North,3.0,2026-03-28,pending
ORD-113961,P010,South,2.0,2026-05-10,completed
ORD-113962,P010,East,1.0,2026-06-02,pending
ORD-113963,P010,North,3.0,2026-03-02,Completed
ORD-113964,P001,West,3.0,2026-03-25,COMPLETED
ORD-113965,P009,South,5.0,2026-02-23,completed
ORD-113966,P007,North,4.0,2026-05-08,COMPLETED
ORD-113967,P003,North,4.0,2026-04-04,pending
ORD-113968,P008,West,4.0,2026-03-26,completed
ORD-113969,P008,East,2.0,2026-06-17,COMPLETED
ORD-113970,P001,West,5.0,2026-06-07,cancelled
ORD-113971,P002,South,4.0,2026-03-05,COMPLETED
ORD-113972,P010,North,3.0,2026-04-04,COMPLETED
ORD-113973,P002,East,1.0,2026-05-19,cancelled
ORD-113974,P001,North,5.0,2026-02-19,pending
ORD-113975,P005,West,3.0,2026-03-03,pending
ORD-113976,P007,East,3.0,2026-01-22,pending
ORD-113977,P009,South,1.0,2026-05-02,COMPLETED
ORD-113978,P009,South,3.0,2026-04-11,completed
ORD-113979,P004,North,4.0,2026-05-02,completed
ORD-113980,P004,South,1.0,2026-06-18,COMPLETED
ORD-113981,P002,South,1.0,2026-01-29,cancelled
ORD-113982,P001,South,1.0,2026-04-10,cancelled
ORD-113983,P010,West,4.0,2026-04-23,cancelled
ORD-113984,P001,West,2.0,2026-03-29,completed
ORD-113985,P006,North,1.0,2026-01-09,completed
ORD-113986,P002,South,1.0,2026-05-16,cancelled
ORD-113987,P003,North,5.0,2026-01-16,completed
ORD-113988,P007,West,5.0,2026-05-18,completed
ORD-113989,P010,East,2.0,2026-01-14,cancelled
ORD-113990,P007,East,3.0,2026-02-27,COMPLETED
ORD-113991,P001,East,4.0,2026-06-12,pending
ORD-113992,P005,East,2.0,2026-02-07,Completed
ORD-113993,P001,North,5.0,2026-02-12,COMPLETED
ORD-113994,P003,West,3.0,2026-01-07,Completed
ORD-113995,P006,South,4.0,2026-05-26,completed
ORD-113996,P009,West,3.0,2026-02-21,cancelled
ORD-113997,P008,East,4.0,2026-03-20,cancelled
ORD-113998,P003,East,5.0,2026-01-30,pending
ORD-113999,P005,East,1.0,2026-06-23,cancelled
ORD-114000,P010,South,1.0,2026-06-27,cancelled
ORD-114001,P006,South,4.0,2026-04-07,pending
ORD-114002,P002,North,3.0,2026-03-08,completed
ORD-114003,P002,East,4.0,2026-06-12,completed
ORD-114004,P001,North,4.0,2026-03-14,Completed
ORD-114005,P004,East,1.0,2026-04-28,completed
ORD-114006,P003,West,2.0,2026-05-15,completed
ORD-114007,P009,South,3.0,2026-05-13,cancelled
ORD-114008,P001,West,,2026-01-24,cancelled
ORD-114009,P002,East,3.0,2026-06-19,Completed
ORD-114010,P006,South,2.0,2026-06-27,COMPLETED
ORD-114011,P004,North,2.0,2026-04-26,completed
ORD-114012,P007,East,3.0,2026-04-02,COMPLETED
ORD-114013,P001,North,5.0,2026-05-21,COMPLETED
ORD-114014,P009,South,5.0,2026-06-05,Completed
ORD-114015,P002,East,5.0,2026-06-15,cancelled
ORD-114016,P004,South,4.0,2026-01-03,cancelled
ORD-114017,P003,East,5.0,2026-06-18,pending
ORD-114018,P004,East,5.0,2026-02-19,completed
ORD-114019,P001,West,5.0,2026-02-15,cancelled
ORD-114020,P005,South,3.0,2026-06-01,pending
ORD-114021,P010,West,,2026-06-15,COMPLETED
ORD-114022,P006,East,5.0,2026-03-16,Completed
ORD-114023,P003,East,1.0,2026-03-03,cancelled
ORD-114024,P001,East,4.0,2026-05-09,COMPLETED
ORD-114025,P004,South,5.0,2026-05-15,Completed
ORD-114026,P009,West,5.0,2026-02-10,cancelled
ORD-114027,P007,North,5.0,2026-05-15,completed
ORD-114028,P001,North,1.0,2026-04-02,COMPLETED
ORD-114029,P007,South,5.0,2026-05-30,Completed
ORD-114030,P004,West,2.0,2026-06-10,COMPLETED
ORD-114031,P006,West,4.0,2026-05-10,Completed
ORD-114032,P007,East,5.0,2026-02-08,COMPLETED
ORD-114033,P010,North,3.0,2026-05-20,COMPLETED
ORD-114034,P008,West,5.0,2026-04-03,cancelled
ORD-114035,P009,North,4.0,2026-05-15,COMPLETED
ORD-114036,P006,North,3.0,2026-01-25,cancelled
ORD-114037,P002,West,1.0,2026-05-15,completed
ORD-114038,P001,North,2.0,2026-02-20,COMPLETED
ORD-114039,P003,West,1.0,2026-06-18,cancelled
ORD-114040,P003,West,3.0,2026-05-16,pending
ORD-114041,P005,West,5.0,2026-05-21,Completed
ORD-114042,P007,North,5.0,2026-01-10,pending
ORD-114043,P005,East,5.0,2026-06-14,Completed
ORD-114044,P009,East,1.0,2026-01-19,cancelled
ORD-114045,P003,North,5.0,2026-05-01,completed
ORD-114046,P004,West,2.0,2026-05-12,completed
ORD-114047,P008,South,2.0,2026-06-22,cancelled
ORD-114048,P001,West,5.0,2026-04-22,pending
ORD-114049,P005,West,5.0,2026-03-06,Completed
ORD-114050,P002,South,2.0,2026-04-26,Completed
ORD-114051,P001,South,5.0,2026-04-15,completed
ORD-114052,P008,West,3.0,2026-02-11,pending
ORD-114053,P006,South,2.0,2026-04-09,pending
ORD-114054,P008,South,3.0,2026-03-09,Completed
ORD-114055,P001,North,1.0,2026-03-26,pending
ORD-114056,P001,North,2.0,2026-04-01,COMPLETED
ORD-114057,P006,South,4.0,2026-01-15,Completed
ORD-114058,P006,South,4.0,2026-01-04,pending
ORD-114059,P003,South,4.0,2026-03-29,COMPLETED
ORD-114060,P002,East,5.0,2026-04-04,Completed
ORD-114061,P003,West,2.0,2026-06-25,completed
ORD-114062,P004,North,5.0,2026-04-20,pending
ORD-114063,P003,South,5.0,2026-02-23,pending
ORD-114064,P008,East,2.0,2026-03-13,Completed
ORD-114065,P008,North,4.0,2026-04-18,pending
ORD-114066,P007,North,4.0,2026-04-20,COMPLETED
ORD-114067,P005,South,4.0,2026-06-16,completed
ORD-114068,P008,North,3.0,2026-05-06,pending
ORD-114069,P010,South,1.0,2026-02-09,Completed
ORD-114070,P009,East,5.0,2026-06-08,cancelled
ORD-114071,P001,East,1.0,2026-03-30,completed
ORD-114072,P003,South,4.0,2026-04-07,COMPLETED
ORD-114073,P009,East,4.0,2026-06-02,COMPLETED
ORD-114074,P007,East,,2026-03-25,cancelled
ORD-114075,P006,North,2.0,2026-06-18,COMPLETED
ORD-114076,P003,East,3.0,2026-03-28,completed
ORD-114077,P009,North,3.0,2026-04-04,pending
ORD-114078,P005,East,1.0,2026-04-26,COMPLETED
ORD-114079,P007,South,2.0,2026-04-05,COMPLETED
ORD-114080,P005,South,5.0,2026-06-17,pending
ORD-114081,P001,South,4.0,2026-06-17,completed
ORD-114082,P003,West,3.0,2026-05-26,pending
ORD-114083,P001,West,5.0,2026-03-24,cancelled
ORD-114084,P004,East,1.0,2026-02-23,pending
ORD-114085,P009,West,1.0,2026-06-04,completed
ORD-114086,P001,West,2.0,2026-06-25,completed
ORD-114087,P003,West,3.0,2026-05-13,Completed
ORD-114088,P006,North,5.0,2026-06-29,pending
ORD-114089,P006,North,2.0,2026-04-29,completed
ORD-114090,P005,West,2.0,2026-05-14,Completed
ORD-114091,P009,East,3.0,2026-04-02,completed
ORD-114092,P001,South,4.0,2026-06-21,cancelled
ORD-114093,P008,North,5.0,2026-03-02,completed
ORD-114094,P005,North,2.0,2026-05-19,cancelled
ORD-114095,P003,East,1.0,2026-05-07,completed
ORD-114096,P002,East,4.0,2026-01-23,Completed
ORD-114097,P002,North,5.0,2026-01-17,COMPLETED
ORD-114098,P009,East,5.0,2026-04-05,Completed
ORD-114099,P010,South,5.0,2026-06-25,completed
ORD-114100,P003,North,3.0,2026-03-06,cancelled
ORD-114101,P007,West,3.0,2026-04-09,cancelled
ORD-114102,P002,North,,2026-03-26,COMPLETED
ORD-114103,P006,West,1.0,2026-02-13,cancelled
ORD-114104,P004,East,1.0,2026-01-03,completed
ORD-114105,P004,West,1.0,2026-05-10,pending
ORD-114106,P004,North,1.0,2026-01-19,cancelled
ORD-114107,P004,East,5.0,2026-03-29,pending
ORD-114108,P008,West,2.0,2026-02-01,completed
ORD-114109,P007,East,1.0,2026-04-08,cancelled
ORD-114110,P003,East,3.0,2026-03-24,COMPLETED
ORD-114111,P005,West,1.0,2026-04-27,pending
ORD-114112,P010,West,5.0,2026-02-19,COMPLETED
ORD-114113,P007,West,5.0,2026-01-28,pending
ORD-114114,P004,East,,2026-05-08,COMPLETED
ORD-114115,P009,North,2.0,2026-02-01,cancelled
ORD-114116,P001,South,3.0,2026-06-24,cancelled
ORD-114117,P006,West,1.0,2026-06-29,COMPLETED
ORD-114118,P003,South,4.0,2026-05-08,COMPLETED
ORD-114119,P005,East,4.0,2026-02-20,pending
ORD-114120,P001,East,1.0,2026-01-31,cancelled
ORD-114121,P005,West,5.0,2026-05-17,Completed
ORD-114122,P006,South,5.0,2026-05-12,COMPLETED
ORD-114123,P008,North,4.0,2026-06-03,cancelled
ORD-114124,P006,North,3.0,2026-05-27,COMPLETED
ORD-114125,P001,South,1.0,2026-02-27,Completed
ORD-114126,P005,North,2.0,2026-06-12,cancelled
ORD-114127,P005,East,1.0,2026-02-02,COMPLETED
ORD-114128,P010,East,5.0,2026-04-08,Completed
ORD-114129,P008,West,1.0,2026-02-25,COMPLETED
ORD-114130,P002,South,3.0,2026-04-22,Completed
ORD-114131,P005,East,3.0,2026-01-31,pending
ORD-114132,P010,North,4.0,2026-01-16,cancelled
ORD-114133,P001,West,2.0,2026-05-15,COMPLETED
ORD-114134,P001,South,2.0,2026-05-11,completed
ORD-114135,P001,South,2.0,2026-06-22,pending
ORD-114136,P006,South,4.0,2026-02-09,completed
ORD-114137,P003,West,5.0,2026-04-13,Completed
ORD-114138,P006,North,4.0,2026-05-06,cancelled
ORD-114139,P004,West,4.0,2026-02-01,Completed
ORD-114140,P010,West,1.0,2026-04-24,Completed
ORD-114141,P007,East,4.0,2026-01-30,pending
ORD-114142,P003,South,4.0,2026-02-10,pending
ORD-114143,P002,East,4.0,2026-05-31,pending
ORD-114144,P004,North,1.0,2026-01-03,COMPLETED
ORD-114145,P007,East,5.0,2026-03-21,pending
ORD-114146,P007,West,5.0,2026-05-21,Completed
ORD-114147,P009,East,5.0,2026-04-27,Completed
ORD-114148,P004,South,1.0,2026-01-25,Completed
ORD-114149,P002,West,2.0,2026-03-25,completed
ORD-114150,P009,West,4.0,2026-02-23,Completed
ORD-114151,P003,West,4.0,2026-05-09,Completed
ORD-114152,P002,North,2.0,2026-01-17,completed
ORD-114153,P005,North,1.0,2026-05-14,Completed
ORD-114154,P004,South,3.0,2026-04-20,cancelled
ORD-114155,P001,East,5.0,2026-01-27,cancelled
ORD-114156,P008,West,4.0,2026-01-28,Completed
ORD-114157,P001,West,4.0,2026-02-12,pending
ORD-114158,P009,South,4.0,2026-01-12,Completed
ORD-114159,P010,West,2.0,2026-05-25,pending
ORD-114160,P001,North,3.0,2026-05-28,completed
ORD-114161,P003,South,1.0,2026-05-20,cancelled
ORD-114162,P006,West,3.0,2026-06-20,completed
ORD-114163,P009,South,1.0,2026-02-14,COMPLETED
ORD-114164,P008,South,,2026-06-18,pending
ORD-114165,P003,North,3.0,2026-03-09,pending
ORD-114166,P009,East,5.0,2026-02-15,Completed
ORD-114167,P004,West,1.0,2026-04-01,cancelled
ORD-114168,P002,North,4.0,2026-06-15,Completed
ORD-114169,P005,West,2.0,2026-02-05,completed
ORD-114170,P009,East,1.0,2026-05-27,pending
ORD-114171,P001,North,1.0,2026-06-18,cancelled
ORD-114172,P005,West,1.0,2026-06-19,cancelled
ORD-114173,P009,West,3.0,2026-04-18,Completed
ORD-114174,P009,East,3.0,2026-06-02,Completed
ORD-114175,P004,South,1.0,2026-04-02,Completed
ORD-114176,P010,North,4.0,2026-06-12,cancelled
ORD-114177,P006,East,3.0,2026-01-28,cancelled
ORD-114178,P008,South,2.0,2026-02-10,cancelled
ORD-114179,P007,West,5.0,2026-06-10,pending
ORD-114180,P005,West,1.0,2026-06-11,Completed
ORD-114181,P004,North,5.0,2026-04-02,completed
ORD-114182,P002,South,4.0,2026-03-24,COMPLETED
ORD-114183,P001,West,1.0,2026-06-09,cancelled
ORD-114184,P006,East,2.0,2026-06-27,pending
ORD-114185,P007,South,2.0,2026-03-01,pending
ORD-114186,P010,East,3.0,2026-02-01,cancelled
ORD-114187,P007,East,2.0,2026-03-02,pending
ORD-114188,P010,North,4.0,2026-05-08,Completed
ORD-114189,P001,North,4.0,2026-04-22,cancelled
ORD-114190,P001,North,4.0,2026-04-12,pending
ORD-114191,P001,North,1.0,2026-06-14,cancelled
ORD-114192,P007,South,1.0,2026-06-17,completed
ORD-114193,P006,West,2.0,2026-03-29,COMPLETED
ORD-114194,P003,East,4.0,2026-04-26,pending
ORD-114195,P005,West,4.0,2026-02-15,completed
ORD-114196,P004,East,4.0,2026-04-23,COMPLETED
ORD-114197,P009,West,1.0,2026-04-18,COMPLETED
ORD-114198,P004,East,5.0,2026-04-16,Completed
ORD-114199,P007,West,5.0,2026-01-22,completed
ORD-114200,P009,West,1.0,2026-05-12,completed
ORD-114201,P003,North,5.0,2026-04-05,Completed
ORD-114202,P009,West,3.0,2026-01-29,Completed
ORD-114203,P004,East,1.0,2026-03-09,completed
ORD-114204,P003,North,5.0,2026-02-14,Completed
ORD-114205,P002,North,5.0,2026-04-16,Completed
ORD-114206,P003,South,5.0,2026-05-16,pending
ORD-114207,P008,West,2.0,2026-02-14,pending
ORD-114208,P004,North,1.0,2026-02-26,Completed
ORD-114209,P004,East,2.0,2026-02-13,COMPLETED
ORD-114210,P001,West,2.0,2026-01-11,COMPLETED
ORD-114211,P002,East,4.0,2026-05-04,completed
ORD-114212,P001,East,5.0,2026-04-13,pending
ORD-114213,P009,East,4.0,2026-02-10,pending
ORD-114214,P001,South,2.0,2026-06-12,cancelled
ORD-114215,P007,North,3.0,2026-05-30,COMPLETED
ORD-114216,P001,South,,2026-06-22,Completed
ORD-114217,P007,South,2.0,2026-06-09,pending
ORD-114218,P008,East,5.0,2026-02-11,Completed
ORD-114219,P008,East,3.0,2026-03-16,completed
ORD-114220,P002,West,5.0,2026-02-17,completed
ORD-114221,P009,West,2.0,2026-03-30,completed
ORD-114222,P007,South,3.0,2026-03-26,pending
ORD-114223,P004,South,5.0,2026-05-17,completed
ORD-114224,P007,East,3.0,2026-06-11,COMPLETED
ORD-114225,P008,East,3.0,2026-03-02,COMPLETED
ORD-114226,P002,South,4.0,2026-02-25,completed
ORD-114227,P007,East,1.0,2026-02-16,pending
ORD-114228,P002,West,2.0,2026-06-02,COMPLETED
ORD-114229,P010,East,1.0,2026-03-18,COMPLETED
ORD-114230,P006,East,1.0,2026-02-07,COMPLETED
ORD-114231,P003,West,5.0,2026-04-16,pending
ORD-114232,P001,West,1.0,2026-06-15,Completed
ORD-114233,P002,West,2.0,2026-06-11,pending
ORD-114234,P006,North,,2026-03-16,Completed
ORD-114235,P003,South,4.0,2026-01-03,cancelled
ORD-114236,P009,West,1.0,2026-05-23,Completed
ORD-114237,P008,East,2.0,2026-01-01,cancelled
ORD-114238,P004,North,2.0,2026-06-12,pending
ORD-114239,P003,North,,2026-01-16,completed
ORD-114240,P004,North,1.0,2026-05-31,completed
ORD-114241,P009,North,2.0,2026-01-13,pending
ORD-114242,P003,North,5.0,2026-01-29,pending
ORD-114243,P008,North,3.0,2026-05-11,completed
ORD-114244,P008,South,3.0,2026-05-09,completed
ORD-114245,P002,South,2.0,2026-04-11,pending
ORD-114246,P006,East,2.0,2026-06-23,pending
ORD-114247,P008,West,1.0,2026-01-13,COMPLETED
ORD-114248,P005,South,1.0,2026-02-10,COMPLETED
ORD-114249,P009,South,5.0,2026-06-19,Completed
ORD-114250,P008,East,4.0,2026-01-17,COMPLETED
ORD-114251,P005,West,3.0,2026-03-07,Completed
ORD-114252,P005,West,4.0,2026-04-11,Completed
ORD-114253,P010,East,1.0,2026-03-07,pending
ORD-114254,P001,North,2.0,2026-01-04,completed
ORD-114255,P001,West,5.0,2026-01-18,cancelled
ORD-114256,P001,West,3.0,2026-04-21,Completed
ORD-114257,P001,East,5.0,2026-02-11,Completed
ORD-114258,P006,North,2.0,2026-01-09,Completed
ORD-114259,P004,West,3.0,2026-03-31,completed
ORD-114260,P009,South,3.0,2026-02-01,Completed
ORD-114261,P009,North,3.0,2026-06-13,cancelled
ORD-114262,P004,North,4.0,2026-05-26,pending
ORD-114263,P010,North,3.0,2026-05-26,cancelled
ORD-114264,P003,West,3.0,2026-05-22,completed
ORD-114265,P009,West,5.0,2026-01-27,Completed
ORD-114266,P007,South,2.0,2026-01-30,COMPLETED
ORD-114267,P004,East,5.0,2026-06-12,completed
ORD-114268,P008,South,5.0,2026-06-21,COMPLETED
ORD-114269,P010,South,3.0,2026-02-28,COMPLETED
ORD-114270,P001,East,4.0,2026-03-27,Completed
ORD-114271,P003,South,1.0,2026-01-23,cancelled
ORD-114272,P003,West,1.0,2026-04-20,pending
ORD-114273,P005,West,1.0,2026-03-18,cancelled
ORD-114274,P008,West,2.0,2026-06-03,pending
ORD-114275,P007,East,2.0,2026-05-08,pending
ORD-114276,P009,East,2.0,2026-06-04,COMPLETED
ORD-114277,P009,North,4.0,2026-05-12,Completed
ORD-114278,P006,East,3.0,2026-02-12,pending
ORD-114279,P001,North,2.0,2026-03-05,pending
ORD-114280,P006,North,2.0,2026-02-25,completed
ORD-114281,P004,South,5.0,2026-04-02,COMPLETED
ORD-114282,P008,North,2.0,2026-03-28,completed
ORD-114283,P010,West,5.0,2026-02-17,cancelled
ORD-114284,P004,East,2.0,2026-01-27,cancelled
ORD-114285,P006,South,5.0,2026-03-19,cancelled
ORD-114286,P007,North,3.0,2026-01-01,cancelled
ORD-114287,P002,West,,2026-01-31,completed
ORD-114288,P001,East,2.0,2026-05-05,COMPLETED
ORD-114289,P005,West,3.0,2026-06-13,completed
ORD-114290,P009,East,1.0,2026-04-03,pending
ORD-114291,P001,North,1.0,2026-02-19,COMPLETED
ORD-114292,P005,North,3.0,2026-05-03,cancelled
ORD-114293,P009,North,4.0,2026-04-30,completed
ORD-114294,P004,North,5.0,2026-01-29,COMPLETED
ORD-114295,P003,West,1.0,2026-06-27,Completed
ORD-114296,P007,West,1.0,2026-04-09,cancelled
ORD-114297,P004,West,5.0,2026-02-08,completed
ORD-114298,P006,East,3.0,2026-05-30,cancelled
ORD-114299,P001,East,5.0,2026-04-11,pending
ORD-114300,P002,South,3.0,2026-03-26,Completed
ORD-114301,P008,East,5.0,2026-06-27,completed
ORD-114302,P002,North,4.0,2026-04-07,COMPLETED
ORD-114303,P005,North,2.0,2026-02-26,completed
ORD-114304,P001,North,,2026-03-05,COMPLETED
ORD-114305,P003,South,1.0,2026-01-12,pending
ORD-114306,P007,South,3.0,2026-05-12,pending
ORD-114307,P007,West,5.0,2026-02-20,COMPLETED
ORD-114308,P005,North,2.0,2026-03-12,completed
ORD-114309,P010,West,4.0,2026-01-18,Completed
ORD-114310,P003,North,5.0,2026-06-10,COMPLETED
ORD-114311,P003,North,1.0,2026-04-16,completed
ORD-114312,P004,North,1.0,2026-06-19,COMPLETED
ORD-114313,P005,East,2.0,2026-02-04,pending
ORD-114314,P004,North,1.0,2026-05-30,completed
ORD-114315,P006,West,1.0,2026-06-01,Completed
ORD-114316,P005,East,2.0,2026-06-22,cancelled
ORD-114317,P001,South,4.0,2026-06-28,Completed
ORD-114318,P003,South,4.0,2026-06-28,completed
ORD-114319,P003,South,5.0,2026-03-05,COMPLETED
ORD-114320,P006,North,3.0,2026-03-20,Completed
ORD-114321,P007,West,3.0,2026-05-11,pending
ORD-114322,P001,North,4.0,2026-02-25,COMPLETED
ORD-114323,P007,South,,2026-06-25,completed
ORD-114324,P010,South,4.0,2026-01-10,COMPLETED
ORD-114325,P006,West,1.0,2026-04-17,Completed
ORD-114326,P005,South,3.0,2026-02-16,COMPLETED
ORD-114327,P004,East,3.0,2026-01-06,Completed
ORD-114328,P008,North,2.0,2026-02-04,pending
ORD-114329,P006,North,1.0,2026-03-14,cancelled
ORD-114330,P002,North,5.0,2026-06-14,COMPLETED
ORD-114331,P003,West,5.0,2026-03-23,cancelled
ORD-114332,P003,South,5.0,2026-03-03,cancelled
ORD-114333,P003,North,4.0,2026-04-05,cancelled
ORD-114334,P003,West,5.0,2026-05-02,completed
ORD-114335,P006,East,5.0,2026-04-03,COMPLETED
ORD-114336,P009,North,,2026-02-22,COMPLETED
ORD-114337,P005,East,4.0,2026-04-15,COMPLETED
ORD-114338,P010,South,4.0,2026-05-09,cancelled
ORD-114339,P009,South,5.0,2026-01-20,pending
ORD-114340,P010,North,2.0,2026-01-01,cancelled
ORD-114341,P010,East,5.0,2026-05-25,completed
ORD-114342,P007,East,1.0,2026-02-13,COMPLETED
ORD-114343,P003,South,3.0,2026-01-06,cancelled
ORD-114344,P002,West,2.0,2026-02-07,Completed
ORD-114345,P005,North,5.0,2026-05-10,completed
ORD-114346,P002,West,3.0,2026-02-20,pending
ORD-114347,P005,East,2.0,2026-05-07,completed
ORD-114348,P005,East,5.0,2026-02-15,Completed
ORD-114349,P008,North,4.0,2026-01-26,cancelled
ORD-114350,P010,South,2.0,2026-02-15,COMPLETED
ORD-114351,P009,East,1.0,2026-06-29,cancelled
ORD-114352,P003,West,5.0,2026-01-30,pending
ORD-114353,P010,North,1.0,2026-04-04,COMPLETED
ORD-114354,P005,North,5.0,2026-02-26,cancelled
ORD-114355,P005,West,5.0,2026-01-15,COMPLETED
ORD-114356,P010,West,1.0,2026-01-13,pending
ORD-114357,P008,North,2.0,2026-03-15,Completed
ORD-114358,P010,South,1.0,2026-05-05,completed
ORD-114359,P010,South,1.0,2026-01-02,pending
ORD-114360,P007,South,5.0,2026-06-27,COMPLETED
ORD-114361,P010,East,5.0,2026-01-17,Completed
ORD-114362,P007,West,1.0,2026-04-07,pending
ORD-114363,P010,North,5.0,2026-01-13,completed
ORD-114364,P008,South,5.0,2026-03-01,pending
ORD-114365,P006,East,1.0,2026-02-01,pending
ORD-114366,P008,South,5.0,2026-06-27,cancelled
ORD-114367,P001,North,4.0,2026-04-26,COMPLETED
ORD-114368,P005,North,3.0,2026-04-04,cancelled
ORD-114369,P009,West,3.0,2026-06-18,cancelled
ORD-114370,P008,North,1.0,2026-06-28,completed
ORD-114371,P004,East,5.0,2026-05-24,cancelled
ORD-114372,P002,North,2.0,2026-05-29,completed
ORD-114373,P002,North,5.0,2026-05-05,COMPLETED
ORD-114374,P007,West,3.0,2026-04-07,cancelled
ORD-114375,P010,South,5.0,2026-04-27,Completed
ORD-114376,P007,East,2.0,2026-06-02,Completed
ORD-114377,P006,East,3.0,2026-02-02,completed
ORD-114378,P001,East,1.0,2026-03-31,COMPLETED
ORD-114379,P003,East,2.0,2026-01-28,completed
ORD-114380,P007,East,5.0,2026-04-15,pending
ORD-114381,P010,North,3.0,2026-03-07,completed
ORD-114382,P003,North,4.0,2026-05-29,pending
ORD-114383,P004,South,1.0,2026-02-24,completed
ORD-114384,P001,East,3.0,2026-02-27,cancelled
ORD-114385,P003,North,3.0,2026-05-25,completed
ORD-114386,P006,South,5.0,2026-06-20,Completed
ORD-114387,P007,South,1.0,2026-06-28,pending
ORD-114388,P002,West,4.0,2026-06-12,completed
ORD-114389,P008,North,2.0,2026-04-21,completed
ORD-114390,P005,North,5.0,2026-03-08,Completed
ORD-114391,P001,South,5.0,2026-05-01,pending
ORD-114392,P010,East,5.0,2026-06-12,COMPLETED
ORD-114393,P001,South,2.0,2026-01-31,pending
ORD-114394,P004,West,1.0,2026-06-30,pending
ORD-114395,P007,West,1.0,2026-04-05,completed
ORD-114396,P003,East,4.0,2026-02-15,completed
ORD-114397,P004,South,3.0,2026-03-18,Completed
ORD-114398,P005,West,4.0,2026-01-31,pending
ORD-114399,P009,West,5.0,2026-05-06,Completed
ORD-114400,P007,North,3.0,2026-05-22,Completed
ORD-114401,P001,East,2.0,2026-05-31,COMPLETED
ORD-114402,P008,West,3.0,2026-04-24,COMPLETED
ORD-114403,P007,South,3.0,2026-02-20,completed
ORD-114404,P010,North,1.0,2026-01-10,Completed
ORD-114405,P010,East,5.0,2026-01-17,COMPLETED
ORD-114406,P003,West,1.0,2026-01-14,completed
ORD-114407,P006,West,3.0,2026-04-03,cancelled
ORD-114408,P006,South,1.0,2026-02-04,pending
ORD-114409,P003,North,1.0,2026-04-18,completed
ORD-114410,P010,West,,2026-04-10,Completed
ORD-114411,P004,North,4.0,2026-05-14,Completed
ORD-114412,P004,South,4.0,2026-05-16,pending
ORD-114413,P010,North,4.0,2026-06-13,Completed
ORD-114414,P004,South,5.0,2026-03-28,completed
ORD-114415,P006,South,5.0,2026-01-25,Completed
ORD-114416,P009,North,1.0,2026-05-08,completed
ORD-114417,P003,West,1.0,2026-02-23,COMPLETED
ORD-114418,P004,South,3.0,2026-01-18,completed
ORD-114419,P007,South,5.0,2026-02-22,pending
ORD-114420,P008,North,4.0,2026-06-23,COMPLETED
ORD-114421,P005,North,5.0,2026-06-26,completed
ORD-114422,P010,North,1.0,2026-05-24,pending
ORD-114423,P010,North,2.0,2026-05-21,pending
ORD-114424,P002,West,2.0,2026-03-18,pending
ORD-114425,P005,North,1.0,2026-01-09,COMPLETED
ORD-114426,P005,South,3.0,2026-01-08,pending
ORD-114427,P007,North,4.0,2026-05-30,completed
ORD-114428,P006,South,,2026-03-22,cancelled
ORD-114429,P003,West,5.0,2026-05-06,cancelled
ORD-114430,P010,West,2.0,2026-05-13,completed
ORD-114431,P002,West,4.0,2026-04-24,completed
ORD-114432,P010,East,2.0,2026-06-22,cancelled
ORD-114433,P005,South,3.0,2026-04-05,cancelled
ORD-114434,P010,South,1.0,2026-04-17,cancelled
ORD-114435,P010,North,4.0,2026-02-06,pending
ORD-114436,P006,South,2.0,2026-05-23,COMPLETED
ORD-114437,P001,South,4.0,2026-01-07,completed
ORD-114438,P001,East,2.0,2026-02-16,pending
ORD-114439,P005,West,1.0,2026-06-23,completed
ORD-114440,P007,West,1.0,2026-05-13,cancelled
ORD-114441,P004,West,2.0,2026-04-21,Completed
ORD-114442,P002,North,5.0,2026-01-15,COMPLETED
ORD-114443,P006,West,1.0,2026-05-28,Completed
ORD-114444,P001,South,,2026-01-28,cancelled
ORD-114445,P004,North,3.0,2026-01-06,pending
ORD-114446,P002,North,1.0,2026-01-22,Completed
ORD-114447,P008,East,4.0,2026-02-12,Completed
ORD-114448,P007,East,3.0,2026-01-22,Completed
ORD-114449,P007,South,2.0,2026-01-29,COMPLETED
ORD-114450,P009,South,3.0,2026-04-02,pending
ORD-114451,P003,North,5.0,2026-02-06,COMPLETED
ORD-114452,P008,South,2.0,2026-04-08,cancelled
ORD-114453,P003,North,1.0,2026-03-02,Completed
ORD-114454,P006,South,3.0,2026-01-01,COMPLETED
ORD-114455,P003,West,4.0,2026-03-28,completed
ORD-114456,P009,North,2.0,2026-05-18,COMPLETED
ORD-114457,P008,South,3.0,2026-02-06,COMPLETED
ORD-114458,P002,West,2.0,2026-03-03,pending
ORD-114459,P003,North,1.0,2026-06-07,cancelled
ORD-114460,P005,North,5.0,2026-03-01,COMPLETED
ORD-114461,P009,North,5.0,2026-01-16,COMPLETED
ORD-114462,P002,North,4.0,2026-06-25,completed
ORD-114463,P003,North,1.0,2026-06-11,Completed
ORD-114464,P003,South,3.0,2026-01-28,cancelled
ORD-114465,P003,West,5.0,2026-03-02,COMPLETED
ORD-114466,P009,South,4.0,2026-05-27,pending
ORD-114467,P009,South,1.0,2026-01-04,pending
ORD-114468,P002,East,4.0,2026-02-25,pending
ORD-114469,P002,West,2.0,2026-02-25,completed
ORD-114470,P005,East,1.0,2026-01-21,pending
ORD-114471,P010,South,1.0,2026-04-06,COMPLETED
ORD-114472,P007,East,5.0,2026-01-02,pending
ORD-114473,P003,North,3.0,2026-04-14,COMPLETED
ORD-114474,P008,West,1.0,2026-06-21,COMPLETED
ORD-114475,P010,South,3.0,2026-03-10,completed
ORD-114476,P002,West,1.0,2026-03-01,pending
ORD-114477,P005,East,3.0,2026-06-23,COMPLETED
ORD-114478,P006,South,5.0,2026-02-13,pending
ORD-114479,P008,East,3.0,2026-02-02,COMPLETED
ORD-114480,P003,North,5.0,2026-03-13,cancelled
ORD-114481,P002,East,,2026-03-25,pending
ORD-114482,P010,South,2.0,2026-02-13,COMPLETED
ORD-114483,P007,South,2.0,2026-04-13,COMPLETED
ORD-114484,P005,South,3.0,2026-05-22,pending
ORD-114485,P010,West,2.0,2026-03-23,COMPLETED
ORD-114486,P009,East,1.0,2026-04-06,Completed
ORD-114487,P004,North,4.0,2026-06-25,Completed
ORD-114488,P010,West,2.0,2026-04-07,pending
ORD-114489,P007,North,2.0,2026-04-07,pending
ORD-114490,P006,North,4.0,2026-06-09,Completed
ORD-114491,P001,East,2.0,2026-05-26,COMPLETED
ORD-114492,P002,South,1.0,2026-01-03,completed
ORD-114493,P004,North,2.0,2026-01-14,Completed
ORD-114494,P007,South,5.0,2026-03-03,cancelled
ORD-114495,P009,West,5.0,2026-03-18,cancelled
ORD-114496,P008,East,1.0,2026-02-21,COMPLETED
ORD-114497,P004,North,1.0,2026-05-27,pending
ORD-114498,P001,South,4.0,2026-03-07,completed
ORD-114499,P006,North,2.0,2026-04-18,cancelled
ORD-114500,P005,East,4.0,2026-06-28,pending
ORD-114501,P005,South,1.0,2026-03-19,completed
ORD-114502,P007,North,1.0,2026-04-24,COMPLETED
ORD-114503,P004,North,4.0,2026-06-12,completed
ORD-114504,P006,West,3.0,2026-01-25,completed
ORD-114505,P005,West,4.0,2026-03-12,Completed
ORD-114506,P009,South,3.0,2026-05-28,completed
ORD-114507,P002,East,5.0,2026-03-20,cancelled
ORD-114508,P010,East,2.0,2026-01-12,COMPLETED
ORD-114509,P009,East,3.0,2026-01-16,completed
ORD-114510,P007,North,2.0,2026-03-04,cancelled
ORD-114511,P006,North,5.0,2026-01-10,Completed
ORD-114512,P002,South,1.0,2026-03-27,completed
ORD-114513,P006,West,4.0,2026-01-07,COMPLETED
ORD-114514,P009,North,4.0,2026-06-10,pending
ORD-114515,P009,North,2.0,2026-05-26,completed
ORD-114516,P004,South,5.0,2026-06-01,completed
ORD-114517,P004,North,2.0,2026-06-29,completed
ORD-114518,P008,East,3.0,2026-01-06,cancelled
ORD-114519,P002,North,1.0,2026-05-18,completed
ORD-114520,P003,North,4.0,2026-06-02,pending
ORD-114521,P002,East,1.0,2026-05-20,completed
ORD-114522,P007,North,4.0,2026-05-08,pending
ORD-114523,P007,North,5.0,2026-05-04,pending
ORD-114524,P002,West,4.0,2026-02-03,cancelled
ORD-114525,P004,West,3.0,2026-02-10,cancelled
ORD-114526,P009,North,2.0,2026-01-19,pending
ORD-114527,P010,North,5.0,2026-03-16,cancelled
ORD-114528,P004,East,3.0,2026-01-19,cancelled
ORD-114529,P008,West,5.0,2026-04-07,completed
ORD-114530,P006,North,4.0,2026-03-18,cancelled
ORD-114531,P010,North,2.0,2026-01-24,COMPLETED
ORD-114532,P001,East,3.0,2026-06-13,Completed
ORD-114533,P007,West,5.0,2026-06-04,cancelled
ORD-114534,P010,West,5.0,2026-04-25,pending
ORD-114535,P001,West,5.0,2026-01-14,completed
ORD-114536,P007,East,2.0,2026-01-04,cancelled
ORD-114537,P010,West,1.0,2026-06-14,COMPLETED
ORD-114538,P010,North,2.0,2026-05-04,COMPLETED
ORD-114539,P002,South,1.0,2026-01-01,completed
ORD-114540,P006,West,4.0,2026-04-02,completed
ORD-114541,P002,South,,2026-05-18,cancelled
ORD-114542,P009,North,3.0,2026-03-20,COMPLETED
ORD-114543,P007,East,2.0,2026-01-04,completed
ORD-114544,P002,North,2.0,2026-02-20,Completed
ORD-114545,P010,South,3.0,2026-06-13,completed
ORD-114546,P004,West,2.0,2026-04-06,pending
ORD-114547,P005,West,4.0,2026-03-06,pending
ORD-114548,P002,North,3.0,2026-02-03,cancelled
ORD-114549,P004,North,3.0,2026-04-05,pending
ORD-114550,P007,West,4.0,2026-01-13,cancelled
ORD-114551,P007,West,3.0,2026-03-10,Completed
ORD-114552,P005,South,3.0,2026-04-14,COMPLETED
ORD-114553,P010,East,3.0,2026-04-27,cancelled
ORD-114554,P010,North,,2026-05-14,pending
ORD-114555,P004,West,4.0,2026-02-07,Completed
ORD-114556,P007,West,2.0,2026-01-14,completed
ORD-114557,P002,South,1.0,2026-04-23,completed
ORD-114558,P010,South,2.0,2026-03-28,Completed
ORD-114559,P003,East,4.0,2026-05-17,pending
ORD-114560,P004,East,4.0,2026-03-09,completed
ORD-114561,P001,East,1.0,2026-04-09,Completed
ORD-114562,P009,South,2.0,2026-02-08,pending
ORD-114563,P004,East,2.0,2026-04-08,COMPLETED
ORD-114564,P010,West,3.0,2026-06-07,Completed
ORD-114565,P001,South,2.0,2026-03-19,cancelled
ORD-114566,P008,North,5.0,2026-06-24,pending
ORD-114567,P006,East,5.0,2026-01-24,COMPLETED
ORD-114568,P001,East,4.0,2026-06-06,completed
ORD-114569,P009,South,1.0,2026-05-16,cancelled
ORD-114570,P009,West,4.0,2026-01-02,completed
ORD-114571,P006,East,1.0,2026-03-07,cancelled
ORD-114572,P002,West,1.0,2026-05-14,Completed
ORD-114573,P007,North,1.0,2026-03-22,completed
ORD-114574,P007,East,5.0,2026-02-21,completed
ORD-114575,P004,East,2.0,2026-04-14,COMPLETED
ORD-114576,P010,East,3.0,2026-05-21,Completed
ORD-114577,P002,South,5.0,2026-02-13,pending
ORD-114578,P006,East,1.0,2026-02-23,COMPLETED
ORD-114579,P004,North,5.0,2026-01-10,COMPLETED
ORD-114580,P003,West,4.0,2026-04-12,Completed
ORD-114581,P003,North,1.0,2026-03-25,completed
ORD-114582,P005,South,,2026-06-15,completed
ORD-114583,P005,South,1.0,2026-03-24,Completed
ORD-114584,P006,North,3.0,2026-06-06,COMPLETED
ORD-114585,P008,North,2.0,2026-04-22,COMPLETED
ORD-114586,P010,North,5.0,2026-03-24,COMPLETED
ORD-114587,P007,North,5.0,2026-05-29,COMPLETED
ORD-114588,P008,South,5.0,2026-01-22,pending
ORD-114589,P003,South,1.0,2026-05-06,pending
ORD-114590,P009,West,2.0,2026-06-30,Completed
ORD-114591,P004,North,3.0,2026-02-24,pending
ORD-114592,P008,North,3.0,2026-04-12,Completed
ORD-114593,P003,South,4.0,2026-01-02,pending
ORD-114594,P007,West,1.0,2026-01-26,completed
ORD-114595,P002,North,3.0,2026-02-14,completed
ORD-114596,P008,East,5.0,2026-02-16,pending
ORD-114597,P004,North,5.0,2026-02-26,pending
ORD-114598,P007,South,1.0,2026-05-21,COMPLETED
ORD-114599,P003,East,3.0,2026-06-23,completed
ORD-114600,P007,East,2.0,2026-01-07,Completed
ORD-114601,P010,North,5.0,2026-01-03,COMPLETED
ORD-114602,P001,North,2.0,2026-05-28,cancelled
ORD-114603,P006,West,4.0,2026-01-01,Completed
ORD-114604,P003,South,2.0,2026-06-04,COMPLETED
ORD-114605,P001,South,3.0,2026-03-30,Completed
ORD-114606,P002,South,3.0,2026-02-03,pending
ORD-114607,P005,North,1.0,2026-02-09,pending
ORD-114608,P005,East,2.0,2026-03-17,completed
ORD-114609,P005,East,4.0,2026-02-17,pending
ORD-114610,P008,West,1.0,2026-02-17,Completed
ORD-114611,P010,North,5.0,2026-02-11,completed
ORD-114612,P009,South,2.0,2026-06-14,pending
ORD-114613,P001,East,3.0,2026-04-28,cancelled
ORD-114614,P003,North,2.0,2026-06-05,completed
ORD-114615,P007,North,3.0,2026-03-27,COMPLETED
ORD-114616,P007,West,2.0,2026-06-13,cancelled
ORD-114617,P007,North,2.0,2026-01-19,cancelled
ORD-114618,P008,West,3.0,2026-06-18,pending
ORD-114619,P008,South,1.0,2026-03-02,COMPLETED
ORD-114620,P008,East,,2026-01-10,Completed
ORD-114621,P002,South,3.0,2026-01-25,pending
ORD-114622,P004,South,1.0,2026-04-12,cancelled
ORD-114623,P001,South,3.0,2026-06-13,COMPLETED
ORD-114624,P003,West,4.0,2026-04-07,pending
ORD-114625,P004,East,2.0,2026-03-15,Completed
ORD-114626,P009,West,1.0,2026-02-19,Completed
ORD-114627,P001,West,2.0,2026-02-17,completed
ORD-114628,P005,East,,2026-03-19,completed
ORD-114629,P001,East,3.0,2026-03-11,COMPLETED
ORD-114630,P007,South,5.0,2026-02-17,Completed
ORD-114631,P009,West,2.0,2026-01-19,COMPLETED
ORD-114632,P004,East,2.0,2026-02-20,completed
ORD-114633,P005,East,4.0,2026-05-17,cancelled
ORD-114634,P003,South,3.0,2026-06-13,pending
ORD-114635,P010,East,4.0,2026-03-20,COMPLETED
ORD-114636,P010,East,5.0,2026-04-10,cancelled
ORD-114637,P007,East,2.0,2026-06-11,completed
ORD-114638,P001,West,4.0,2026-05-10,Completed
ORD-114639,P004,North,2.0,2026-03-27,completed
ORD-114640,P009,East,3.0,2026-02-17,cancelled
ORD-114641,P005,East,4.0,2026-05-29,cancelled
ORD-114642,P006,West,,2026-04-13,completed
ORD-114643,P008,South,3.0,2026-04-20,completed
ORD-114644,P004,West,2.0,2026-01-16,cancelled
ORD-114645,P004,East,5.0,2026-03-16,COMPLETED
ORD-114646,P010,North,3.0,2026-03-18,COMPLETED
ORD-114647,P003,East,5.0,2026-04-22,COMPLETED
ORD-114648,P004,North,3.0,2026-04-23,COMPLETED
ORD-114649,P010,North,4.0,2026-03-17,COMPLETED
ORD-114650,P005,North,1.0,2026-06-02,Completed
ORD-114651,P003,East,5.0,2026-02-10,COMPLETED
ORD-114652,P009,West,5.0,2026-06-02,completed
ORD-114653,P002,East,5.0,2026-04-08,pending
ORD-114654,P002,North,4.0,2026-03-21,cancelled
ORD-114655,P010,North,4.0,2026-05-25,COMPLETED
ORD-114656,P009,North,5.0,2026-01-08,cancelled
ORD-114657,P010,North,2.0,2026-01-12,cancelled
ORD-114658,P008,South,5.0,2026-05-12,completed
ORD-114659,P010,East,4.0,2026-03-02,COMPLETED
ORD-114660,P010,East,2.0,2026-04-26,Completed
ORD-114661,P009,East,3.0,2026-01-17,cancelled
ORD-114662,P003,East,2.0,2026-06-13,cancelled
ORD-114663,P003,East,2.0,2026-06-01,completed
ORD-114664,P005,North,1.0,2026-02-22,COMPLETED
ORD-114665,P003,South,4.0,2026-04-17,COMPLETED
ORD-114666,P010,West,2.0,2026-06-03,pending
ORD-114667,P009,West,3.0,2026-03-20,pending
ORD-114668,P006,West,3.0,2026-04-28,completed
ORD-114669,P006,East,5.0,2026-05-01,cancelled
ORD-114670,P006,South,1.0,2026-02-20,pending
ORD-114671,P009,North,1.0,2026-06-10,COMPLETED
ORD-114672,P005,East,3.0,2026-05-09,Completed
ORD-114673,P010,South,1.0,2026-01-21,COMPLETED
ORD-114674,P009,North,5.0,2026-02-20,Completed
ORD-114675,P001,East,4.0,2026-03-23,completed
ORD-114676,P003,East,1.0,2026-03-13,completed
ORD-114677,P008,East,2.0,2026-02-28,cancelled
ORD-114678,P005,West,3.0,2026-03-05,pending
ORD-114679,P006,West,,2026-01-09,Completed
ORD-114680,P005,South,3.0,2026-02-05,completed
ORD-114681,P005,North,1.0,2026-03-20,completed
ORD-114682,P007,North,1.0,2026-02-03,Completed
ORD-114683,P001,North,3.0,2026-01-30,completed
ORD-114684,P003,West,3.0,2026-04-03,pending
ORD-114685,P007,South,3.0,2026-01-01,completed
ORD-114686,P010,North,5.0,2026-02-12,pending
ORD-114687,P009,East,1.0,2026-03-25,cancelled
ORD-114688,P003,South,2.0,2026-05-13,cancelled
ORD-114689,P002,East,4.0,2026-02-03,pending
ORD-114690,P008,North,2.0,2026-04-14,cancelled
ORD-114691,P002,South,1.0,2026-05-17,completed
ORD-114692,P001,East,3.0,2026-05-12,Completed
ORD-114693,P006,North,2.0,2026-03-08,COMPLETED
ORD-114694,P002,South,3.0,2026-06-19,cancelled
ORD-114695,P007,East,5.0,2026-03-14,cancelled
ORD-114696,P010,West,5.0,2026-02-09,completed
ORD-114697,P002,North,3.0,2026-04-14,cancelled
ORD-114698,P007,South,4.0,2026-04-11,Completed
ORD-114699,P002,South,4.0,2026-05-12,pending
ORD-114700,P008,South,5.0,2026-04-08,COMPLETED
ORD-114701,P009,North,2.0,2026-03-23,cancelled
ORD-114702,P004,West,3.0,2026-03-29,pending
ORD-114703,P005,South,3.0,2026-03-26,COMPLETED
ORD-114704,P002,South,1.0,2026-04-16,COMPLETED
ORD-114705,P003,East,2.0,2026-01-30,pending
ORD-114706,P001,South,3.0,2026-02-18,COMPLETED
ORD-114707,P005,North,3.0,2026-03-13,completed
ORD-114708,P003,South,1.0,2026-03-06,COMPLETED
ORD-114709,P009,South,,2026-06-01,cancelled
ORD-114710,P010,East,4.0,2026-01-04,cancelled
ORD-114711,P002,South,4.0,2026-06-23,cancelled
ORD-114712,P004,East,5.0,2026-03-20,COMPLETED
ORD-114713,P003,East,1.0,2026-06-05,Completed
ORD-114714,P002,North,2.0,2026-02-08,cancelled
ORD-114715,P010,East,5.0,2026-04-12,cancelled
ORD-114716,P006,South,1.0,2026-06-11,cancelled
ORD-114717,P008,North,,2026-05-22,pending
ORD-114718,P002,East,2.0,2026-01-15,pending
ORD-114719,P001,North,1.0,2026-03-04,cancelled
ORD-114720,P008,North,1.0,2026-06-20,COMPLETED
ORD-114721,P010,North,5.0,2026-02-17,Completed
ORD-114722,P005,North,,2026-01-01,cancelled
ORD-114723,P003,North,1.0,2026-03-31,pending
ORD-114724,P009,South,4.0,2026-03-28,completed
ORD-114725,P009,South,2.0,2026-03-11,pending
ORD-114726,P002,East,5.0,2026-03-04,COMPLETED
ORD-114727,P002,North,4.0,2026-06-25,Completed
ORD-114728,P008,South,5.0,2026-03-11,Completed
ORD-114729,P004,West,1.0,2026-01-22,Completed
ORD-114730,P007,North,5.0,2026-02-20,cancelled
ORD-114731,P010,East,5.0,2026-03-31,completed
ORD-114732,P008,North,5.0,2026-05-21,COMPLETED
ORD-114733,P006,West,1.0,2026-05-07,cancelled
ORD-114734,P003,South,4.0,2026-04-06,COMPLETED
ORD-114735,P001,South,4.0,2026-06-15,Completed
ORD-114736,P010,North,3.0,2026-02-25,cancelled
ORD-114737,P005,South,5.0,2026-01-25,cancelled
ORD-114738,P001,South,5.0,2026-06-19,completed
ORD-114739,P006,South,2.0,2026-03-08,completed
ORD-114740,P008,North,4.0,2026-06-12,cancelled
ORD-114741,P008,North,4.0,2026-02-14,pending
ORD-114742,P009,West,5.0,2026-06-17,cancelled
ORD-114743,P009,West,1.0,2026-02-09,Completed
ORD-114744,P002,South,3.0,2026-02-13,pending
ORD-114745,P004,West,2.0,2026-04-22,pending
ORD-114746,P007,North,2.0,2026-05-06,Completed
ORD-114747,P004,East,2.0,2026-05-31,completed
ORD-114748,P006,East,2.0,2026-03-28,pending
ORD-114749,P004,East,1.0,2026-01-28,completed
ORD-114750,P006,North,3.0,2026-06-28,completed
ORD-114751,P008,West,2.0,2026-05-26,pending
ORD-114752,P002,North,5.0,2026-01-13,cancelled
ORD-114753,P001,East,1.0,2026-05-13,Completed
ORD-114754,P009,North,2.0,2026-05-21,Completed
ORD-114755,P001,West,,2026-03-01,cancelled
ORD-114756,P001,South,5.0,2026-02-18,cancelled
ORD-114757,P002,West,1.0,2026-02-13,cancelled
ORD-114758,P003,North,5.0,2026-05-09,Completed
ORD-114759,P005,West,5.0,2026-03-16,completed
ORD-114760,P010,North,1.0,2026-01-29,pending
ORD-114761,P004,North,4.0,2026-04-24,completed
ORD-114762,P001,North,3.0,2026-05-07,pending
ORD-114763,P003,East,2.0,2026-02-25,completed
ORD-114764,P003,South,1.0,2026-05-05,COMPLETED
ORD-114765,P010,West,1.0,2026-05-26,COMPLETED
ORD-114766,P006,North,3.0,2026-01-12,Completed
ORD-114767,P001,North,4.0,2026-01-26,cancelled
ORD-114768,P001,North,1.0,2026-03-30,completed
ORD-114769,P008,South,2.0,2026-03-22,COMPLETED
ORD-114770,P005,South,4.0,2026-06-24,COMPLETED
ORD-114771,P004,East,3.0,2026-05-03,pending
ORD-114772,P002,South,3.0,2026-02-02,Completed
ORD-114773,P005,North,5.0,2026-05-26,COMPLETED
ORD-114774,P010,North,3.0,2026-04-13,cancelled
ORD-114775,P006,East,4.0,2026-06-17,Completed
ORD-114776,P010,South,1.0,2026-05-22,cancelled
ORD-114777,P002,West,2.0,2026-02-15,COMPLETED
ORD-114778,P003,South,1.0,2026-04-07,completed
ORD-114779,P006,West,5.0,2026-01-06,pending
ORD-114780,P003,South,1.0,2026-02-22,cancelled
ORD-114781,P002,East,4.0,2026-01-22,COMPLETED
ORD-114782,P004,North,4.0,2026-01-09,completed
ORD-114783,P006,West,1.0,2026-04-01,COMPLETED
ORD-114784,P004,North,4.0,2026-06-18,cancelled
ORD-114785,P008,North,2.0,2026-06-17,COMPLETED
ORD-114786,P005,East,2.0,2026-01-03,pending
ORD-114787,P004,East,1.0,2026-02-02,completed
ORD-114788,P010,East,5.0,2026-03-26,COMPLETED
ORD-114789,P003,West,4.0,2026-06-03,cancelled
ORD-114790,P007,South,2.0,2026-03-17,Completed
ORD-114791,P002,South,2.0,2026-02-21,completed
ORD-114792,P003,West,3.0,2026-06-11,completed
ORD-114793,P006,North,2.0,2026-04-05,pending
ORD-114794,P008,South,4.0,2026-04-30,completed
ORD-114795,P007,South,3.0,2026-05-31,pending
ORD-114796,P007,West,4.0,2026-01-23,COMPLETED
ORD-114797,P009,South,5.0,2026-04-26,COMPLETED
ORD-114798,P003,West,1.0,2026-01-16,COMPLETED
ORD-114799,P007,South,4.0,2026-03-12,completed
ORD-114800,P006,North,4.0,2026-02-23,Completed
ORD-114801,P002,East,1.0,2026-05-05,cancelled
ORD-114802,P008,South,2.0,2026-03-06,completed
ORD-114803,P009,West,5.0,2026-02-16,cancelled
ORD-114804,P008,East,3.0,2026-02-27,Completed
ORD-114805,P002,East,1.0,2026-05-03,cancelled
ORD-114806,P005,East,1.0,2026-04-29,pending
ORD-114807,P002,West,3.0,2026-03-26,COMPLETED
ORD-114808,P002,West,1.0,2026-04-06,COMPLETED
ORD-114809,P003,South,2.0,2026-05-24,pending
ORD-114810,P003,West,4.0,2026-01-16,Completed
ORD-114811,P003,East,3.0,2026-03-05,Completed
ORD-114812,P003,South,2.0,2026-01-31,pending
ORD-114813,P007,West,4.0,2026-05-18,Completed
ORD-114814,P003,West,5.0,2026-03-25,Completed
ORD-114815,P010,West,3.0,2026-03-14,pending
ORD-114816,P009,South,2.0,2026-06-05,Completed
ORD-114817,P009,North,1.0,2026-01-12,pending
ORD-114818,P005,North,5.0,2026-04-04,completed
ORD-114819,P002,North,3.0,2026-05-06,pending
ORD-114820,P010,East,2.0,2026-03-09,cancelled
ORD-114821,P003,West,4.0,2026-03-03,cancelled
ORD-114822,P009,West,3.0,2026-02-11,completed
ORD-114823,P007,East,3.0,2026-05-09,cancelled
ORD-114824,P006,North,4.0,2026-02-05,Completed
ORD-114825,P005,East,4.0,2026-05-18,COMPLETED
ORD-114826,P005,East,5.0,2026-04-19,pending
ORD-114827,P010,South,,2026-05-01,cancelled
ORD-114828,P001,East,4.0,2026-01-01,completed
ORD-114829,P006,South,4.0,2026-06-24,completed
ORD-114830,P003,West,1.0,2026-03-18,COMPLETED
ORD-114831,P003,West,1.0,2026-01-01,pending
ORD-114832,P002,North,4.0,2026-06-08,completed
ORD-114833,P007,South,5.0,2026-04-21,pending
ORD-114834,P002,North,1.0,2026-06-30,completed
ORD-114835,P005,North,5.0,2026-01-08,completed
ORD-114836,P007,South,2.0,2026-05-06,pending
ORD-114837,P010,North,3.0,2026-04-27,pending
ORD-114838,P009,East,2.0,2026-02-19,Completed
ORD-114839,P008,North,1.0,2026-05-01,pending
ORD-114840,P004,West,2.0,2026-02-08,COMPLETED
ORD-114841,P008,West,2.0,2026-04-20,cancelled
ORD-114842,P005,West,4.0,2026-03-05,pending
ORD-114843,P008,South,2.0,2026-03-28,completed
ORD-114844,P008,North,3.0,2026-01-24,pending
ORD-114845,P006,South,4.0,2026-05-26,Completed
ORD-114846,P005,East,3.0,2026-06-27,pending
ORD-114847,P001,South,3.0,2026-03-25,COMPLETED
ORD-114848,P010,North,3.0,2026-06-05,completed
ORD-114849,P002,North,1.0,2026-03-07,completed
ORD-114850,P009,West,2.0,2026-06-07,cancelled
ORD-114851,P010,North,5.0,2026-06-24,COMPLETED
ORD-114852,P008,South,5.0,2026-01-25,Completed
ORD-114853,P007,West,5.0,2026-06-27,COMPLETED
ORD-114854,P010,North,2.0,2026-05-11,cancelled
ORD-114855,P001,East,2.0,2026-02-18,completed
ORD-114856,P003,East,5.0,2026-06-10,cancelled
ORD-114857,P001,East,5.0,2026-05-07,cancelled
ORD-114858,P007,East,2.0,2026-05-07,pending
ORD-114859,P007,East,4.0,2026-05-05,completed
ORD-114860,P008,North,5.0,2026-03-03,COMPLETED
ORD-114861,P001,West,2.0,2026-03-11,COMPLETED
ORD-114862,P006,West,5.0,2026-04-09,Completed
ORD-114863,P005,South,4.0,2026-01-13,Completed
ORD-114864,P008,East,1.0,2026-06-13,cancelled
ORD-114865,P005,North,4.0,2026-05-08,completed
ORD-114866,P005,North,1.0,2026-03-16,cancelled
ORD-114867,P004,South,3.0,2026-01-05,pending
ORD-114868,P008,East,2.0,2026-05-31,completed
ORD-114869,P006,North,5.0,2026-01-12,COMPLETED
ORD-114870,P004,East,1.0,2026-04-10,cancelled
ORD-114871,P006,East,2.0,2026-03-13,Completed
ORD-114872,P004,West,,2026-02-24,pending
ORD-114873,P005,East,5.0,2026-02-19,cancelled
ORD-114874,P010,South,1.0,2026-06-26,COMPLETED
ORD-114875,P003,East,4.0,2026-05-27,completed
ORD-114876,P008,North,5.0,2026-06-10,COMPLETED
ORD-114877,P005,North,2.0,2026-05-20,cancelled
ORD-114878,P005,North,5.0,2026-06-04,COMPLETED
ORD-114879,P002,South,3.0,2026-06-29,cancelled
ORD-114880,P003,West,1.0,2026-03-18,Completed
ORD-114881,P005,East,5.0,2026-03-28,COMPLETED
ORD-114882,P004,East,4.0,2026-01-11,cancelled
ORD-114883,P007,West,1.0,2026-03-17,COMPLETED
ORD-114884,P005,West,5.0,2026-06-25,pending
ORD-114885,P007,South,1.0,2026-01-31,cancelled
ORD-114886,P010,West,4.0,2026-04-03,completed
ORD-114887,P004,North,5.0,2026-01-05,cancelled
ORD-114888,P009,South,2.0,2026-03-23,COMPLETED
ORD-114889,P005,West,2.0,2026-01-08,COMPLETED
ORD-114890,P002,North,1.0,2026-05-08,pending
ORD-114891,P009,South,2.0,2026-02-02,completed
ORD-114892,P008,South,1.0,2026-02-07,Completed
ORD-114893,P003,North,,2026-06-15,completed
ORD-114894,P010,East,5.0,2026-03-27,cancelled
ORD-114895,P005,East,2.0,2026-06-08,COMPLETED
ORD-114896,P007,North,4.0,2026-04-24,Completed
ORD-114897,P007,East,3.0,2026-06-21,completed
ORD-114898,P003,West,4.0,2026-02-16,Completed
ORD-114899,P001,East,3.0,2026-06-09,cancelled
ORD-114900,P002,North,5.0,2026-05-23,Completed
ORD-114901,P004,East,4.0,2026-05-25,Completed
ORD-114902,P002,South,1.0,2026-01-19,pending
ORD-114903,P006,West,2.0,2026-01-22,completed
ORD-114904,P010,West,1.0,2026-06-14,COMPLETED
ORD-114905,P009,North,1.0,2026-04-14,COMPLETED
ORD-114906,P002,South,4.0,2026-02-02,pending
ORD-114907,P009,South,3.0,2026-06-15,COMPLETED
ORD-114908,P006,West,5.0,2026-06-19,cancelled
ORD-114909,P004,East,5.0,2026-01-22,cancelled
ORD-114910,P001,North,3.0,2026-03-12,completed
ORD-114911,P007,West,3.0,2026-06-30,Completed
ORD-114912,P010,North,1.0,2026-02-04,Completed
ORD-114913,P005,East,5.0,2026-04-11,completed
ORD-114914,P008,North,4.0,2026-05-18,cancelled
ORD-114915,P004,South,2.0,2026-01-06,Completed
ORD-114916,P009,North,1.0,2026-02-07,Completed
ORD-114917,P002,South,5.0,2026-03-31,COMPLETED
ORD-114918,P002,North,2.0,2026-04-28,Completed
ORD-114919,P006,North,5.0,2026-04-25,completed
ORD-114920,P009,North,1.0,2026-04-01,pending
ORD-114921,P008,West,1.0,2026-06-28,Completed
ORD-114922,P007,West,1.0,2026-01-04,COMPLETED
ORD-114923,P010,West,2.0,2026-05-14,cancelled
ORD-114924,P009,East,4.0,2026-03-09,cancelled
ORD-114925,P007,South,3.0,2026-06-23,completed
ORD-114926,P004,North,2.0,2026-06-22,pending
ORD-114927,P010,South,2.0,2026-02-23,pending
ORD-114928,P005,North,1.0,2026-05-07,completed
ORD-114929,P006,West,3.0,2026-01-08,cancelled
ORD-114930,P007,West,3.0,2026-02-23,cancelled
ORD-114931,P009,North,1.0,2026-05-15,pending
ORD-114932,P010,West,3.0,2026-06-03,pending
ORD-114933,P003,North,3.0,2026-06-08,completed
ORD-114934,P006,South,4.0,2026-05-07,cancelled
ORD-114935,P004,East,3.0,2026-01-16,pending
ORD-114936,P008,South,2.0,2026-02-07,cancelled
ORD-114937,P001,North,3.0,2026-05-29,Completed
ORD-114938,P009,East,5.0,2026-05-13,Completed
ORD-114939,P002,West,,2026-06-25,pending
ORD-114940,P007,North,2.0,2026-06-19,Completed
ORD-114941,P001,West,4.0,2026-05-07,Completed
ORD-114942,P010,West,3.0,2026-02-07,COMPLETED
ORD-114943,P004,South,5.0,2026-06-30,Completed
ORD-114944,P005,East,5.0,2026-05-19,completed
ORD-114945,P003,West,5.0,2026-03-25,pending
ORD-114946,P006,South,4.0,2026-05-12,Completed
ORD-114947,P006,North,4.0,2026-01-27,cancelled
ORD-114948,P005,West,5.0,2026-01-23,COMPLETED
ORD-114949,P006,East,2.0,2026-01-24,pending
ORD-114950,P005,South,2.0,2026-03-30,Completed
ORD-114951,P009,South,4.0,2026-04-04,completed
ORD-114952,P002,North,3.0,2026-01-21,COMPLETED
ORD-114953,P010,East,2.0,2026-04-29,COMPLETED
ORD-114954,P002,South,4.0,2026-03-04,Completed
ORD-114955,P009,South,1.0,2026-06-07,pending
ORD-114956,P006,East,3.0,2026-04-16,cancelled
ORD-114957,P001,East,1.0,2026-02-27,pending
ORD-114958,P008,West,3.0,2026-02-19,completed
ORD-114959,P008,East,1.0,2026-04-12,cancelled
ORD-114960,P008,East,2.0,2026-06-02,completed
ORD-114961,P001,South,5.0,2026-02-18,cancelled
ORD-114962,P007,West,1.0,2026-02-19,cancelled
ORD-114963,P010,West,,2026-05-13,completed
ORD-114964,P003,West,4.0,2026-06-30,completed
ORD-114965,P008,South,4.0,2026-02-25,pending
ORD-114966,P008,South,1.0,2026-01-25,Completed
ORD-114967,P008,East,2.0,2026-01-19,Completed
ORD-114968,P007,North,4.0,2026-05-30,Completed
ORD-114969,P007,West,2.0,2026-03-04,cancelled
ORD-114970,P005,North,4.0,2026-02-11,completed
ORD-114971,P001,North,2.0,2026-02-15,COMPLETED
ORD-114972,P002,East,4.0,2026-04-14,pending
ORD-114973,P007,South,5.0,2026-05-14,Completed
ORD-114974,P003,North,3.0,2026-02-20,pending
ORD-114975,P005,West,1.0,2026-06-24,COMPLETED
ORD-114976,P003,South,3.0,2026-01-04,cancelled
ORD-114977,P006,North,1.0,2026-03-21,cancelled
ORD-114978,P005,South,4.0,2026-05-06,cancelled
ORD-114979,P010,West,2.0,2026-03-14,COMPLETED
ORD-114980,P005,East,3.0,2026-06-07,cancelled
ORD-114981,P003,East,4.0,2026-04-01,COMPLETED
ORD-114982,P006,West,,2026-03-22,COMPLETED
ORD-114983,P010,South,5.0,2026-02-15,Completed
ORD-114984,P006,West,5.0,2026-01-28,completed
ORD-114985,P004,North,2.0,2026-06-30,completed
ORD-114986,P003,South,3.0,2026-06-02,completed
ORD-114987,P004,North,3.0,2026-03-07,pending
ORD-114988,P001,North,4.0,2026-05-08,completed
ORD-114989,P006,East,3.0,2026-01-23,pending
ORD-114990,P007,North,1.0,2026-02-16,completed
ORD-114991,P009,North,2.0,2026-05-01,pending
ORD-114992,P010,North,1.0,2026-01-21,pending
ORD-114993,P003,West,3.0,2026-06-14,completed
ORD-114994,P006,South,3.0,2026-06-15,COMPLETED
ORD-114995,P010,West,5.0,2026-06-06,pending
ORD-114996,P010,South,5.0,2026-05-17,COMPLETED
ORD-114997,P009,East,3.0,2026-02-16,COMPLETED
ORD-114998,P001,North,2.0,2026-02-18,completed
ORD-114999,P008,South,5.0,2026-03-02,pending
ORD-115000,P006,East,2.0,2026-04-27,COMPLETED
ORD-115001,P004,West,5.0,2026-05-07,COMPLETED
ORD-115002,P009,South,1.0,2026-02-06,completed
ORD-115003,P005,North,1.0,2026-02-03,completed
ORD-115004,P002,East,2.0,2026-06-10,pending
ORD-115005,P002,North,4.0,2026-05-14,COMPLETED
ORD-115006,P008,East,2.0,2026-04-08,Completed
ORD-115007,P003,South,4.0,2026-05-28,COMPLETED
ORD-115008,P003,South,2.0,2026-02-18,completed
ORD-115009,P001,North,3.0,2026-03-21,COMPLETED
ORD-115010,P001,South,2.0,2026-04-15,completed
ORD-115011,P004,West,1.0,2026-04-21,COMPLETED
ORD-115012,P010,South,5.0,2026-02-14,cancelled
ORD-115013,P004,South,4.0,2026-05-14,pending
ORD-115014,P008,West,1.0,2026-01-25,cancelled
ORD-115015,P006,East,2.0,2026-04-05,Completed
ORD-115016,P001,North,1.0,2026-05-12,completed
ORD-115017,P004,North,3.0,2026-01-08,pending
ORD-115018,P010,North,3.0,2026-06-03,COMPLETED
ORD-115019,P004,South,3.0,2026-03-18,completed
ORD-115020,P006,North,3.0,2026-04-10,COMPLETED
ORD-115021,P007,South,4.0,2026-04-07,Completed
ORD-115022,P009,East,4.0,2026-04-28,completed
ORD-115023,P010,North,5.0,2026-01-19,COMPLETED
ORD-115024,P010,East,1.0,2026-01-02,Completed
ORD-115025,P008,East,5.0,2026-02-05,cancelled
ORD-115026,P006,South,4.0,2026-01-08,Completed
ORD-115027,P004,North,3.0,2026-05-22,COMPLETED
ORD-115028,P010,East,4.0,2026-05-18,COMPLETED
ORD-115029,P008,West,5.0,2026-05-02,Completed
ORD-115030,P003,West,2.0,2026-01-19,Completed
ORD-115031,P008,West,4.0,2026-02-07,pending
ORD-115032,P004,South,1.0,2026-04-26,COMPLETED
ORD-115033,P006,West,3.0,2026-01-17,pending
ORD-115034,P002,North,5.0,2026-03-25,Completed
ORD-115035,P008,South,3.0,2026-03-01,completed
ORD-115036,P003,East,4.0,2026-01-30,Completed
ORD-115037,P002,South,4.0,2026-06-07,Completed
ORD-115038,P003,South,2.0,2026-03-07,COMPLETED
ORD-115039,P005,North,1.0,2026-02-06,Completed
ORD-115040,P003,North,3.0,2026-03-03,Completed
ORD-115041,P001,West,2.0,2026-01-01,Completed
ORD-115042,P005,East,3.0,2026-05-20,COMPLETED
ORD-115043,P001,North,4.0,2026-03-28,COMPLETED
ORD-115044,P009,West,3.0,2026-05-18,COMPLETED
ORD-115045,P009,North,2.0,2026-01-04,COMPLETED
ORD-115046,P003,East,2.0,2026-05-28,completed
ORD-115047,P010,South,2.0,2026-06-29,Completed
ORD-115048,P002,South,2.0,2026-03-31,pending
ORD-115049,P003,South,1.0,2026-02-25,completed
ORD-115050,P009,North,4.0,2026-04-17,Completed
ORD-115051,P007,East,4.0,2026-06-13,completed
ORD-115052,P010,North,4.0,2026-05-12,Completed
ORD-115053,P002,South,5.0,2026-01-17,COMPLETED
ORD-115054,P008,North,2.0,2026-06-12,Completed
ORD-115055,P008,South,,2026-03-09,completed
ORD-115056,P004,South,5.0,2026-05-12,COMPLETED
ORD-115057,P006,West,1.0,2026-02-27,COMPLETED
ORD-115058,P008,South,1.0,2026-06-14,Completed
ORD-115059,P009,East,2.0,2026-05-18,cancelled
ORD-115060,P001,South,4.0,2026-02-22,completed
ORD-115061,P007,East,5.0,2026-02-19,pending
ORD-115062,P001,West,1.0,2026-04-09,Completed
ORD-115063,P004,West,1.0,2026-01-26,pending
ORD-115064,P002,East,2.0,2026-01-05,completed
ORD-115065,P007,South,4.0,2026-02-15,COMPLETED
ORD-115066,P003,North,5.0,2026-02-10,pending
ORD-115067,P007,East,2.0,2026-03-21,Completed
ORD-115068,P005,North,1.0,2026-01-22,cancelled
ORD-115069,P009,North,2.0,2026-04-13,COMPLETED
ORD-115070,P004,North,5.0,2026-04-17,completed
ORD-115071,P009,West,4.0,2026-03-11,cancelled
ORD-115072,P008,North,5.0,2026-04-29,completed
ORD-115073,P010,South,2.0,2026-03-04,completed
ORD-115074,P008,West,3.0,2026-06-10,cancelled
ORD-115075,P004,West,4.0,2026-01-23,Completed
ORD-115076,P009,North,5.0,2026-03-24,completed
ORD-115077,P006,South,5.0,2026-05-20,completed
ORD-115078,P001,South,4.0,2026-01-03,cancelled
ORD-115079,P008,North,2.0,2026-03-25,cancelled
ORD-115080,P004,West,5.0,2026-02-26,cancelled
ORD-115081,P010,North,5.0,2026-02-22,pending
ORD-115082,P004,East,5.0,2026-04-14,COMPLETED
ORD-115083,P009,East,4.0,2026-04-14,Completed
ORD-115084,P003,West,3.0,2026-04-04,Completed
ORD-115085,P004,West,2.0,2026-05-18,Completed
ORD-115086,P005,East,2.0,2026-01-27,pending
ORD-115087,P010,North,4.0,2026-06-21,pending
ORD-115088,P007,North,2.0,2026-02-17,cancelled
ORD-115089,P006,West,5.0,2026-06-04,cancelled
ORD-115090,P003,West,4.0,2026-01-09,Completed
ORD-115091,P004,East,1.0,2026-05-24,pending
ORD-115092,P003,East,5.0,2026-04-12,completed
ORD-115093,P001,North,2.0,2026-01-20,pending
ORD-115094,P001,South,5.0,2026-01-26,Completed
ORD-115095,P005,East,2.0,2026-06-11,Completed
ORD-115096,P001,West,5.0,2026-02-13,pending
ORD-115097,P006,South,3.0,2026-05-31,completed
ORD-115098,P004,South,2.0,2026-02-28,Completed
ORD-115099,P009,North,5.0,2026-02-23,COMPLETED
ORD-115100,P001,East,4.0,2026-01-15,Completed
ORD-115101,P010,East,2.0,2026-02-26,completed
ORD-115102,P004,East,2.0,2026-06-05,completed
ORD-115103,P002,South,2.0,2026-02-18,COMPLETED
ORD-115104,P003,East,1.0,2026-02-13,pending
ORD-115105,P003,South,4.0,2026-03-16,COMPLETED
ORD-115106,P001,East,3.0,2026-05-28,cancelled
ORD-115107,P005,East,5.0,2026-04-03,completed
ORD-115108,P004,West,3.0,2026-02-19,COMPLETED
ORD-115109,P004,East,2.0,2026-02-01,COMPLETED
ORD-115110,P008,West,3.0,2026-06-01,Completed
ORD-115111,P003,South,5.0,2026-05-02,pending
ORD-115112,P010,North,2.0,2026-04-08,Completed
ORD-115113,P001,West,1.0,2026-06-15,Completed
ORD-115114,P002,North,2.0,2026-04-27,cancelled
ORD-115115,P010,East,,2026-04-18,pending
ORD-115116,P005,South,2.0,2026-02-21,COMPLETED
ORD-115117,P002,West,1.0,2026-06-16,pending
ORD-115118,P008,South,5.0,2026-05-21,pending
ORD-115119,P002,North,3.0,2026-05-04,Completed
ORD-115120,P001,West,2.0,2026-06-17,cancelled
ORD-115121,P006,North,4.0,2026-06-24,cancelled
ORD-115122,P009,South,1.0,2026-03-20,pending
ORD-115123,P002,East,5.0,2026-04-21,cancelled
ORD-115124,P009,North,4.0,2026-04-24,cancelled
ORD-115125,P005,West,4.0,2026-06-20,COMPLETED
ORD-115126,P004,West,4.0,2026-01-21,pending
ORD-115127,P008,West,5.0,2026-01-11,pending
ORD-115128,P010,East,3.0,2026-04-05,completed
ORD-115129,P004,South,2.0,2026-02-08,COMPLETED
ORD-115130,P008,South,4.0,2026-03-27,cancelled
ORD-115131,P009,North,5.0,2026-06-23,COMPLETED
ORD-115132,P007,East,3.0,2026-01-26,COMPLETED
ORD-115133,P006,North,4.0,2026-01-19,COMPLETED
ORD-115134,P006,East,5.0,2026-05-29,pending
ORD-115135,P003,East,5.0,2026-01-24,COMPLETED
ORD-115136,P007,West,5.0,2026-03-20,COMPLETED
ORD-115137,P007,South,1.0,2026-04-23,pending
ORD-115138,P006,East,3.0,2026-03-24,Completed
ORD-115139,P007,East,4.0,2026-03-18,COMPLETED
ORD-115140,P008,North,5.0,2026-05-29,cancelled
ORD-115141,P007,South,3.0,2026-05-19,pending
ORD-115142,P002,West,3.0,2026-04-20,cancelled
ORD-115143,P007,South,5.0,2026-06-29,COMPLETED
ORD-115144,P009,West,2.0,2026-01-08,COMPLETED
ORD-115145,P002,West,4.0,2026-05-15,COMPLETED
ORD-115146,P008,North,2.0,2026-05-06,cancelled
ORD-115147,P008,West,4.0,2026-04-08,Completed
ORD-115148,P001,North,1.0,2026-06-11,pending
ORD-115149,P004,North,1.0,2026-06-04,completed
ORD-115150,P005,North,4.0,2026-03-22,Completed
ORD-115151,P005,East,,2026-03-18,completed
ORD-115152,P010,South,2.0,2026-01-09,COMPLETED
ORD-115153,P008,East,3.0,2026-02-11,Completed
ORD-115154,P001,West,4.0,2026-04-01,completed
ORD-115155,P006,North,2.0,2026-06-15,completed
ORD-115156,P001,West,2.0,2026-04-13,pending
ORD-115157,P005,South,3.0,2026-04-11,COMPLETED
ORD-115158,P006,East,2.0,2026-04-08,cancelled
ORD-115159,P001,North,4.0,2026-06-21,COMPLETED
ORD-115160,P010,North,1.0,2026-04-29,pending
ORD-115161,P001,North,3.0,2026-05-10,cancelled
ORD-115162,P010,North,3.0,2026-03-18,pending
ORD-115163,P005,South,5.0,2026-05-13,completed
ORD-115164,P003,South,2.0,2026-01-15,COMPLETED
ORD-115165,P009,North,4.0,2026-02-01,pending
ORD-115166,P010,North,4.0,2026-03-29,COMPLETED
ORD-115167,P008,North,5.0,2026-02-18,COMPLETED
ORD-115168,P002,East,4.0,2026-03-26,COMPLETED
ORD-115169,P003,West,4.0,2026-05-14,completed
ORD-115170,P010,South,2.0,2026-01-12,cancelled
ORD-115171,P009,West,1.0,2026-02-08,pending
ORD-115172,P010,North,5.0,2026-04-28,COMPLETED
ORD-115173,P008,North,2.0,2026-02-10,pending
ORD-115174,P002,West,1.0,2026-05-07,pending
ORD-115175,P007,South,4.0,2026-02-28,pending
ORD-115176,P009,South,2.0,2026-03-06,COMPLETED
ORD-115177,P001,West,1.0,2026-06-06,COMPLETED
ORD-115178,P004,West,5.0,2026-04-13,COMPLETED
ORD-115179,P008,East,5.0,2026-01-05,COMPLETED
ORD-115180,P004,West,2.0,2026-03-25,completed
ORD-115181,P007,South,1.0,2026-03-07,pending
ORD-115182,P007,East,1.0,2026-03-04,completed
ORD-115183,P009,East,5.0,2026-04-25,cancelled
ORD-115184,P001,West,5.0,2026-04-25,completed
ORD-115185,P003,North,5.0,2026-03-14,Completed
ORD-115186,P007,South,3.0,2026-05-22,pending
ORD-115187,P004,East,1.0,2026-05-01,cancelled
ORD-115188,P002,East,2.0,2026-06-14,COMPLETED
ORD-115189,P002,East,1.0,2026-05-31,completed
ORD-115190,P010,East,3.0,2026-05-02,Completed
ORD-115191,P005,South,2.0,2026-05-14,completed
ORD-115192,P002,East,,2026-03-21,cancelled
ORD-115193,P005,South,5.0,2026-03-22,COMPLETED
ORD-115194,P007,South,1.0,2026-05-31,completed
ORD-115195,P004,East,5.0,2026-05-13,cancelled
ORD-115196,P005,East,1.0,2026-04-18,pending
ORD-115197,P006,South,2.0,2026-06-20,pending
ORD-115198,P003,West,2.0,2026-03-19,Completed
ORD-115199,P004,South,5.0,2026-04-16,pending
ORD-115200,P003,East,1.0,2026-03-22,completed
ORD-115201,P005,West,3.0,2026-01-09,completed
ORD-115202,P001,North,5.0,2026-06-23,COMPLETED
ORD-115203,P008,North,1.0,2026-06-28,Completed
ORD-115204,P001,North,1.0,2026-06-19,cancelled
ORD-115205,P003,South,1.0,2026-05-14,COMPLETED
ORD-115206,P006,East,5.0,2026-04-11,pending
ORD-115207,P001,South,4.0,2026-06-16,completed
ORD-115208,P010,North,5.0,2026-05-03,Completed
ORD-115209,P003,North,3.0,2026-01-25,cancelled
ORD-115210,P002,South,5.0,2026-06-18,pending
ORD-115211,P008,East,3.0,2026-06-27,COMPLETED
ORD-115212,P008,North,5.0,2026-06-21,Completed
ORD-115213,P006,East,2.0,2026-06-09,COMPLETED
ORD-115214,P002,North,1.0,2026-02-03,pending
ORD-115215,P007,East,3.0,2026-06-10,completed
ORD-115216,P010,North,1.0,2026-05-26,pending
ORD-115217,P005,North,5.0,2026-02-24,COMPLETED
ORD-115218,P008,West,3.0,2026-01-22,COMPLETED
ORD-115219,P002,North,4.0,2026-03-23,completed
ORD-115220,P003,North,1.0,2026-03-20,completed
ORD-115221,P003,South,5.0,2026-05-01,completed
ORD-115222,P008,North,3.0,2026-04-20,completed
ORD-115223,P003,West,3.0,2026-06-26,cancelled
ORD-115224,P009,West,3.0,2026-05-20,COMPLETED
ORD-115225,P003,North,4.0,2026-05-27,Completed
ORD-115226,P010,West,4.0,2026-01-18,cancelled
ORD-115227,P001,South,2.0,2026-05-17,pending
ORD-115228,P008,South,1.0,2026-05-22,pending
ORD-115229,P004,East,1.0,2026-06-23,completed
ORD-115230,P008,East,3.0,2026-01-12,completed
ORD-115231,P001,North,4.0,2026-03-05,completed
ORD-115232,P004,West,2.0,2026-02-06,COMPLETED
ORD-115233,P005,South,3.0,2026-02-19,pending
ORD-115234,P006,West,2.0,2026-04-18,cancelled
ORD-115235,P004,West,2.0,2026-03-07,COMPLETED
ORD-115236,P007,East,5.0,2026-02-16,cancelled
ORD-115237,P010,West,4.0,2026-05-13,Completed
ORD-115238,P001,East,4.0,2026-03-28,Completed
ORD-115239,P009,South,5.0,2026-02-03,Completed
ORD-115240,P006,South,5.0,2026-02-13,completed
ORD-115241,P010,West,4.0,2026-06-04,cancelled
ORD-115242,P001,West,5.0,2026-02-05,pending
ORD-115243,P003,South,1.0,2026-05-18,Completed
ORD-115244,P002,West,5.0,2026-06-22,completed
ORD-115245,P003,North,3.0,2026-03-03,COMPLETED
ORD-115246,P004,East,3.0,2026-02-20,pending
ORD-115247,P007,East,5.0,2026-06-28,COMPLETED
ORD-115248,P007,North,3.0,2026-05-06,cancelled
ORD-115249,P002,South,5.0,2026-03-19,COMPLETED
ORD-115250,P002,West,4.0,2026-06-18,Completed
ORD-115251,P005,East,3.0,2026-01-02,cancelled
ORD-115252,P008,South,2.0,2026-02-07,Completed
ORD-115253,P004,North,2.0,2026-04-07,COMPLETED
ORD-115254,P006,East,4.0,2026-04-20,cancelled
ORD-115255,P002,North,5.0,2026-06-15,COMPLETED
ORD-115256,P008,North,2.0,2026-02-27,COMPLETED
ORD-115257,P002,North,4.0,2026-04-08,Completed
ORD-115258,P010,West,3.0,2026-01-13,completed
ORD-115259,P002,South,3.0,2026-03-13,Completed
ORD-115260,P007,East,3.0,2026-03-02,cancelled
ORD-115261,P001,South,2.0,2026-01-22,COMPLETED
ORD-115262,P010,East,3.0,2026-02-27,cancelled
ORD-115263,P002,West,5.0,2026-04-06,pending
ORD-115264,P002,South,3.0,2026-03-16,cancelled
ORD-115265,P002,North,2.0,2026-04-13,Completed
ORD-115266,P008,East,4.0,2026-01-29,completed
ORD-115267,P002,East,1.0,2026-05-20,cancelled
ORD-115268,P010,West,4.0,2026-01-13,completed
ORD-115269,P004,South,2.0,2026-01-25,pending
ORD-115270,P009,West,4.0,2026-05-13,cancelled
ORD-115271,P009,East,4.0,2026-03-02,completed
ORD-115272,P003,East,4.0,2026-02-18,completed
ORD-115273,P002,South,2.0,2026-05-28,pending
ORD-115274,P004,North,3.0,2026-01-10,pending
ORD-115275,P003,South,1.0,2026-02-08,completed
ORD-115276,P010,West,5.0,2026-03-10,completed
ORD-115277,P009,East,4.0,2026-04-17,completed
ORD-115278,P007,North,5.0,2026-06-23,completed
ORD-115279,P009,South,1.0,2026-05-22,Completed
ORD-115280,P001,South,2.0,2026-05-22,cancelled
ORD-115281,P004,West,4.0,2026-06-17,COMPLETED
ORD-115282,P007,West,3.0,2026-05-31,Completed
ORD-115283,P001,East,2.0,2026-06-01,Completed
ORD-115284,P008,East,,2026-06-16,COMPLETED
ORD-115285,P005,East,4.0,2026-04-18,cancelled
ORD-115286,P001,West,5.0,2026-01-29,pending
ORD-115287,P009,East,3.0,2026-05-09,pending
ORD-115288,P002,East,3.0,2026-04-14,pending
ORD-115289,P002,East,5.0,2026-03-13,cancelled
ORD-115290,P001,South,4.0,2026-03-30,Completed
ORD-115291,P005,East,,2026-06-04,completed
ORD-115292,P009,South,5.0,2026-02-22,completed
ORD-115293,P001,North,3.0,2026-06-03,Completed
ORD-115294,P003,East,2.0,2026-01-21,Completed
ORD-115295,P001,East,5.0,2026-05-01,cancelled
ORD-115296,P005,East,1.0,2026-06-30,completed
ORD-115297,P001,West,5.0,2026-06-21,completed
ORD-115298,P003,East,2.0,2026-06-14,COMPLETED
ORD-115299,P010,South,1.0,2026-04-28,COMPLETED
ORD-115300,P007,West,3.0,2026-04-15,pending
ORD-115301,P004,East,3.0,2026-02-04,pending
ORD-115302,P010,West,4.0,2026-05-11,completed
ORD-115303,P002,West,2.0,2026-06-29,pending
ORD-115304,P009,East,5.0,2026-06-25,pending
ORD-115305,P001,West,3.0,2026-04-13,Completed
ORD-115306,P005,East,1.0,2026-05-13,Completed
ORD-115307,P005,West,4.0,2026-04-20,Completed
ORD-115308,P001,North,1.0,2026-03-06,completed
ORD-115309,P010,South,4.0,2026-04-05,cancelled
ORD-115310,P004,South,2.0,2026-05-08,cancelled
ORD-115311,P009,West,2.0,2026-05-06,pending
ORD-115312,P009,East,2.0,2026-03-10,COMPLETED
ORD-115313,P004,South,2.0,2026-06-16,pending
ORD-115314,P007,North,5.0,2026-06-04,cancelled
ORD-115315,P008,West,4.0,2026-03-22,Completed
ORD-115316,P006,East,3.0,2026-06-01,cancelled
ORD-115317,P004,South,3.0,2026-03-11,Completed
ORD-115318,P006,East,4.0,2026-05-01,Completed
ORD-115319,P001,West,4.0,2026-04-20,Completed
ORD-115320,P006,West,2.0,2026-06-02,pending
ORD-115321,P010,North,1.0,2026-05-11,cancelled
ORD-115322,P007,West,4.0,2026-05-29,cancelled
ORD-115323,P008,East,2.0,2026-02-01,completed
ORD-115324,P008,South,4.0,2026-04-04,pending
ORD-115325,P008,West,5.0,2026-04-30,completed
ORD-115326,P001,South,1.0,2026-01-05,Completed
ORD-115327,P008,West,1.0,2026-02-05,Completed
ORD-115328,P006,East,5.0,2026-03-22,Completed
ORD-115329,P006,South,1.0,2026-02-03,Completed
ORD-115330,P002,North,2.0,2026-01-31,cancelled
ORD-115331,P010,West,3.0,2026-04-23,COMPLETED
ORD-115332,P008,West,5.0,2026-06-18,Completed
ORD-115333,P001,North,5.0,2026-03-31,Completed
ORD-115334,P008,West,2.0,2026-03-02,completed
ORD-115335,P010,West,4.0,2026-01-26,cancelled
ORD-115336,P002,West,5.0,2026-01-08,COMPLETED
ORD-115337,P008,South,1.0,2026-06-04,Completed
ORD-115338,P009,South,5.0,2026-02-20,completed
ORD-115339,P008,East,4.0,2026-05-15,pending
ORD-115340,P007,North,1.0,2026-05-28,completed
ORD-115341,P005,North,4.0,2026-03-30,pending
ORD-115342,P010,West,4.0,2026-01-27,completed
ORD-115343,P007,South,1.0,2026-01-20,completed
ORD-115344,P009,North,4.0,2026-06-23,Completed
ORD-115345,P006,South,5.0,2026-03-31,COMPLETED
ORD-115346,P006,South,1.0,2026-01-31,completed
ORD-115347,P006,South,5.0,2026-06-18,Completed
ORD-115348,P005,West,4.0,2026-06-07,pending
ORD-115349,P010,North,4.0,2026-03-11,cancelled
ORD-115350,P010,North,5.0,2026-04-24,COMPLETED
ORD-115351,P008,South,5.0,2026-04-15,pending
ORD-115352,P007,South,2.0,2026-04-26,Completed
ORD-115353,P005,North,5.0,2026-04-09,pending
ORD-115354,P002,West,2.0,2026-05-06,completed
ORD-115355,P004,West,1.0,2026-05-05,pending
ORD-115356,P010,East,4.0,2026-06-25,completed
ORD-115357,P008,South,4.0,2026-05-25,pending
ORD-115358,P005,West,4.0,2026-05-17,Completed
ORD-115359,P009,East,5.0,2026-02-11,cancelled
ORD-115360,P002,West,3.0,2026-06-11,completed
ORD-115361,P004,South,4.0,2026-01-22,Completed
ORD-115362,P002,South,5.0,2026-03-26,completed
ORD-115363,P006,North,2.0,2026-06-05,cancelled
ORD-115364,P002,North,1.0,2026-02-05,cancelled
ORD-115365,P004,East,2.0,2026-06-04,pending
ORD-115366,P006,North,1.0,2026-06-28,pending
ORD-115367,P010,North,5.0,2026-05-13,completed
ORD-115368,P002,East,5.0,2026-06-29,cancelled
ORD-115369,P003,South,1.0,2026-03-09,cancelled
ORD-115370,P008,North,4.0,2026-03-17,completed
ORD-115371,P003,North,5.0,2026-03-02,pending
ORD-115372,P008,West,4.0,2026-06-06,pending
ORD-115373,P010,West,3.0,2026-06-05,Completed
ORD-115374,P008,East,2.0,2026-02-02,cancelled
ORD-115375,P008,South,3.0,2026-03-28,cancelled
ORD-115376,P004,North,,2026-04-30,pending
ORD-115377,P010,South,3.0,2026-04-24,cancelled
ORD-115378,P002,North,2.0,2026-02-19,COMPLETED
ORD-115379,P008,East,3.0,2026-01-20,Completed
ORD-115380,P001,West,1.0,2026-04-27,pending
ORD-115381,P008,West,3.0,2026-01-28,COMPLETED
ORD-115382,P008,East,5.0,2026-05-12,pending
ORD-115383,P008,North,2.0,2026-03-16,completed
ORD-115384,P003,East,5.0,2026-02-18,Completed
ORD-115385,P010,South,1.0,2026-05-06,completed
ORD-115386,P003,West,1.0,2026-03-13,completed
ORD-115387,P001,South,2.0,2026-02-27,Completed
ORD-115388,P002,South,4.0,2026-01-21,pending
ORD-115389,P008,East,3.0,2026-06-15,Completed
ORD-115390,P008,West,4.0,2026-06-12,cancelled
ORD-115391,P003,East,2.0,2026-06-17,Completed
ORD-115392,P008,West,5.0,2026-04-22,pending
ORD-115393,P004,South,4.0,2026-01-23,cancelled
ORD-115394,P008,South,4.0,2026-01-27,pending
ORD-115395,P007,East,2.0,2026-05-22,Completed
ORD-115396,P009,West,3.0,2026-02-19,COMPLETED
ORD-115397,P005,South,5.0,2026-06-29,COMPLETED
ORD-115398,P005,North,1.0,2026-05-21,COMPLETED
ORD-115399,P010,West,1.0,2026-05-13,completed
ORD-115400,P009,West,2.0,2026-02-11,pending
ORD-115401,P003,East,5.0,2026-03-21,COMPLETED
ORD-115402,P008,North,3.0,2026-02-08,cancelled
ORD-115403,P004,East,5.0,2026-02-06,pending
ORD-115404,P009,South,2.0,2026-04-04,COMPLETED
ORD-115405,P001,South,3.0,2026-02-06,completed
ORD-115406,P005,North,4.0,2026-06-08,Completed
ORD-115407,P002,South,2.0,2026-02-28,COMPLETED
ORD-115408,P007,North,2.0,2026-06-29,COMPLETED
ORD-115409,P009,South,3.0,2026-06-04,pending
ORD-115410,P005,East,1.0,2026-04-06,completed
ORD-115411,P008,West,3.0,2026-02-12,Completed
ORD-115412,P010,West,3.0,2026-05-16,cancelled
ORD-115413,P004,East,5.0,2026-04-21,Completed
ORD-115414,P009,East,1.0,2026-04-14,pending
ORD-115415,P002,North,5.0,2026-01-05,completed
ORD-115416,P001,North,,2026-02-17,pending
ORD-115417,P007,South,4.0,2026-06-17,pending
ORD-115418,P001,North,1.0,2026-02-04,pending
ORD-115419,P004,South,3.0,2026-02-17,Completed
ORD-115420,P009,East,1.0,2026-03-31,Completed
ORD-115421,P010,North,3.0,2026-05-09,Completed
ORD-115422,P009,South,5.0,2026-06-16,Completed
ORD-115423,P009,East,4.0,2026-03-28,pending
ORD-115424,P007,West,1.0,2026-05-03,Completed
ORD-115425,P004,West,,2026-04-01,completed
ORD-115426,P001,East,5.0,2026-01-05,Completed
ORD-115427,P006,East,1.0,2026-02-06,COMPLETED
ORD-115428,P001,West,2.0,2026-04-27,Completed
ORD-115429,P006,North,5.0,2026-05-04,completed
ORD-115430,P007,North,5.0,2026-03-23,pending
ORD-115431,P001,East,1.0,2026-04-14,COMPLETED
ORD-115432,P003,North,2.0,2026-04-25,cancelled
ORD-115433,P005,North,5.0,2026-01-01,cancelled
ORD-115434,P008,East,5.0,2026-04-17,COMPLETED
ORD-115435,P005,West,5.0,2026-05-06,Completed
ORD-115436,P003,West,2.0,2026-03-18,Completed
ORD-115437,P002,South,3.0,2026-06-21,pending
ORD-115438,P009,West,2.0,2026-01-07,pending
ORD-115439,P003,North,3.0,2026-05-03,Completed
ORD-115440,P007,North,1.0,2026-04-12,completed
ORD-115441,P003,West,5.0,2026-02-25,Completed
ORD-115442,P009,East,5.0,2026-01-24,completed
ORD-115443,P003,South,3.0,2026-02-12,pending
ORD-115444,P008,West,3.0,2026-03-09,completed
ORD-115445,P003,North,5.0,2026-03-16,COMPLETED
ORD-115446,P003,South,3.0,2026-05-16,completed
ORD-115447,P002,South,1.0,2026-04-01,Completed
ORD-115448,P005,East,3.0,2026-06-11,pending
ORD-115449,P003,East,2.0,2026-02-26,Completed
ORD-115450,P003,North,3.0,2026-01-24,cancelled
ORD-115451,P001,North,2.0,2026-01-18,Completed
ORD-115452,P010,South,1.0,2026-04-08,pending
ORD-115453,P001,North,1.0,2026-06-24,cancelled
ORD-115454,P007,South,5.0,2026-02-09,COMPLETED
ORD-115455,P006,West,2.0,2026-04-20,completed
ORD-115456,P002,West,2.0,2026-04-22,completed
ORD-115457,P003,South,4.0,2026-01-27,cancelled
ORD-115458,P004,West,2.0,2026-02-13,pending
ORD-115459,P006,East,2.0,2026-05-14,pending
ORD-115460,P007,West,2.0,2026-03-18,cancelled
ORD-115461,P007,North,4.0,2026-03-05,pending
ORD-115462,P004,South,1.0,2026-02-12,cancelled
ORD-115463,P008,South,3.0,2026-05-07,pending
ORD-115464,P004,East,3.0,2026-02-23,cancelled
ORD-115465,P009,West,3.0,2026-01-23,COMPLETED
ORD-115466,P008,East,5.0,2026-06-09,completed
ORD-115467,P007,West,1.0,2026-04-07,pending
ORD-115468,P007,East,1.0,2026-06-16,cancelled
ORD-115469,P006,West,4.0,2026-04-10,Completed
ORD-115470,P004,East,1.0,2026-02-19,completed
ORD-115471,P008,East,1.0,2026-05-27,COMPLETED
ORD-115472,P010,West,1.0,2026-04-05,Completed
ORD-115473,P006,South,5.0,2026-04-20,completed
ORD-115474,P003,East,5.0,2026-03-28,completed
ORD-115475,P008,East,2.0,2026-06-01,Completed
ORD-115476,P010,North,4.0,2026-03-30,cancelled
ORD-115477,P005,North,2.0,2026-04-27,cancelled
ORD-115478,P006,North,1.0,2026-04-13,COMPLETED
ORD-115479,P003,East,4.0,2026-03-13,Completed
ORD-115480,P005,West,4.0,2026-01-24,COMPLETED
ORD-115481,P010,East,5.0,2026-04-29,pending
ORD-115482,P006,South,1.0,2026-05-21,COMPLETED
ORD-115483,P009,North,1.0,2026-02-21,completed
ORD-115484,P009,East,3.0,2026-02-01,completed
ORD-115485,P007,West,4.0,2026-01-27,Completed
ORD-115486,P005,East,,2026-06-18,completed
ORD-115487,P009,South,5.0,2026-05-24,Completed
ORD-115488,P003,West,2.0,2026-02-12,completed
ORD-115489,P010,North,5.0,2026-06-08,Completed
ORD-115490,P003,South,5.0,2026-06-06,pending
ORD-115491,P010,East,3.0,2026-01-16,Completed
ORD-115492,P003,West,4.0,2026-05-03,completed
ORD-115493,P006,North,2.0,2026-04-06,cancelled
ORD-115494,P002,North,5.0,2026-05-18,cancelled
ORD-115495,P003,West,3.0,2026-03-20,pending
ORD-115496,P001,South,5.0,2026-03-28,cancelled
ORD-115497,P006,East,1.0,2026-04-23,completed
ORD-115498,P002,East,3.0,2026-06-11,COMPLETED
ORD-115499,P006,East,4.0,2026-03-31,Completed
ORD-115500,P004,North,1.0,2026-02-14,COMPLETED
ORD-115501,P001,West,3.0,2026-01-27,cancelled
ORD-115502,P002,North,2.0,2026-04-15,pending
ORD-115503,P008,West,1.0,2026-02-15,Completed
ORD-115504,P010,East,3.0,2026-03-07,cancelled
ORD-115505,P010,South,3.0,2026-05-01,Completed
ORD-115506,P005,South,3.0,2026-03-20,completed
ORD-115507,P008,West,1.0,2026-04-04,pending
ORD-115508,P010,North,4.0,2026-04-11,pending
ORD-115509,P005,West,3.0,2026-03-12,completed
ORD-115510,P008,West,3.0,2026-02-25,Completed
ORD-115511,P004,South,5.0,2026-05-10,Completed
ORD-115512,P006,East,4.0,2026-04-15,cancelled
ORD-115513,P004,West,2.0,2026-05-04,pending
ORD-115514,P008,South,3.0,2026-03-12,pending
ORD-115515,P005,West,3.0,2026-02-20,pending
ORD-115516,P002,North,5.0,2026-05-17,completed
ORD-115517,P009,East,4.0,2026-03-07,Completed
ORD-115518,P008,West,5.0,2026-02-27,pending
ORD-115519,P007,East,5.0,2026-02-18,Completed
ORD-115520,P003,West,5.0,2026-01-29,Completed
ORD-115521,P004,East,2.0,2026-05-07,cancelled
ORD-115522,P002,South,4.0,2026-03-10,pending
ORD-115523,P010,South,4.0,2026-04-05,pending
ORD-115524,P009,South,5.0,2026-06-25,completed
ORD-115525,P010,North,2.0,2026-03-10,pending
ORD-115526,P006,West,,2026-03-15,COMPLETED
ORD-115527,P009,South,1.0,2026-06-04,pending
ORD-115528,P003,East,5.0,2026-04-13,Completed
ORD-115529,P009,South,4.0,2026-05-27,COMPLETED
ORD-115530,P005,East,5.0,2026-06-08,cancelled
ORD-115531,P008,South,1.0,2026-02-25,Completed
ORD-115532,P002,West,4.0,2026-05-27,Completed
ORD-115533,P001,North,,2026-01-16,pending
ORD-115534,P003,North,2.0,2026-04-30,pending
ORD-115535,P001,East,4.0,2026-05-29,COMPLETED
ORD-115536,P001,East,,2026-05-05,COMPLETED
ORD-115537,P007,South,2.0,2026-01-19,COMPLETED
ORD-115538,P008,East,4.0,2026-01-28,cancelled
ORD-115539,P004,West,3.0,2026-06-06,completed
ORD-115540,P007,West,3.0,2026-05-08,cancelled
ORD-115541,P002,West,4.0,2026-01-26,pending
ORD-115542,P007,South,1.0,2026-05-30,completed
ORD-115543,P010,South,5.0,2026-05-23,cancelled
ORD-115544,P004,East,2.0,2026-05-26,cancelled
ORD-115545,P008,North,3.0,2026-03-18,COMPLETED
ORD-115546,P001,West,3.0,2026-03-08,Completed
ORD-115547,P005,South,2.0,2026-02-18,pending
ORD-115548,P001,West,2.0,2026-01-04,cancelled
ORD-115549,P006,North,1.0,2026-06-23,cancelled
ORD-115550,P002,South,3.0,2026-05-15,COMPLETED
ORD-115551,P010,East,1.0,2026-04-22,completed
ORD-115552,P008,South,3.0,2026-06-16,pending
ORD-115553,P006,North,2.0,2026-03-24,COMPLETED
ORD-115554,P005,East,1.0,2026-06-17,Completed
ORD-115555,P008,South,5.0,2026-06-23,Completed
ORD-115556,P002,West,2.0,2026-03-20,pending
ORD-115557,P010,South,2.0,2026-06-19,pending
ORD-115558,P001,North,1.0,2026-02-20,pending
ORD-115559,P005,North,5.0,2026-04-20,Completed
ORD-115560,P007,South,4.0,2026-03-22,pending
ORD-115561,P009,East,2.0,2026-05-14,pending
ORD-115562,P002,West,2.0,2026-05-13,cancelled
ORD-115563,P002,East,5.0,2026-05-13,completed
ORD-115564,P005,South,5.0,2026-04-19,completed
ORD-115565,P009,East,5.0,2026-01-04,completed
ORD-115566,P007,South,2.0,2026-02-22,pending
ORD-115567,P003,North,4.0,2026-06-06,Completed
ORD-115568,P005,North,1.0,2026-02-23,completed
ORD-115569,P009,South,4.0,2026-01-13,COMPLETED
ORD-115570,P001,North,4.0,2026-02-22,cancelled
ORD-115571,P006,East,3.0,2026-06-17,completed
ORD-115572,P009,South,1.0,2026-03-08,COMPLETED
ORD-115573,P010,North,4.0,2026-01-06,Completed
ORD-115574,P003,East,4.0,2026-02-03,completed
ORD-115575,P003,South,4.0,2026-02-08,pending
ORD-115576,P010,East,3.0,2026-03-09,COMPLETED
ORD-115577,P010,South,2.0,2026-04-01,COMPLETED
ORD-115578,P010,West,5.0,2026-05-22,COMPLETED
ORD-115579,P003,North,5.0,2026-02-06,COMPLETED
ORD-115580,P010,West,3.0,2026-02-13,completed
ORD-115581,P004,South,2.0,2026-01-02,Completed
ORD-115582,P010,South,1.0,2026-05-01,COMPLETED
ORD-115583,P001,South,5.0,2026-02-16,completed
ORD-115584,P009,East,2.0,2026-01-31,COMPLETED
ORD-115585,P006,West,4.0,2026-01-05,cancelled
ORD-115586,P006,North,4.0,2026-03-14,pending
ORD-115587,P002,West,1.0,2026-03-03,COMPLETED
ORD-115588,P008,North,2.0,2026-06-10,Completed
ORD-115589,P008,South,3.0,2026-06-16,cancelled
ORD-115590,P007,East,2.0,2026-02-12,Completed
ORD-115591,P002,East,4.0,2026-04-08,COMPLETED
ORD-115592,P006,North,2.0,2026-02-09,Completed
ORD-115593,P003,East,2.0,2026-01-01,cancelled
ORD-115594,P002,East,1.0,2026-06-28,cancelled
ORD-115595,P002,West,4.0,2026-02-15,cancelled
ORD-115596,P002,North,4.0,2026-06-09,COMPLETED
ORD-115597,P007,South,5.0,2026-01-11,Completed
ORD-115598,P002,South,4.0,2026-06-22,COMPLETED
ORD-115599,P008,East,2.0,2026-03-27,Completed
ORD-115600,P008,West,1.0,2026-04-21,Completed
ORD-115601,P003,South,5.0,2026-05-26,COMPLETED
ORD-115602,P009,North,1.0,2026-03-28,completed
ORD-115603,P007,West,2.0,2026-01-08,completed
ORD-115604,P007,East,1.0,2026-03-16,Completed
ORD-115605,P008,North,2.0,2026-05-14,Completed
ORD-115606,P006,East,3.0,2026-02-14,Completed
ORD-115607,P002,South,2.0,2026-05-08,completed
ORD-115608,P006,East,1.0,2026-06-15,pending
ORD-115609,P003,North,5.0,2026-01-03,COMPLETED
ORD-115610,P005,West,3.0,2026-01-30,COMPLETED
ORD-115611,P005,West,5.0,2026-02-18,completed
ORD-115612,P008,South,2.0,2026-06-29,Completed
ORD-115613,P005,South,4.0,2026-05-25,Completed
ORD-115614,P007,East,5.0,2026-05-31,completed
ORD-115615,P004,North,3.0,2026-02-17,Completed
ORD-115616,P008,East,3.0,2026-03-09,pending
ORD-115617,P003,West,3.0,2026-06-10,Completed
ORD-115618,P004,South,2.0,2026-06-18,pending
ORD-115619,P001,North,4.0,2026-06-03,Completed
ORD-115620,P001,North,2.0,2026-01-03,COMPLETED
ORD-115621,P008,West,2.0,2026-02-28,completed
ORD-115622,P001,West,2.0,2026-03-26,Completed
ORD-115623,P009,West,2.0,2026-01-09,COMPLETED
ORD-115624,P007,North,3.0,2026-05-01,Completed
ORD-115625,P005,East,4.0,2026-02-19,COMPLETED
ORD-115626,P001,West,3.0,2026-02-05,Completed
ORD-115627,P005,East,3.0,2026-03-22,completed
ORD-115628,P005,South,1.0,2026-03-07,completed
ORD-115629,P009,West,5.0,2026-02-20,cancelled
ORD-115630,P010,North,1.0,2026-06-24,pending
ORD-115631,P007,West,5.0,2026-04-04,COMPLETED
ORD-115632,P007,North,1.0,2026-03-18,Completed
ORD-115633,P006,North,2.0,2026-03-03,Completed
ORD-115634,P002,West,4.0,2026-04-02,completed
ORD-115635,P005,South,3.0,2026-01-01,completed
ORD-115636,P008,East,3.0,2026-01-22,Completed
ORD-115637,P009,North,2.0,2026-03-02,pending
ORD-115638,P010,North,1.0,2026-04-16,COMPLETED
ORD-115639,P003,South,3.0,2026-05-21,Completed
ORD-115640,P005,East,4.0,2026-05-25,COMPLETED
ORD-115641,P007,East,3.0,2026-04-30,Completed
ORD-115642,P007,South,2.0,2026-02-23,COMPLETED
ORD-115643,P001,South,3.0,2026-02-27,cancelled
ORD-115644,P008,North,2.0,2026-05-03,Completed
ORD-115645,P003,East,1.0,2026-04-12,COMPLETED
ORD-115646,P002,West,3.0,2026-05-12,cancelled
ORD-115647,P008,East,3.0,2026-04-30,pending
ORD-115648,P008,East,2.0,2026-06-04,completed
ORD-115649,P002,North,1.0,2026-05-03,completed
ORD-115650,P005,South,5.0,2026-02-17,completed
ORD-115651,P009,West,4.0,2026-02-28,completed
ORD-115652,P004,West,1.0,2026-03-19,cancelled
ORD-115653,P009,North,4.0,2026-06-07,cancelled
ORD-115654,P004,West,4.0,2026-06-11,pending
ORD-115655,P010,North,5.0,2026-04-20,cancelled
ORD-115656,P001,North,3.0,2026-01-05,COMPLETED
ORD-115657,P004,South,1.0,2026-05-18,pending
ORD-115658,P008,North,2.0,2026-03-21,Completed
ORD-115659,P002,East,2.0,2026-04-14,COMPLETED
ORD-115660,P010,North,5.0,2026-01-16,completed
ORD-115661,P001,North,3.0,2026-02-10,completed
ORD-115662,P003,South,2.0,2026-03-24,completed
ORD-115663,P005,West,4.0,2026-03-15,pending
ORD-115664,P006,East,4.0,2026-06-12,cancelled
ORD-115665,P006,East,2.0,2026-03-08,completed
ORD-115666,P009,North,3.0,2026-06-25,pending
ORD-115667,P006,East,2.0,2026-03-17,COMPLETED
ORD-115668,P009,North,2.0,2026-05-04,pending
ORD-115669,P006,West,5.0,2026-01-09,completed
ORD-115670,P001,East,3.0,2026-06-07,Completed
ORD-115671,P008,North,5.0,2026-04-17,pending
ORD-115672,P001,East,2.0,2026-02-14,cancelled
ORD-115673,P005,East,5.0,2026-02-24,COMPLETED
ORD-115674,P003,South,1.0,2026-03-10,COMPLETED
ORD-115675,P009,East,2.0,2026-01-29,pending
ORD-115676,P007,South,3.0,2026-05-11,pending
ORD-115677,P003,South,2.0,2026-03-13,cancelled
ORD-115678,P003,West,1.0,2026-03-23,cancelled
ORD-115679,P004,East,4.0,2026-05-22,completed
ORD-115680,P010,North,3.0,2026-01-11,Completed
ORD-115681,P006,West,4.0,2026-05-21,cancelled
ORD-115682,P003,South,4.0,2026-04-07,cancelled
ORD-115683,P003,West,3.0,2026-02-03,pending
ORD-115684,P010,South,3.0,2026-01-24,COMPLETED
ORD-115685,P004,South,2.0,2026-04-24,completed
ORD-115686,P001,South,5.0,2026-06-05,pending
ORD-115687,P007,East,1.0,2026-06-11,cancelled
ORD-115688,P001,West,5.0,2026-05-04,completed
ORD-115689,P006,East,2.0,2026-05-16,Completed
ORD-115690,P008,South,2.0,2026-05-31,COMPLETED
ORD-115691,P006,North,3.0,2026-06-01,Completed
ORD-115692,P005,West,1.0,2026-06-06,pending
ORD-115693,P008,South,1.0,2026-02-28,completed
ORD-115694,P003,North,1.0,2026-05-11,pending
ORD-115695,P001,South,5.0,2026-01-23,completed
ORD-115696,P006,South,,2026-06-14,Completed
ORD-115697,P006,South,3.0,2026-05-07,Completed
ORD-115698,P005,North,5.0,2026-03-10,pending
ORD-115699,P001,North,4.0,2026-02-15,Completed
ORD-115700,P001,East,4.0,2026-04-28,Completed
ORD-115701,P003,West,2.0,2026-05-02,pending
ORD-115702,P002,West,5.0,2026-01-29,Completed
ORD-115703,P008,North,5.0,2026-03-25,Completed
ORD-115704,P009,North,3.0,2026-04-26,pending
ORD-115705,P006,East,5.0,2026-06-03,pending
ORD-115706,P008,West,4.0,2026-05-22,completed
ORD-115707,P010,West,1.0,2026-04-21,cancelled
ORD-115708,P009,West,3.0,2026-04-25,completed
ORD-115709,P002,East,4.0,2026-05-13,cancelled
ORD-115710,P003,West,5.0,2026-06-01,COMPLETED
ORD-115711,P010,North,1.0,2026-04-25,cancelled
ORD-115712,P002,South,4.0,2026-01-01,cancelled
ORD-115713,P004,North,3.0,2026-01-04,cancelled
ORD-115714,P004,East,2.0,2026-01-03,completed
ORD-115715,P010,South,2.0,2026-01-26,cancelled
ORD-115716,P006,East,4.0,2026-05-04,cancelled
ORD-115717,P007,East,5.0,2026-03-23,pending
ORD-115718,P007,West,3.0,2026-04-07,completed
ORD-115719,P008,West,5.0,2026-01-10,completed
ORD-115720,P005,South,2.0,2026-03-10,completed
ORD-115721,P010,North,3.0,2026-01-10,COMPLETED
ORD-115722,P004,North,3.0,2026-04-08,Completed
ORD-115723,P009,South,4.0,2026-03-24,pending
ORD-115724,P006,South,5.0,2026-05-23,completed
ORD-115725,P004,South,3.0,2026-03-27,cancelled
ORD-115726,P003,East,1.0,2026-06-26,Completed
ORD-115727,P002,West,4.0,2026-06-23,completed
ORD-115728,P003,South,2.0,2026-03-26,cancelled
ORD-115729,P010,West,1.0,2026-05-08,pending
ORD-115730,P010,South,1.0,2026-02-16,pending
ORD-115731,P010,East,2.0,2026-04-11,COMPLETED
ORD-115732,P002,East,3.0,2026-05-01,COMPLETED
ORD-115733,P006,South,3.0,2026-05-27,cancelled
ORD-115734,P001,North,5.0,2026-03-27,COMPLETED
ORD-115735,P003,West,4.0,2026-02-26,cancelled
ORD-115736,P006,East,3.0,2026-03-03,pending
ORD-115737,P002,East,2.0,2026-02-07,cancelled
ORD-115738,P009,West,2.0,2026-03-30,Completed
ORD-115739,P002,East,5.0,2026-01-31,Completed
ORD-115740,P010,South,1.0,2026-06-27,cancelled
ORD-115741,P008,South,3.0,2026-01-16,completed
ORD-115742,P007,East,1.0,2026-03-05,pending
ORD-115743,P009,North,3.0,2026-03-21,COMPLETED
ORD-115744,P005,South,2.0,2026-05-23,pending
ORD-115745,P007,West,3.0,2026-01-16,completed
ORD-115746,P003,North,5.0,2026-05-18,COMPLETED
ORD-115747,P001,West,2.0,2026-05-05,pending
ORD-115748,P001,North,2.0,2026-03-16,COMPLETED
ORD-115749,P004,West,1.0,2026-02-19,cancelled
ORD-115750,P001,South,2.0,2026-04-19,COMPLETED
ORD-115751,P009,West,4.0,2026-03-02,pending
ORD-115752,P003,East,2.0,2026-06-22,pending
ORD-115753,P004,West,1.0,2026-03-15,completed
ORD-115754,P008,East,4.0,2026-03-15,cancelled
ORD-115755,P008,West,3.0,2026-05-26,COMPLETED
ORD-115756,P004,North,3.0,2026-03-01,COMPLETED
ORD-115757,P008,East,5.0,2026-06-22,completed
ORD-115758,P001,South,4.0,2026-04-27,Completed
ORD-115759,P003,North,1.0,2026-03-14,pending
ORD-115760,P009,North,2.0,2026-01-27,COMPLETED
ORD-115761,P001,East,2.0,2026-05-07,Completed
ORD-115762,P006,South,4.0,2026-01-02,cancelled
ORD-115763,P003,South,5.0,2026-02-21,completed
ORD-115764,P005,West,4.0,2026-04-17,cancelled
ORD-115765,P002,South,3.0,2026-03-18,pending
ORD-115766,P009,West,2.0,2026-05-02,pending
ORD-115767,P002,East,4.0,2026-02-09,cancelled
ORD-115768,P001,South,1.0,2026-06-15,Completed
ORD-115769,P005,North,5.0,2026-04-15,cancelled
ORD-115770,P009,West,1.0,2026-01-23,completed
ORD-115771,P008,North,1.0,2026-03-10,completed
ORD-115772,P004,South,4.0,2026-01-07,pending
ORD-115773,P004,South,4.0,2026-02-20,cancelled
ORD-115774,P002,West,4.0,2026-03-20,completed
ORD-115775,P004,South,5.0,2026-01-24,completed
ORD-115776,P004,North,4.0,2026-02-06,COMPLETED
ORD-115777,P003,South,3.0,2026-03-30,Completed
ORD-115778,P009,South,2.0,2026-04-20,Completed
ORD-115779,P003,West,3.0,2026-01-19,completed
ORD-115780,P008,West,1.0,2026-03-27,COMPLETED
ORD-115781,P008,East,4.0,2026-05-25,COMPLETED
ORD-115782,P003,West,1.0,2026-05-23,COMPLETED
ORD-115783,P004,West,4.0,2026-02-06,cancelled
ORD-115784,P008,North,5.0,2026-06-02,cancelled
ORD-115785,P002,North,4.0,2026-05-20,cancelled
ORD-115786,P003,South,4.0,2026-02-04,completed
ORD-115787,P002,East,4.0,2026-05-28,COMPLETED
ORD-115788,P004,North,4.0,2026-02-21,cancelled
ORD-115789,P004,East,3.0,2026-06-08,cancelled
ORD-115790,P006,West,2.0,2026-04-01,COMPLETED
ORD-115791,P005,West,4.0,2026-02-10,completed
ORD-115792,P009,East,5.0,2026-03-27,cancelled
ORD-115793,P008,North,5.0,2026-01-11,COMPLETED
ORD-115794,P009,East,5.0,2026-03-13,completed
ORD-115795,P004,West,4.0,2026-04-05,completed
ORD-115796,P002,West,1.0,2026-03-30,COMPLETED
ORD-115797,P009,South,2.0,2026-05-07,Completed
ORD-115798,P006,West,1.0,2026-02-18,pending
ORD-115799,P002,South,2.0,2026-04-24,completed
ORD-115800,P010,South,4.0,2026-01-09,pending
ORD-115801,P002,South,1.0,2026-05-22,Completed
ORD-115802,P005,West,2.0,2026-05-13,cancelled
ORD-115803,P004,West,3.0,2026-05-24,completed
ORD-115804,P001,East,2.0,2026-02-05,COMPLETED
ORD-115805,P001,North,3.0,2026-03-29,pending
ORD-115806,P002,South,1.0,2026-01-26,pending
ORD-115807,P002,North,4.0,2026-06-14,pending
ORD-115808,P008,South,1.0,2026-06-24,cancelled
ORD-115809,P005,South,4.0,2026-02-16,COMPLETED
ORD-115810,P005,East,1.0,2026-05-24,completed
ORD-115811,P001,North,1.0,2026-02-02,Completed
ORD-115812,P004,North,1.0,2026-03-10,COMPLETED
ORD-115813,P003,West,4.0,2026-04-20,COMPLETED
ORD-115814,P010,East,3.0,2026-02-18,COMPLETED
ORD-115815,P004,East,4.0,2026-03-25,pending
ORD-115816,P008,West,2.0,2026-06-11,pending
ORD-115817,P007,East,4.0,2026-04-20,COMPLETED
ORD-115818,P003,East,4.0,2026-02-09,COMPLETED
ORD-115819,P004,West,4.0,2026-06-02,COMPLETED
ORD-115820,P004,South,1.0,2026-04-16,Completed
ORD-115821,P008,East,1.0,2026-02-28,completed
ORD-115822,P008,North,4.0,2026-06-27,COMPLETED
ORD-115823,P007,North,4.0,2026-05-03,cancelled
ORD-115824,P001,North,3.0,2026-02-17,COMPLETED
ORD-115825,P006,North,5.0,2026-01-09,Completed
ORD-115826,P004,West,5.0,2026-03-12,Completed
ORD-115827,P002,East,4.0,2026-05-17,COMPLETED
ORD-115828,P005,North,4.0,2026-02-18,cancelled
ORD-115829,P009,West,4.0,2026-02-20,completed
ORD-115830,P007,West,4.0,2026-05-27,pending
ORD-115831,P010,West,1.0,2026-02-02,pending
ORD-115832,P003,South,1.0,2026-03-24,completed
ORD-115833,P006,South,4.0,2026-03-10,completed
ORD-115834,P005,East,2.0,2026-01-13,Completed
ORD-115835,P003,North,4.0,2026-03-06,cancelled
ORD-115836,P007,West,4.0,2026-01-06,COMPLETED
ORD-115837,P007,West,4.0,2026-02-11,cancelled
ORD-115838,P004,North,,2026-05-13,Completed
ORD-115839,P002,West,4.0,2026-02-19,pending
ORD-115840,P001,West,4.0,2026-04-29,COMPLETED
ORD-115841,P009,North,1.0,2026-03-03,Completed
ORD-115842,P010,East,2.0,2026-05-06,pending
ORD-115843,P007,South,5.0,2026-03-09,cancelled
ORD-115844,P002,North,5.0,2026-06-30,COMPLETED
ORD-115845,P006,South,3.0,2026-03-11,COMPLETED
ORD-115846,P002,South,3.0,2026-04-13,pending
ORD-115847,P001,North,4.0,2026-05-12,pending
ORD-115848,P007,West,2.0,2026-06-02,pending
ORD-115849,P009,South,3.0,2026-04-27,completed
ORD-115850,P002,South,2.0,2026-01-01,COMPLETED
ORD-115851,P009,East,5.0,2026-03-02,completed
ORD-115852,P001,West,5.0,2026-01-07,completed
ORD-115853,P001,West,1.0,2026-05-27,cancelled
ORD-115854,P007,South,2.0,2026-03-30,COMPLETED
ORD-115855,P001,North,5.0,2026-01-24,completed
ORD-115856,P001,North,3.0,2026-04-13,pending
ORD-115857,P008,North,2.0,2026-02-21,COMPLETED
ORD-115858,P005,South,5.0,2026-02-01,Completed
ORD-115859,P003,East,3.0,2026-02-14,COMPLETED
ORD-115860,P002,North,2.0,2026-03-23,pending
ORD-115861,P006,East,4.0,2026-03-14,completed
ORD-115862,P002,West,5.0,2026-06-09,completed
ORD-115863,P003,South,5.0,2026-01-31,cancelled
ORD-115864,P002,North,5.0,2026-06-12,Completed
ORD-115865,P010,West,2.0,2026-03-20,cancelled
ORD-115866,P002,North,3.0,2026-02-06,completed
ORD-115867,P009,West,1.0,2026-02-14,pending
ORD-115868,P009,West,3.0,2026-02-01,Completed
ORD-115869,P004,West,5.0,2026-06-13,completed
ORD-115870,P001,North,5.0,2026-06-01,pending
ORD-115871,P002,North,1.0,2026-02-27,COMPLETED
ORD-115872,P001,South,3.0,2026-04-10,cancelled
ORD-115873,P007,South,,2026-05-08,pending
ORD-115874,P002,East,1.0,2026-04-14,pending
ORD-115875,P002,East,1.0,2026-03-22,pending
ORD-115876,P010,West,2.0,2026-04-18,completed
ORD-115877,P010,East,2.0,2026-03-16,cancelled
ORD-115878,P003,North,4.0,2026-01-27,completed
ORD-115879,P007,East,3.0,2026-03-27,COMPLETED
ORD-115880,P002,South,2.0,2026-06-15,cancelled
ORD-115881,P003,West,4.0,2026-03-01,Completed
ORD-115882,P005,West,4.0,2026-03-25,Completed
ORD-115883,P006,South,2.0,2026-06-10,Completed
ORD-115884,P008,West,5.0,2026-06-29,completed
ORD-115885,P008,West,1.0,2026-04-19,pending
ORD-115886,P007,East,5.0,2026-03-23,Completed
ORD-115887,P006,East,1.0,2026-03-10,cancelled
ORD-115888,P007,South,5.0,2026-03-18,Completed
ORD-115889,P003,South,5.0,2026-05-03,pending
ORD-115890,P008,North,,2026-04-18,completed
ORD-115891,P006,East,2.0,2026-06-09,cancelled
ORD-115892,P001,North,4.0,2026-04-18,completed
ORD-115893,P004,West,5.0,2026-01-23,COMPLETED
ORD-115894,P009,South,1.0,2026-01-14,pending
ORD-115895,P003,West,1.0,2026-01-13,Completed
ORD-115896,P009,South,3.0,2026-05-13,cancelled
ORD-115897,P009,North,3.0,2026-04-16,pending
ORD-115898,P001,South,5.0,2026-03-07,pending
ORD-115899,P009,North,5.0,2026-06-24,cancelled
ORD-115900,P010,West,1.0,2026-04-17,COMPLETED
ORD-115901,P005,East,2.0,2026-04-18,completed
ORD-115902,P008,South,4.0,2026-05-08,pending
ORD-115903,P001,South,2.0,2026-02-17,pending
ORD-115904,P009,East,4.0,2026-01-12,COMPLETED
ORD-115905,P008,South,,2026-04-10,COMPLETED
ORD-115906,P002,East,2.0,2026-01-10,cancelled
ORD-115907,P009,West,3.0,2026-03-21,COMPLETED
ORD-115908,P003,North,4.0,2026-04-03,pending
ORD-115909,P010,East,4.0,2026-01-13,cancelled
ORD-115910,P009,East,5.0,2026-05-19,COMPLETED
ORD-115911,P001,North,3.0,2026-06-05,pending
ORD-115912,P009,South,1.0,2026-06-18,Completed
ORD-115913,P007,South,4.0,2026-04-01,pending
ORD-115914,P001,West,4.0,2026-03-24,cancelled
ORD-115915,P008,North,5.0,2026-05-24,completed
ORD-115916,P004,East,3.0,2026-01-11,completed
ORD-115917,P001,South,5.0,2026-01-03,pending
ORD-115918,P007,North,2.0,2026-02-09,pending
ORD-115919,P003,North,1.0,2026-02-20,COMPLETED
ORD-115920,P003,East,5.0,2026-06-11,COMPLETED
ORD-115921,P003,South,3.0,2026-06-13,completed
ORD-115922,P007,East,5.0,2026-03-17,COMPLETED
ORD-115923,P006,East,5.0,2026-02-11,pending
ORD-115924,P005,West,4.0,2026-01-28,completed
ORD-115925,P009,South,3.0,2026-05-20,Completed
ORD-115926,P004,South,1.0,2026-02-05,pending
ORD-115927,P006,South,3.0,2026-02-01,COMPLETED
ORD-115928,P009,West,4.0,2026-04-23,COMPLETED
ORD-115929,P007,East,5.0,2026-05-05,completed
ORD-115930,P007,East,4.0,2026-01-28,Completed
ORD-115931,P002,South,1.0,2026-01-07,completed
ORD-115932,P002,North,2.0,2026-03-27,COMPLETED
ORD-115933,P009,North,3.0,2026-04-18,completed
ORD-115934,P007,East,3.0,2026-02-25,cancelled
ORD-115935,P009,East,3.0,2026-05-15,COMPLETED
ORD-115936,P008,West,3.0,2026-03-15,pending
ORD-115937,P008,East,4.0,2026-05-16,completed
ORD-115938,P007,East,3.0,2026-02-27,cancelled
ORD-115939,P008,West,1.0,2026-05-25,completed
ORD-115940,P010,East,3.0,2026-04-23,Completed
ORD-115941,P001,East,2.0,2026-06-16,cancelled
ORD-115942,P001,East,4.0,2026-05-08,completed
ORD-115943,P004,East,2.0,2026-01-20,pending
ORD-115944,P007,South,1.0,2026-05-26,pending
ORD-115945,P003,South,4.0,2026-05-15,pending
ORD-115946,P004,West,1.0,2026-01-10,COMPLETED
ORD-115947,P008,West,5.0,2026-03-27,cancelled
ORD-115948,P005,North,1.0,2026-06-25,cancelled
ORD-115949,P005,North,1.0,2026-03-25,COMPLETED
ORD-115950,P010,South,5.0,2026-04-02,COMPLETED
ORD-115951,P008,North,4.0,2026-06-27,COMPLETED
ORD-115952,P002,East,4.0,2026-04-13,pending
ORD-115953,P006,East,2.0,2026-05-21,pending
ORD-115954,P008,South,1.0,2026-04-07,pending
ORD-115955,P010,West,5.0,2026-06-28,COMPLETED
ORD-115956,P005,North,3.0,2026-02-12,pending
ORD-115957,P002,East,5.0,2026-03-01,completed
ORD-115958,P005,West,4.0,2026-05-06,cancelled
ORD-115959,P004,East,4.0,2026-01-02,Completed
ORD-115960,P007,South,2.0,2026-02-15,COMPLETED
ORD-115961,P002,North,3.0,2026-04-02,completed
ORD-115962,P002,East,4.0,2026-04-29,completed
ORD-115963,P004,West,2.0,2026-06-13,COMPLETED
ORD-115964,P005,East,,2026-01-31,completed
ORD-115965,P007,West,4.0,2026-03-11,Completed
ORD-115966,P010,West,4.0,2026-05-02,pending
ORD-115967,P004,East,2.0,2026-05-24,COMPLETED
ORD-115968,P003,West,4.0,2026-06-24,completed
ORD-115969,P005,East,4.0,2026-04-08,Completed
ORD-115970,P008,North,4.0,2026-04-28,pending
ORD-115971,P008,South,,2026-02-15,completed
ORD-115972,P009,North,1.0,2026-05-27,pending
ORD-115973,P004,South,2.0,2026-05-10,COMPLETED
ORD-115974,P006,South,3.0,2026-06-29,pending
ORD-115975,P008,West,,2026-05-21,Completed
ORD-115976,P003,South,3.0,2026-01-18,COMPLETED
ORD-115977,P007,North,1.0,2026-03-21,cancelled
ORD-115978,P007,East,3.0,2026-06-08,pending
ORD-115979,P004,West,2.0,2026-01-08,pending
ORD-115980,P010,East,3.0,2026-01-31,Completed
ORD-115981,P003,West,3.0,2026-05-11,cancelled
ORD-115982,P007,West,4.0,2026-02-09,completed
ORD-115983,P004,West,5.0,2026-06-07,Completed
ORD-115984,P009,South,4.0,2026-06-01,Completed
ORD-115985,P003,North,4.0,2026-03-13,COMPLETED
ORD-115986,P007,South,4.0,2026-05-02,pending
ORD-115987,P001,West,4.0,2026-03-25,Completed
ORD-115988,P002,East,4.0,2026-04-28,pending
ORD-115989,P003,South,2.0,2026-02-22,Completed
ORD-115990,P002,East,4.0,2026-02-07,cancelled
ORD-115991,P008,South,5.0,2026-05-08,pending
ORD-115992,P009,North,5.0,2026-06-01,COMPLETED
ORD-115993,P004,East,1.0,2026-05-12,COMPLETED
ORD-115994,P010,North,2.0,2026-04-07,Completed
ORD-115995,P002,East,3.0,2026-02-13,Completed
ORD-115996,P003,North,3.0,2026-05-30,Completed
ORD-115997,P007,East,5.0,2026-01-28,completed
ORD-115998,P006,East,5.0,2026-01-19,COMPLETED
ORD-115999,P003,West,2.0,2026-04-25,COMPLETED
ORD-116000,P001,West,3.0,2026-03-15,completed
ORD-116001,P005,South,5.0,2026-04-22,Completed
ORD-116002,P004,West,1.0,2026-02-13,pending
ORD-116003,P007,South,3.0,2026-04-11,Completed
ORD-116004,P008,West,4.0,2026-01-26,COMPLETED
ORD-116005,P007,South,1.0,2026-04-10,Completed
ORD-116006,P006,West,3.0,2026-04-16,COMPLETED
ORD-116007,P007,West,3.0,2026-06-06,COMPLETED
ORD-116008,P001,East,4.0,2026-01-13,pending
ORD-116009,P007,West,4.0,2026-02-08,pending
ORD-116010,P010,West,4.0,2026-05-05,pending
ORD-116011,P003,West,5.0,2026-05-26,completed
ORD-116012,P010,North,,2026-02-06,cancelled
ORD-116013,P002,West,2.0,2026-05-05,completed
ORD-116014,P006,East,4.0,2026-04-12,pending
ORD-116015,P001,South,2.0,2026-02-10,COMPLETED
ORD-116016,P008,East,1.0,2026-01-28,Completed
ORD-116017,P007,North,4.0,2026-03-04,cancelled
ORD-116018,P003,North,5.0,2026-04-10,Completed
ORD-116019,P006,East,4.0,2026-05-02,completed
ORD-116020,P009,North,3.0,2026-05-04,completed
ORD-116021,P007,North,5.0,2026-04-03,COMPLETED
ORD-116022,P008,East,2.0,2026-03-26,cancelled
ORD-116023,P007,West,1.0,2026-04-22,COMPLETED
ORD-116024,P006,North,5.0,2026-04-28,pending
ORD-116025,P002,North,4.0,2026-06-08,pending
ORD-116026,P009,East,4.0,2026-03-13,COMPLETED
ORD-116027,P004,North,1.0,2026-05-14,COMPLETED
ORD-116028,P001,East,2.0,2026-01-04,pending
ORD-116029,P005,East,2.0,2026-03-09,completed
ORD-116030,P008,East,3.0,2026-06-19,completed
ORD-116031,P007,North,4.0,2026-04-16,COMPLETED
ORD-116032,P010,South,1.0,2026-04-21,Completed
ORD-116033,P007,South,5.0,2026-03-12,cancelled
ORD-116034,P003,West,1.0,2026-01-28,Completed
ORD-116035,P010,South,2.0,2026-03-01,cancelled
ORD-116036,P006,East,2.0,2026-01-17,completed
ORD-116037,P005,East,1.0,2026-03-26,cancelled
ORD-116038,P009,West,3.0,2026-06-01,Completed
ORD-116039,P001,West,4.0,2026-05-18,cancelled
ORD-116040,P007,East,1.0,2026-05-28,cancelled
ORD-116041,P001,North,5.0,2026-01-03,pending
ORD-116042,P010,West,3.0,2026-03-12,cancelled
ORD-116043,P009,South,1.0,2026-04-12,pending
ORD-116044,P002,West,4.0,2026-06-13,completed
ORD-116045,P003,West,5.0,2026-01-02,cancelled
ORD-116046,P009,West,3.0,2026-06-21,COMPLETED
ORD-116047,P001,West,4.0,2026-06-04,completed
ORD-116048,P007,East,5.0,2026-01-30,pending
ORD-116049,P007,North,4.0,2026-02-14,pending
ORD-116050,P009,East,3.0,2026-01-24,completed
ORD-116051,P001,South,3.0,2026-05-18,Completed
ORD-116052,P006,East,4.0,2026-04-25,pending
ORD-116053,P001,South,3.0,2026-04-24,COMPLETED
ORD-116054,P009,North,3.0,2026-06-25,pending
ORD-116055,P008,East,,2026-02-24,cancelled
ORD-116056,P002,East,2.0,2026-04-30,pending
ORD-116057,P005,South,1.0,2026-04-14,COMPLETED
ORD-116058,P003,South,5.0,2026-01-03,completed
ORD-116059,P003,South,4.0,2026-06-01,Completed
ORD-116060,P009,West,2.0,2026-01-22,cancelled
ORD-116061,P010,West,3.0,2026-04-07,completed
ORD-116062,P001,North,2.0,2026-01-13,COMPLETED
ORD-116063,P005,South,4.0,2026-06-08,Completed
ORD-116064,P002,South,1.0,2026-01-06,pending
ORD-116065,P010,East,4.0,2026-01-02,cancelled
ORD-116066,P010,East,5.0,2026-05-28,cancelled
ORD-116067,P006,East,3.0,2026-02-09,completed
ORD-116068,P007,West,4.0,2026-03-12,pending
ORD-116069,P010,North,2.0,2026-05-01,pending
ORD-116070,P005,North,1.0,2026-05-24,completed
ORD-116071,P001,East,5.0,2026-01-26,cancelled
ORD-116072,P010,East,5.0,2026-02-23,pending
ORD-116073,P010,South,5.0,2026-02-23,pending
ORD-116074,P010,South,3.0,2026-06-02,pending
ORD-116075,P006,South,4.0,2026-03-22,Completed
ORD-116076,P007,South,4.0,2026-03-08,completed
ORD-116077,P006,South,1.0,2026-04-27,Completed
ORD-116078,P009,South,2.0,2026-05-03,completed
ORD-116079,P008,South,2.0,2026-05-10,completed
ORD-116080,P005,West,5.0,2026-03-20,COMPLETED
ORD-116081,P008,South,3.0,2026-04-10,cancelled
ORD-116082,P003,North,3.0,2026-04-07,pending
ORD-116083,P001,South,2.0,2026-06-09,Completed
ORD-116084,P009,South,1.0,2026-01-11,pending
ORD-116085,P009,North,2.0,2026-05-22,COMPLETED
ORD-116086,P003,East,3.0,2026-03-05,cancelled
ORD-116087,P002,East,4.0,2026-02-07,cancelled
ORD-116088,P009,South,3.0,2026-05-08,cancelled
ORD-116089,P006,North,2.0,2026-04-04,pending
ORD-116090,P005,North,3.0,2026-03-02,Completed
ORD-116091,P005,East,3.0,2026-02-08,Completed
ORD-116092,P003,South,5.0,2026-01-11,completed
ORD-116093,P006,South,5.0,2026-03-05,COMPLETED
ORD-116094,P005,West,2.0,2026-03-04,cancelled
ORD-116095,P003,East,5.0,2026-03-24,Completed
ORD-116096,P009,East,1.0,2026-06-10,COMPLETED
ORD-116097,P010,West,5.0,2026-03-31,COMPLETED
ORD-116098,P008,West,2.0,2026-04-11,COMPLETED
ORD-116099,P005,North,3.0,2026-01-13,Completed
ORD-116100,P003,East,3.0,2026-01-13,pending
ORD-116101,P009,South,2.0,2026-01-02,completed
ORD-116102,P008,West,3.0,2026-05-23,completed
ORD-116103,P006,East,2.0,2026-01-13,pending
ORD-116104,P007,West,3.0,2026-01-14,Completed
ORD-116105,P010,West,3.0,2026-05-11,COMPLETED
ORD-116106,P005,South,2.0,2026-02-06,pending
ORD-116107,P003,West,1.0,2026-03-21,pending
ORD-116108,P002,South,3.0,2026-04-30,COMPLETED
ORD-116109,P003,South,3.0,2026-04-06,Completed
ORD-116110,P006,West,2.0,2026-05-27,cancelled
ORD-116111,P005,North,2.0,2026-01-27,completed
ORD-116112,P004,East,1.0,2026-05-26,completed
ORD-116113,P007,South,5.0,2026-05-02,cancelled
ORD-116114,P007,South,1.0,2026-02-15,COMPLETED
ORD-116115,P005,South,5.0,2026-03-20,pending
ORD-116116,P004,East,4.0,2026-06-14,COMPLETED
ORD-116117,P009,South,1.0,2026-03-11,Completed
ORD-116118,P008,North,2.0,2026-06-17,completed
ORD-116119,P010,South,1.0,2026-02-06,COMPLETED
ORD-116120,P009,East,3.0,2026-06-09,Completed
ORD-116121,P004,East,1.0,2026-01-14,COMPLETED
ORD-116122,P003,West,2.0,2026-03-18,cancelled
ORD-116123,P002,West,1.0,2026-01-10,Completed
ORD-116124,P005,East,5.0,2026-05-31,pending
ORD-116125,P002,North,2.0,2026-06-02,pending
ORD-116126,P002,West,3.0,2026-06-01,Completed
ORD-116127,P007,East,1.0,2026-06-07,completed
ORD-116128,P008,South,3.0,2026-06-25,cancelled
ORD-116129,P007,South,5.0,2026-01-05,completed
ORD-116130,P002,North,5.0,2026-03-02,cancelled
ORD-116131,P002,North,2.0,2026-05-16,completed
ORD-116132,P004,West,1.0,2026-03-09,pending
ORD-116133,P001,South,4.0,2026-02-26,completed
ORD-116134,P008,East,4.0,2026-01-21,cancelled
ORD-116135,P002,North,2.0,2026-03-12,Completed
ORD-116136,P001,North,,2026-06-29,cancelled
ORD-116137,P004,East,5.0,2026-06-22,Completed
ORD-116138,P002,West,1.0,2026-01-07,Completed
ORD-116139,P009,North,5.0,2026-05-09,COMPLETED
ORD-116140,P001,West,4.0,2026-03-06,COMPLETED
ORD-116141,P001,South,2.0,2026-05-19,completed
ORD-116142,P002,West,,2026-05-22,pending
ORD-116143,P001,North,4.0,2026-05-29,cancelled
ORD-116144,P006,North,3.0,2026-06-14,cancelled
ORD-116145,P003,East,3.0,2026-03-06,Completed
ORD-116146,P009,North,3.0,2026-01-23,Completed
ORD-116147,P010,East,5.0,2026-05-10,COMPLETED
ORD-116148,P002,West,5.0,2026-03-04,cancelled
ORD-116149,P003,East,3.0,2026-05-06,pending
ORD-116150,P002,South,,2026-03-14,Completed
ORD-116151,P004,East,5.0,2026-03-15,pending
ORD-116152,P003,East,4.0,2026-05-05,cancelled
ORD-116153,P003,North,4.0,2026-06-20,pending
ORD-116154,P006,East,4.0,2026-04-01,completed
ORD-116155,P006,West,5.0,2026-05-10,completed
ORD-116156,P008,South,1.0,2026-04-10,Completed
ORD-116157,P010,East,5.0,2026-04-10,Completed
ORD-116158,P002,East,3.0,2026-05-11,pending
ORD-116159,P001,East,3.0,2026-04-14,pending
ORD-116160,P010,South,5.0,2026-04-20,pending
ORD-116161,P008,North,4.0,2026-06-13,pending
ORD-116162,P009,South,3.0,2026-05-11,completed
ORD-116163,P010,North,3.0,2026-04-22,pending
ORD-116164,P007,East,1.0,2026-01-16,COMPLETED
ORD-116165,P006,North,4.0,2026-05-10,pending
ORD-116166,P002,South,3.0,2026-02-09,cancelled
ORD-116167,P006,North,1.0,2026-02-25,COMPLETED
ORD-116168,P009,East,2.0,2026-06-26,pending
ORD-116169,P010,North,1.0,2026-01-25,completed
ORD-116170,P010,South,4.0,2026-04-30,Completed
ORD-116171,P006,East,1.0,2026-05-24,COMPLETED
ORD-116172,P001,South,4.0,2026-05-29,Completed
ORD-116173,P003,North,1.0,2026-04-09,pending
ORD-116174,P003,West,2.0,2026-05-18,pending
ORD-116175,P009,West,3.0,2026-04-05,cancelled
ORD-116176,P007,East,4.0,2026-04-05,Completed
ORD-116177,P001,West,4.0,2026-02-03,pending
ORD-116178,P006,North,,2026-05-13,COMPLETED
ORD-116179,P009,North,3.0,2026-06-19,pending
ORD-116180,P005,West,1.0,2026-01-17,completed
ORD-116181,P007,South,5.0,2026-06-19,Completed
ORD-116182,P002,West,2.0,2026-05-25,completed
ORD-116183,P009,South,4.0,2026-04-13,cancelled
ORD-116184,P001,South,1.0,2026-03-18,pending
ORD-116185,P010,South,2.0,2026-03-29,completed
ORD-116186,P007,East,3.0,2026-06-05,COMPLETED
ORD-116187,P010,East,1.0,2026-05-07,COMPLETED
ORD-116188,P006,West,3.0,2026-01-28,completed
ORD-116189,P006,East,2.0,2026-05-12,COMPLETED
ORD-116190,P006,South,,2026-05-30,completed
ORD-116191,P004,South,3.0,2026-03-17,cancelled
ORD-116192,P004,South,1.0,2026-02-20,Completed
ORD-116193,P009,West,3.0,2026-06-11,Completed
ORD-116194,P010,North,2.0,2026-03-07,cancelled
ORD-116195,P002,East,4.0,2026-04-29,COMPLETED
ORD-116196,P009,South,5.0,2026-04-09,COMPLETED
ORD-116197,P008,South,1.0,2026-03-11,cancelled
ORD-116198,P005,West,1.0,2026-04-25,COMPLETED
ORD-116199,P004,North,4.0,2026-04-20,COMPLETED
ORD-116200,P004,North,4.0,2026-03-02,COMPLETED
ORD-116201,P001,South,1.0,2026-03-18,COMPLETED
ORD-116202,P010,West,,2026-05-27,cancelled
ORD-116203,P003,North,2.0,2026-05-17,Completed
ORD-116204,P007,South,1.0,2026-05-10,cancelled
ORD-116205,P001,East,4.0,2026-04-16,pending
ORD-116206,P002,South,4.0,2026-06-19,cancelled
ORD-116207,P004,North,4.0,2026-01-19,pending
ORD-116208,P003,South,1.0,2026-01-31,cancelled
ORD-116209,P001,West,2.0,2026-05-11,COMPLETED
ORD-116210,P002,West,4.0,2026-05-14,Completed
ORD-116211,P009,East,4.0,2026-03-28,Completed
ORD-116212,P007,East,2.0,2026-04-26,COMPLETED
ORD-116213,P006,North,2.0,2026-05-12,Completed
ORD-116214,P003,East,5.0,2026-03-23,cancelled
ORD-116215,P005,West,5.0,2026-05-20,cancelled
ORD-116216,P001,South,1.0,2026-03-20,Completed
ORD-116217,P005,East,5.0,2026-03-13,completed
ORD-116218,P003,West,2.0,2026-02-26,COMPLETED
ORD-116219,P001,East,1.0,2026-02-07,pending
ORD-116220,P008,West,5.0,2026-05-27,Completed
ORD-116221,P009,West,4.0,2026-06-28,cancelled
ORD-116222,P002,North,5.0,2026-03-07,cancelled
ORD-116223,P009,North,5.0,2026-06-28,pending
ORD-116224,P009,North,,2026-03-25,completed
ORD-116225,P002,East,2.0,2026-05-17,COMPLETED
ORD-116226,P003,East,,2026-04-19,completed
ORD-116227,P008,East,2.0,2026-06-07,completed
ORD-116228,P010,West,3.0,2026-01-26,Completed
ORD-116229,P002,West,1.0,2026-03-14,pending
ORD-116230,P008,North,4.0,2026-03-29,cancelled
ORD-116231,P007,East,1.0,2026-04-18,completed
ORD-116232,P008,North,2.0,2026-02-03,Completed
ORD-116233,P006,East,4.0,2026-05-18,Completed
ORD-116234,P009,East,4.0,2026-02-10,completed
ORD-116235,P003,East,3.0,2026-01-30,COMPLETED
ORD-116236,P001,East,5.0,2026-06-13,completed
ORD-116237,P005,West,3.0,2026-06-07,completed
ORD-116238,P010,South,4.0,2026-03-16,pending
ORD-116239,P003,West,4.0,2026-01-19,cancelled
ORD-116240,P010,West,4.0,2026-04-23,COMPLETED
ORD-116241,P010,North,1.0,2026-03-02,cancelled
ORD-116242,P002,West,5.0,2026-06-12,COMPLETED
ORD-116243,P005,East,1.0,2026-03-07,cancelled
ORD-116244,P001,North,5.0,2026-02-26,cancelled
ORD-116245,P004,North,5.0,2026-03-04,COMPLETED
ORD-116246,P004,North,1.0,2026-01-12,Completed
ORD-116247,P005,West,2.0,2026-05-22,Completed
ORD-116248,P008,South,3.0,2026-03-11,completed
ORD-116249,P005,East,,2026-02-28,completed
ORD-116250,P005,North,3.0,2026-06-22,pending
ORD-116251,P009,North,4.0,2026-01-15,cancelled
ORD-116252,P004,West,5.0,2026-04-26,Completed
ORD-116253,P006,East,1.0,2026-01-08,COMPLETED
ORD-116254,P006,North,1.0,2026-02-16,completed
ORD-116255,P005,North,5.0,2026-06-17,pending
ORD-116256,P007,East,5.0,2026-06-17,COMPLETED
ORD-116257,P002,West,4.0,2026-05-12,completed
ORD-116258,P005,South,3.0,2026-01-06,COMPLETED
ORD-116259,P001,North,,2026-04-14,Completed
ORD-116260,P003,West,5.0,2026-04-02,cancelled
ORD-116261,P010,North,1.0,2026-05-07,cancelled
ORD-116262,P010,South,4.0,2026-05-16,Completed
ORD-116263,P010,South,1.0,2026-04-23,Completed
ORD-116264,P008,South,4.0,2026-01-14,Completed
ORD-116265,P001,North,2.0,2026-04-25,COMPLETED
ORD-116266,P003,West,2.0,2026-06-22,pending
ORD-116267,P008,South,1.0,2026-03-01,cancelled
ORD-116268,P003,East,4.0,2026-01-03,COMPLETED
ORD-116269,P008,East,4.0,2026-05-20,Completed
ORD-116270,P008,South,3.0,2026-01-27,completed
ORD-116271,P002,South,2.0,2026-02-28,cancelled
ORD-116272,P004,West,1.0,2026-02-27,Completed
ORD-116273,P008,South,3.0,2026-04-03,COMPLETED
ORD-116274,P005,South,4.0,2026-06-09,cancelled
ORD-116275,P006,North,2.0,2026-01-09,COMPLETED
ORD-116276,P005,West,5.0,2026-02-25,completed
ORD-116277,P006,South,2.0,2026-02-26,pending
ORD-116278,P006,East,3.0,2026-04-22,Completed
ORD-116279,P004,North,5.0,2026-05-04,COMPLETED
ORD-116280,P006,South,2.0,2026-01-26,pending
ORD-116281,P005,West,1.0,2026-02-26,Completed
ORD-116282,P006,East,4.0,2026-06-26,COMPLETED
ORD-116283,P001,West,5.0,2026-02-12,pending
ORD-116284,P009,North,1.0,2026-06-04,completed
ORD-116285,P002,North,1.0,2026-01-19,COMPLETED
ORD-116286,P003,East,5.0,2026-05-19,Completed
ORD-116287,P001,South,4.0,2026-05-17,pending
ORD-116288,P002,North,4.0,2026-06-25,cancelled
ORD-116289,P010,North,4.0,2026-05-22,COMPLETED
ORD-116290,P006,South,2.0,2026-04-15,cancelled
ORD-116291,P003,South,5.0,2026-05-22,Completed
ORD-116292,P001,South,4.0,2026-04-18,completed
ORD-116293,P007,South,4.0,2026-01-14,COMPLETED
ORD-116294,P003,North,2.0,2026-06-29,cancelled
ORD-116295,P008,North,1.0,2026-01-19,completed
ORD-116296,P009,South,3.0,2026-03-01,completed
ORD-116297,P003,South,5.0,2026-01-21,Completed
ORD-116298,P001,South,2.0,2026-05-10,Completed
ORD-116299,P005,South,3.0,2026-04-21,Completed
ORD-116300,P005,North,1.0,2026-01-03,cancelled
ORD-116301,P005,East,3.0,2026-02-13,COMPLETED
ORD-116302,P008,South,2.0,2026-03-03,cancelled
ORD-116303,P008,West,5.0,2026-01-11,completed
ORD-116304,P010,East,1.0,2026-06-24,COMPLETED
ORD-116305,P003,East,,2026-03-21,COMPLETED
ORD-116306,P008,North,,2026-04-24,Completed
ORD-116307,P008,West,5.0,2026-03-29,cancelled
ORD-116308,P009,West,1.0,2026-05-04,cancelled
ORD-116309,P005,North,3.0,2026-06-08,pending
ORD-116310,P004,West,3.0,2026-05-11,Completed
ORD-116311,P007,West,4.0,2026-06-17,Completed
ORD-116312,P001,South,4.0,2026-04-25,Completed
ORD-116313,P008,West,1.0,2026-04-01,pending
ORD-116314,P003,North,2.0,2026-06-22,completed
ORD-116315,P004,West,4.0,2026-03-05,pending
ORD-116316,P003,East,2.0,2026-05-05,Completed
ORD-116317,P003,East,4.0,2026-02-04,Completed
ORD-116318,P010,South,5.0,2026-04-14,Completed
ORD-116319,P007,North,4.0,2026-04-16,pending
ORD-116320,P007,South,,2026-02-20,COMPLETED
ORD-116321,P002,East,5.0,2026-03-22,cancelled
ORD-116322,P008,East,3.0,2026-06-26,cancelled
ORD-116323,P002,West,4.0,2026-04-13,pending
ORD-116324,P005,East,3.0,2026-05-11,pending
ORD-116325,P004,North,3.0,2026-01-05,COMPLETED
ORD-116326,P001,West,1.0,2026-06-20,Completed
ORD-116327,P004,East,2.0,2026-06-19,cancelled
ORD-116328,P005,North,5.0,2026-06-23,COMPLETED
ORD-116329,P006,East,5.0,2026-01-24,COMPLETED
ORD-116330,P008,South,4.0,2026-02-05,completed
ORD-116331,P006,West,2.0,2026-06-08,cancelled
ORD-116332,P008,West,4.0,2026-01-21,pending
ORD-116333,P002,West,2.0,2026-06-02,completed
ORD-116334,P005,North,4.0,2026-05-21,pending
ORD-116335,P006,North,1.0,2026-04-20,Completed
ORD-116336,P001,East,4.0,2026-04-12,Completed
ORD-116337,P001,East,1.0,2026-02-16,pending
ORD-116338,P001,South,4.0,2026-03-31,Completed
ORD-116339,P010,South,4.0,2026-04-10,pending
ORD-116340,P001,South,3.0,2026-04-03,cancelled
ORD-116341,P007,East,1.0,2026-04-05,pending
ORD-116342,P001,North,4.0,2026-01-28,pending
ORD-116343,P003,North,4.0,2026-06-22,cancelled
ORD-116344,P005,West,4.0,2026-03-03,COMPLETED
ORD-116345,P003,West,3.0,2026-03-09,completed
ORD-116346,P008,North,4.0,2026-06-16,Completed
ORD-116347,P006,West,2.0,2026-05-20,Completed
ORD-116348,P009,East,2.0,2026-05-02,pending
ORD-116349,P010,North,4.0,2026-01-07,COMPLETED
ORD-116350,P002,South,3.0,2026-05-13,Completed
ORD-116351,P001,North,5.0,2026-03-25,Completed
ORD-116352,P010,West,1.0,2026-01-17,completed
ORD-116353,P009,East,4.0,2026-04-11,pending
ORD-116354,P008,West,3.0,2026-05-28,completed
ORD-116355,P006,East,5.0,2026-05-02,pending
ORD-116356,P005,South,5.0,2026-02-22,cancelled
ORD-116357,P007,South,4.0,2026-06-13,Completed
ORD-116358,P001,West,5.0,2026-06-11,Completed
ORD-116359,P008,West,5.0,2026-01-09,COMPLETED
ORD-116360,P007,East,5.0,2026-05-04,pending
ORD-116361,P001,North,5.0,2026-06-13,cancelled
ORD-116362,P005,South,4.0,2026-06-01,pending
ORD-116363,P003,North,3.0,2026-05-06,COMPLETED
ORD-116364,P004,West,3.0,2026-01-20,completed
ORD-116365,P005,East,5.0,2026-02-28,COMPLETED
ORD-116366,P007,North,4.0,2026-04-22,cancelled
ORD-116367,P002,South,2.0,2026-04-15,COMPLETED
ORD-116368,P009,North,2.0,2026-02-09,completed
ORD-116369,P003,South,3.0,2026-05-07,cancelled
ORD-116370,P006,South,2.0,2026-02-12,COMPLETED
ORD-116371,P006,South,2.0,2026-03-17,Completed
ORD-116372,P010,North,1.0,2026-02-25,completed
ORD-116373,P008,West,3.0,2026-06-03,completed
ORD-116374,P005,North,5.0,2026-03-31,COMPLETED
ORD-116375,P005,North,3.0,2026-06-09,pending
ORD-116376,P007,North,1.0,2026-04-21,COMPLETED
ORD-116377,P007,North,4.0,2026-03-02,cancelled
ORD-116378,P001,North,5.0,2026-06-21,pending
ORD-116379,P003,East,4.0,2026-01-04,Completed
ORD-116380,P006,East,1.0,2026-05-18,completed
ORD-116381,P002,South,4.0,2026-05-07,completed
ORD-116382,P006,West,2.0,2026-05-06,pending
ORD-116383,P008,South,3.0,2026-04-06,cancelled
ORD-116384,P006,South,5.0,2026-04-26,COMPLETED
ORD-116385,P007,North,5.0,2026-01-08,pending
ORD-116386,P005,South,5.0,2026-03-29,cancelled
ORD-116387,P010,South,5.0,2026-06-12,COMPLETED
ORD-116388,P008,West,4.0,2026-02-16,completed
ORD-116389,P008,West,5.0,2026-02-16,cancelled
ORD-116390,P004,South,1.0,2026-02-22,cancelled
ORD-116391,P010,East,5.0,2026-05-03,Completed
ORD-116392,P009,West,3.0,2026-05-15,COMPLETED
ORD-116393,P009,North,3.0,2026-06-05,COMPLETED
ORD-116394,P007,West,2.0,2026-06-30,Completed
ORD-116395,P009,West,2.0,2026-05-26,Completed
ORD-116396,P010,West,4.0,2026-06-20,completed
ORD-116397,P002,South,3.0,2026-01-13,cancelled
ORD-116398,P010,South,4.0,2026-05-15,cancelled
ORD-116399,P010,West,3.0,2026-06-05,cancelled
ORD-116400,P009,West,2.0,2026-05-27,Completed
ORD-116401,P008,East,1.0,2026-04-29,COMPLETED
ORD-116402,P006,North,5.0,2026-04-02,Completed
ORD-116403,P005,East,,2026-05-21,cancelled
ORD-116404,P003,East,3.0,2026-05-22,COMPLETED
ORD-116405,P008,South,5.0,2026-05-25,cancelled
ORD-116406,P001,South,4.0,2026-05-28,pending
ORD-116407,P010,North,1.0,2026-05-16,completed
ORD-116408,P009,East,2.0,2026-03-23,pending
ORD-116409,P003,East,5.0,2026-06-02,cancelled
ORD-116410,P006,East,2.0,2026-01-05,COMPLETED
ORD-116411,P007,North,1.0,2026-02-24,completed
ORD-116412,P001,South,1.0,2026-01-10,completed
ORD-116413,P008,North,1.0,2026-03-11,completed
ORD-116414,P010,North,2.0,2026-01-23,pending
ORD-116415,P001,South,5.0,2026-04-25,COMPLETED
ORD-116416,P005,East,2.0,2026-04-26,Completed
ORD-116417,P007,West,4.0,2026-06-08,cancelled
ORD-116418,P004,West,1.0,2026-05-20,pending
ORD-116419,P007,East,3.0,2026-02-28,COMPLETED
ORD-116420,P005,North,1.0,2026-05-01,cancelled
ORD-116421,P009,East,4.0,2026-01-14,completed
ORD-116422,P003,West,1.0,2026-06-01,completed
ORD-116423,P008,South,3.0,2026-04-20,pending
ORD-116424,P009,South,3.0,2026-05-01,completed
ORD-116425,P004,North,2.0,2026-03-05,COMPLETED
ORD-116426,P003,East,2.0,2026-06-24,Completed
ORD-116427,P001,North,4.0,2026-05-22,COMPLETED
ORD-116428,P010,South,5.0,2026-06-02,completed
ORD-116429,P001,North,3.0,2026-01-25,completed
ORD-116430,P002,South,3.0,2026-05-07,COMPLETED
ORD-116431,P007,West,5.0,2026-05-08,COMPLETED
ORD-116432,P003,North,2.0,2026-04-12,cancelled
ORD-116433,P009,East,2.0,2026-01-22,pending
ORD-116434,P003,North,5.0,2026-05-30,pending
ORD-116435,P009,East,1.0,2026-01-11,pending
ORD-116436,P009,North,1.0,2026-06-16,completed
ORD-116437,P002,North,4.0,2026-04-06,cancelled
ORD-116438,P001,East,2.0,2026-04-26,COMPLETED
ORD-116439,P008,South,4.0,2026-06-10,Completed
ORD-116440,P009,North,3.0,2026-05-25,completed
ORD-116441,P006,East,2.0,2026-04-16,completed
ORD-116442,P003,East,2.0,2026-03-13,pending
ORD-116443,P006,East,3.0,2026-05-29,Completed
ORD-116444,P010,East,1.0,2026-02-17,pending
ORD-116445,P001,South,3.0,2026-03-16,pending
ORD-116446,P005,South,5.0,2026-03-01,completed
ORD-116447,P004,North,2.0,2026-05-03,Completed
ORD-116448,P005,North,3.0,2026-03-06,cancelled
ORD-116449,P004,South,5.0,2026-02-18,pending
ORD-116450,P005,South,,2026-03-24,completed
ORD-116451,P007,West,3.0,2026-06-06,Completed
ORD-116452,P006,South,5.0,2026-05-06,Completed
ORD-116453,P006,West,1.0,2026-05-25,completed
ORD-116454,P007,West,5.0,2026-05-27,completed
ORD-116455,P002,East,2.0,2026-04-15,Completed
ORD-116456,P008,North,3.0,2026-01-03,completed
ORD-116457,P006,North,3.0,2026-04-04,completed
ORD-116458,P008,East,5.0,2026-05-05,cancelled
ORD-116459,P002,South,3.0,2026-06-16,pending
ORD-116460,P008,West,5.0,2026-04-07,completed
ORD-116461,P010,North,4.0,2026-01-22,Completed
ORD-116462,P003,West,2.0,2026-03-01,COMPLETED
ORD-116463,P004,West,4.0,2026-04-23,completed
ORD-116464,P002,South,1.0,2026-06-11,cancelled
ORD-116465,P009,West,2.0,2026-05-22,Completed
ORD-116466,P003,North,5.0,2026-03-01,COMPLETED
ORD-116467,P009,East,5.0,2026-04-13,completed
ORD-116468,P008,East,1.0,2026-01-10,Completed
ORD-116469,P001,North,4.0,2026-05-04,completed
ORD-116470,P002,East,2.0,2026-01-10,COMPLETED
ORD-116471,P005,North,2.0,2026-01-17,pending
ORD-116472,P008,North,2.0,2026-03-01,completed
ORD-116473,P001,North,4.0,2026-04-05,pending
ORD-116474,P002,West,1.0,2026-03-21,completed
ORD-116475,P008,East,2.0,2026-04-09,cancelled
ORD-116476,P004,East,2.0,2026-01-27,pending
ORD-116477,P003,South,3.0,2026-06-12,Completed
ORD-116478,P010,North,3.0,2026-03-27,Completed
ORD-116479,P009,North,2.0,2026-03-18,COMPLETED
ORD-116480,P001,West,4.0,2026-06-03,completed
ORD-116481,P007,East,2.0,2026-04-16,completed
ORD-116482,P002,North,2.0,2026-02-27,cancelled
ORD-116483,P008,North,1.0,2026-03-17,pending
ORD-116484,P005,South,2.0,2026-02-14,Completed
ORD-116485,P001,South,1.0,2026-03-21,completed
ORD-116486,P007,South,3.0,2026-02-14,completed
ORD-116487,P005,South,4.0,2026-04-23,Completed
ORD-116488,P005,West,2.0,2026-03-30,COMPLETED
ORD-116489,P007,East,4.0,2026-06-22,cancelled
ORD-116490,P005,South,3.0,2026-06-08,completed
ORD-116491,P010,North,2.0,2026-06-03,cancelled
ORD-116492,P007,North,3.0,2026-04-14,pending
ORD-116493,P004,West,3.0,2026-04-28,cancelled
ORD-116494,P005,North,3.0,2026-03-09,Completed
ORD-116495,P010,West,5.0,2026-04-07,cancelled
ORD-116496,P001,East,,2026-03-20,completed
ORD-116497,P009,North,3.0,2026-04-04,pending
ORD-116498,P007,West,4.0,2026-05-20,pending
ORD-116499,P010,East,5.0,2026-03-17,pending
ORD-116500,P002,East,2.0,2026-03-02,completed
ORD-116501,P007,East,1.0,2026-05-01,Completed
ORD-116502,P002,South,5.0,2026-01-01,pending
ORD-116503,P003,East,4.0,2026-06-08,pending
ORD-116504,P008,West,4.0,2026-02-28,pending
ORD-116505,P010,North,5.0,2026-06-20,cancelled
ORD-116506,P003,South,2.0,2026-02-14,completed
ORD-116507,P002,South,2.0,2026-06-19,COMPLETED
ORD-116508,P001,East,3.0,2026-03-12,completed
ORD-116509,P008,North,1.0,2026-02-03,Completed
ORD-116510,P006,West,4.0,2026-05-31,cancelled
ORD-116511,P010,East,1.0,2026-06-30,Completed
ORD-116512,P010,East,1.0,2026-02-18,pending
ORD-116513,P004,South,3.0,2026-04-14,pending
ORD-116514,P008,West,5.0,2026-04-04,cancelled
ORD-116515,P008,North,4.0,2026-04-09,COMPLETED
ORD-116516,P002,South,1.0,2026-03-07,completed
ORD-116517,P001,West,1.0,2026-05-28,COMPLETED
ORD-116518,P002,North,2.0,2026-05-12,cancelled
ORD-116519,P007,North,4.0,2026-02-06,completed
ORD-116520,P001,North,4.0,2026-02-13,COMPLETED
ORD-116521,P006,South,4.0,2026-01-30,Completed
ORD-116522,P002,North,1.0,2026-01-15,cancelled
ORD-116523,P001,South,,2026-01-01,pending
ORD-116524,P006,West,1.0,2026-05-30,cancelled
ORD-116525,P002,East,3.0,2026-02-14,completed
ORD-116526,P010,North,2.0,2026-04-04,Completed
ORD-116527,P003,West,3.0,2026-04-18,completed
ORD-116528,P010,North,1.0,2026-05-19,COMPLETED
ORD-116529,P007,East,1.0,2026-05-26,COMPLETED
ORD-116530,P006,East,3.0,2026-04-24,Completed
ORD-116531,P006,South,,2026-01-19,COMPLETED
ORD-116532,P006,East,5.0,2026-02-01,COMPLETED
ORD-116533,P004,East,5.0,2026-04-11,COMPLETED
ORD-116534,P009,West,3.0,2026-04-10,COMPLETED
ORD-116535,P004,South,5.0,2026-01-08,completed
ORD-116536,P002,East,4.0,2026-04-28,completed
ORD-116537,P009,North,3.0,2026-03-27,COMPLETED
ORD-116538,P001,South,3.0,2026-03-10,cancelled
ORD-116539,P007,South,3.0,2026-05-18,COMPLETED
ORD-116540,P002,South,4.0,2026-02-27,completed
ORD-116541,P008,North,3.0,2026-05-02,Completed
ORD-116542,P010,South,3.0,2026-06-26,cancelled
ORD-116543,P009,West,3.0,2026-03-08,completed
ORD-116544,P006,West,3.0,2026-03-18,COMPLETED
ORD-116545,P006,North,5.0,2026-02-24,cancelled
ORD-116546,P008,South,2.0,2026-05-14,cancelled
ORD-116547,P009,South,4.0,2026-03-11,COMPLETED
ORD-116548,P001,North,1.0,2026-03-22,cancelled
ORD-116549,P006,South,5.0,2026-05-04,Completed
ORD-116550,P007,South,3.0,2026-01-29,Completed
ORD-116551,P001,North,4.0,2026-06-23,Completed
ORD-116552,P005,South,4.0,2026-01-02,COMPLETED
ORD-116553,P007,East,3.0,2026-02-09,Completed
ORD-116554,P010,South,3.0,2026-02-26,COMPLETED
ORD-116555,P003,North,4.0,2026-06-26,completed
ORD-116556,P008,North,2.0,2026-03-31,completed
ORD-116557,P002,North,2.0,2026-04-22,COMPLETED
ORD-116558,P001,West,4.0,2026-02-18,completed
ORD-116559,P009,West,3.0,2026-02-06,cancelled
ORD-116560,P006,East,4.0,2026-06-28,COMPLETED
ORD-116561,P006,South,1.0,2026-06-11,completed
ORD-116562,P010,North,2.0,2026-02-23,pending
ORD-116563,P010,South,2.0,2026-04-13,Completed
ORD-116564,P002,South,3.0,2026-02-28,pending
ORD-116565,P007,West,3.0,2026-02-15,completed
ORD-116566,P004,East,1.0,2026-05-18,COMPLETED
ORD-116567,P005,West,1.0,2026-05-23,completed
ORD-116568,P002,South,1.0,2026-04-14,completed
ORD-116569,P001,South,5.0,2026-03-21,pending
ORD-116570,P010,West,1.0,2026-02-25,cancelled
ORD-116571,P004,North,4.0,2026-02-18,cancelled
ORD-116572,P002,South,2.0,2026-03-09,completed
ORD-116573,P005,South,5.0,2026-01-10,pending
ORD-116574,P009,South,3.0,2026-05-26,Completed
ORD-116575,P002,North,3.0,2026-05-07,Completed
ORD-116576,P003,North,3.0,2026-02-20,completed
ORD-116577,P006,South,4.0,2026-06-12,COMPLETED
ORD-116578,P006,South,3.0,2026-05-26,Completed
ORD-116579,P003,South,3.0,2026-03-10,cancelled
ORD-116580,P006,East,2.0,2026-05-27,COMPLETED
ORD-116581,P010,West,5.0,2026-02-15,cancelled
ORD-116582,P006,South,4.0,2026-02-12,completed
ORD-116583,P003,South,5.0,2026-04-20,COMPLETED
ORD-116584,P003,East,2.0,2026-02-08,completed
ORD-116585,P007,South,2.0,2026-04-25,pending
ORD-116586,P009,East,4.0,2026-05-13,completed
ORD-116587,P001,West,2.0,2026-05-14,cancelled
ORD-116588,P006,North,1.0,2026-06-05,cancelled
ORD-116589,P007,East,1.0,2026-06-09,COMPLETED
ORD-116590,P006,South,3.0,2026-04-08,COMPLETED
ORD-116591,P010,South,1.0,2026-02-28,pending
ORD-116592,P007,North,5.0,2026-02-12,COMPLETED
ORD-116593,P002,East,2.0,2026-03-28,pending
ORD-116594,P009,West,4.0,2026-03-15,COMPLETED
ORD-116595,P004,East,2.0,2026-05-14,cancelled
ORD-116596,P006,South,4.0,2026-05-26,cancelled
ORD-116597,P002,South,4.0,2026-02-01,cancelled
ORD-116598,P002,West,1.0,2026-03-26,COMPLETED
ORD-116599,P009,North,5.0,2026-05-01,cancelled
ORD-116600,P003,East,1.0,2026-05-14,completed
ORD-116601,P007,West,3.0,2026-04-30,COMPLETED
ORD-116602,P001,West,2.0,2026-04-02,completed
ORD-116603,P002,West,5.0,2026-05-15,COMPLETED
ORD-116604,P007,North,5.0,2026-03-25,completed
ORD-116605,P006,South,3.0,2026-06-10,Completed
ORD-116606,P005,East,,2026-04-18,Completed
ORD-116607,P003,North,2.0,2026-03-16,completed
ORD-116608,P008,South,5.0,2026-01-03,COMPLETED
ORD-116609,P005,South,3.0,2026-06-13,pending
ORD-116610,P010,South,4.0,2026-05-15,Completed
ORD-116611,P009,East,1.0,2026-05-31,pending
ORD-116612,P010,South,4.0,2026-05-06,COMPLETED
ORD-116613,P005,West,1.0,2026-05-06,completed
ORD-116614,P002,North,2.0,2026-06-14,pending
ORD-116615,P010,North,2.0,2026-01-14,COMPLETED
ORD-116616,P009,East,4.0,2026-05-08,completed
ORD-116617,P001,East,1.0,2026-02-05,pending
ORD-116618,P006,East,3.0,2026-06-12,COMPLETED
ORD-116619,P010,North,3.0,2026-05-28,COMPLETED
ORD-116620,P001,West,5.0,2026-01-30,COMPLETED
ORD-116621,P001,East,5.0,2026-02-19,Completed
ORD-116622,P006,North,5.0,2026-02-27,completed
ORD-116623,P004,East,2.0,2026-03-25,cancelled
ORD-116624,P005,North,2.0,2026-01-02,pending
ORD-116625,P008,East,5.0,2026-03-31,cancelled
ORD-116626,P009,West,4.0,2026-01-16,COMPLETED
ORD-116627,P004,West,5.0,2026-01-08,cancelled
ORD-116628,P006,South,5.0,2026-01-11,cancelled
ORD-116629,P004,South,1.0,2026-04-10,pending
ORD-116630,P005,North,3.0,2026-05-11,COMPLETED
ORD-116631,P006,East,5.0,2026-05-16,completed
ORD-116632,P002,West,2.0,2026-04-18,COMPLETED
ORD-116633,P008,South,1.0,2026-03-16,pending
ORD-116634,P010,East,3.0,2026-01-18,completed
ORD-116635,P010,North,4.0,2026-04-23,completed
ORD-116636,P001,North,2.0,2026-02-09,COMPLETED
ORD-116637,P010,East,4.0,2026-02-15,completed
ORD-116638,P009,North,5.0,2026-02-28,cancelled
ORD-116639,P003,North,5.0,2026-05-21,pending
ORD-116640,P010,South,3.0,2026-06-04,completed
ORD-116641,P001,South,5.0,2026-04-29,Completed
ORD-116642,P002,South,3.0,2026-06-23,completed
ORD-116643,P010,North,2.0,2026-01-25,Completed
ORD-116644,P006,North,2.0,2026-05-31,COMPLETED
ORD-116645,P006,East,1.0,2026-02-24,completed
ORD-116646,P006,North,5.0,2026-04-05,Completed
ORD-116647,P002,South,3.0,2026-01-12,Completed
ORD-116648,P008,South,1.0,2026-01-06,pending
ORD-116649,P005,North,2.0,2026-03-20,pending
ORD-116650,P001,East,3.0,2026-05-08,completed
ORD-116651,P006,East,3.0,2026-06-11,pending
ORD-116652,P007,East,4.0,2026-03-19,COMPLETED
ORD-116653,P007,North,2.0,2026-04-04,completed
ORD-116654,P004,North,4.0,2026-03-11,Completed
ORD-116655,P009,East,2.0,2026-05-12,COMPLETED
ORD-116656,P008,South,3.0,2026-03-28,pending
ORD-116657,P001,North,2.0,2026-05-15,cancelled
ORD-116658,P003,South,5.0,2026-03-01,cancelled
ORD-116659,P002,South,1.0,2026-06-01,Completed
ORD-116660,P001,North,3.0,2026-04-25,cancelled
ORD-116661,P004,East,1.0,2026-06-04,completed
ORD-116662,P009,North,4.0,2026-06-24,COMPLETED
ORD-116663,P005,North,4.0,2026-01-19,Completed
ORD-116664,P004,East,4.0,2026-01-07,Completed
ORD-116665,P010,North,5.0,2026-05-12,cancelled
ORD-116666,P009,South,3.0,2026-05-13,Completed
ORD-116667,P005,North,4.0,2026-06-12,COMPLETED
ORD-116668,P001,West,,2026-03-04,pending
ORD-116669,P002,South,,2026-06-04,completed
ORD-116670,P003,North,1.0,2026-04-30,completed
ORD-116671,P010,East,4.0,2026-05-12,COMPLETED
ORD-116672,P003,South,2.0,2026-03-19,Completed
ORD-116673,P005,North,4.0,2026-02-24,Completed
ORD-116674,P003,South,4.0,2026-03-31,pending
ORD-116675,P002,South,3.0,2026-01-04,completed
ORD-116676,P006,East,5.0,2026-03-14,COMPLETED
ORD-116677,P009,East,1.0,2026-01-19,completed
ORD-116678,P003,South,2.0,2026-01-06,completed
ORD-116679,P002,South,1.0,2026-04-16,completed
ORD-116680,P007,East,2.0,2026-04-04,pending
ORD-116681,P005,South,2.0,2026-02-03,completed
ORD-116682,P008,West,1.0,2026-06-19,pending
ORD-116683,P008,North,1.0,2026-02-25,completed
ORD-116684,P002,East,5.0,2026-01-12,pending
ORD-116685,P010,North,4.0,2026-06-07,cancelled
ORD-116686,P010,East,4.0,2026-05-21,COMPLETED
ORD-116687,P010,West,1.0,2026-01-16,pending
ORD-116688,P005,East,1.0,2026-01-14,completed
ORD-116689,P007,South,1.0,2026-02-23,completed
ORD-116690,P007,South,1.0,2026-04-13,Completed
ORD-116691,P010,South,2.0,2026-02-23,cancelled
ORD-116692,P002,East,5.0,2026-05-07,pending
ORD-116693,P010,South,4.0,2026-05-09,COMPLETED
ORD-116694,P005,East,2.0,2026-05-15,COMPLETED
ORD-116695,P002,East,1.0,2026-05-08,cancelled
ORD-116696,P005,West,3.0,2026-05-24,cancelled
ORD-116697,P005,North,3.0,2026-01-05,pending
ORD-116698,P002,South,5.0,2026-02-21,COMPLETED
ORD-116699,P008,West,4.0,2026-02-12,Completed
ORD-116700,P002,West,4.0,2026-03-28,completed
ORD-116701,P006,East,2.0,2026-04-29,COMPLETED
ORD-116702,P006,North,4.0,2026-06-14,COMPLETED
ORD-116703,P010,North,4.0,2026-03-03,pending
ORD-116704,P005,South,4.0,2026-04-06,cancelled
ORD-116705,P003,South,4.0,2026-03-21,completed
ORD-116706,P002,South,1.0,2026-03-21,completed
ORD-116707,P003,West,2.0,2026-04-07,pending
ORD-116708,P010,West,5.0,2026-01-06,completed
ORD-116709,P005,South,4.0,2026-04-16,COMPLETED
ORD-116710,P004,East,5.0,2026-01-16,cancelled
ORD-116711,P010,West,4.0,2026-04-21,completed
ORD-116712,P006,West,4.0,2026-04-23,completed
ORD-116713,P001,South,5.0,2026-01-24,completed
ORD-116714,P001,East,5.0,2026-02-06,completed
ORD-116715,P001,South,3.0,2026-01-04,Completed
ORD-116716,P004,South,5.0,2026-03-21,COMPLETED
ORD-116717,P008,South,4.0,2026-01-04,Completed
ORD-116718,P004,East,3.0,2026-04-09,cancelled
ORD-116719,P008,West,4.0,2026-06-28,pending
ORD-116720,P006,East,3.0,2026-04-26,COMPLETED
ORD-116721,P003,South,1.0,2026-05-13,pending
ORD-116722,P004,West,1.0,2026-02-22,pending
ORD-116723,P003,West,3.0,2026-02-12,COMPLETED
ORD-116724,P009,West,5.0,2026-04-27,pending
ORD-116725,P010,West,4.0,2026-05-09,pending
ORD-116726,P004,West,5.0,2026-06-21,cancelled
ORD-116727,P004,East,3.0,2026-05-29,COMPLETED
ORD-116728,P004,South,5.0,2026-05-05,Completed
ORD-116729,P010,North,3.0,2026-03-03,completed
ORD-116730,P004,West,2.0,2026-06-28,cancelled
ORD-116731,P008,East,4.0,2026-01-21,completed
ORD-116732,P004,North,3.0,2026-06-15,pending
ORD-116733,P001,South,5.0,2026-01-14,completed
ORD-116734,P008,South,1.0,2026-02-20,COMPLETED
ORD-116735,P001,West,1.0,2026-03-16,cancelled
ORD-116736,P002,South,2.0,2026-02-09,pending
ORD-116737,P010,South,3.0,2026-02-20,cancelled
ORD-116738,P006,East,3.0,2026-04-25,pending
ORD-116739,P003,West,2.0,2026-04-01,Completed
ORD-116740,P008,South,2.0,2026-04-26,pending
ORD-116741,P004,East,2.0,2026-03-13,pending
ORD-116742,P006,East,5.0,2026-01-27,cancelled
ORD-116743,P009,North,5.0,2026-04-29,COMPLETED
ORD-116744,P001,East,2.0,2026-03-04,cancelled
ORD-116745,P007,North,2.0,2026-04-01,Completed
ORD-116746,P001,West,2.0,2026-06-04,completed
ORD-116747,P007,East,5.0,2026-02-13,COMPLETED
ORD-116748,P008,East,4.0,2026-05-18,COMPLETED
ORD-116749,P009,North,1.0,2026-04-01,pending
ORD-116750,P007,North,4.0,2026-01-17,Completed
ORD-116751,P007,East,2.0,2026-06-17,pending
ORD-116752,P005,North,4.0,2026-04-12,COMPLETED
ORD-116753,P005,North,3.0,2026-02-28,completed
ORD-116754,P001,East,5.0,2026-04-20,pending
ORD-116755,P007,West,2.0,2026-06-11,Completed
ORD-116756,P007,East,5.0,2026-03-27,pending
ORD-116757,P010,South,2.0,2026-02-23,pending
ORD-116758,P010,North,3.0,2026-03-05,Completed
ORD-116759,P004,North,1.0,2026-01-03,cancelled
ORD-116760,P007,East,2.0,2026-06-12,COMPLETED
ORD-116761,P004,East,4.0,2026-01-18,COMPLETED
ORD-116762,P010,North,3.0,2026-06-07,pending
ORD-116763,P005,South,2.0,2026-04-12,completed
ORD-116764,P005,East,2.0,2026-02-21,COMPLETED
ORD-116765,P002,East,3.0,2026-01-18,pending
ORD-116766,P006,North,5.0,2026-03-13,completed
ORD-116767,P010,South,,2026-03-12,COMPLETED
ORD-116768,P004,North,5.0,2026-03-12,COMPLETED
ORD-116769,P007,East,3.0,2026-04-27,completed
ORD-116770,P002,East,3.0,2026-03-19,Completed
ORD-116771,P004,East,3.0,2026-06-01,cancelled
ORD-116772,P005,North,4.0,2026-04-20,pending
ORD-116773,P001,South,3.0,2026-05-19,cancelled
ORD-116774,P006,North,2.0,2026-02-20,Completed
ORD-116775,P010,East,2.0,2026-05-27,completed
ORD-116776,P006,South,2.0,2026-04-25,completed
ORD-116777,P005,West,3.0,2026-05-23,COMPLETED
ORD-116778,P010,East,2.0,2026-04-17,pending
ORD-116779,P010,West,5.0,2026-02-03,pending
ORD-116780,P010,East,4.0,2026-01-04,pending
ORD-116781,P003,South,2.0,2026-01-13,COMPLETED
ORD-116782,P003,West,4.0,2026-05-10,COMPLETED
ORD-116783,P007,West,1.0,2026-04-21,COMPLETED
ORD-116784,P009,North,3.0,2026-03-10,cancelled
ORD-116785,P010,East,5.0,2026-04-08,completed
ORD-116786,P008,East,2.0,2026-04-12,completed
ORD-116787,P004,North,2.0,2026-03-26,cancelled
ORD-116788,P009,North,5.0,2026-04-15,COMPLETED
ORD-116789,P005,West,1.0,2026-05-31,Completed
ORD-116790,P006,South,4.0,2026-06-18,completed
ORD-116791,P001,West,2.0,2026-06-15,completed
ORD-116792,P010,North,3.0,2026-02-09,COMPLETED
ORD-116793,P001,West,5.0,2026-04-23,cancelled
ORD-116794,P005,North,5.0,2026-03-09,COMPLETED
ORD-116795,P002,West,2.0,2026-06-13,COMPLETED
ORD-116796,P001,North,1.0,2026-02-06,Completed
ORD-116797,P001,South,5.0,2026-04-17,Completed
ORD-116798,P003,East,5.0,2026-02-27,cancelled
ORD-116799,P004,North,2.0,2026-03-09,completed
ORD-116800,P004,West,3.0,2026-05-23,completed
ORD-116801,P008,East,3.0,2026-01-30,pending
ORD-116802,P001,North,5.0,2026-04-30,COMPLETED
ORD-116803,P006,East,4.0,2026-04-11,completed
ORD-116804,P007,East,3.0,2026-02-10,Completed
ORD-116805,P009,South,1.0,2026-05-11,COMPLETED
ORD-116806,P005,North,5.0,2026-05-25,pending
ORD-116807,P006,North,2.0,2026-05-13,Completed
ORD-116808,P009,West,5.0,2026-06-23,cancelled
ORD-116809,P010,North,,2026-04-09,cancelled
ORD-116810,P001,West,3.0,2026-06-17,pending
ORD-116811,P010,South,4.0,2026-01-10,Completed
ORD-116812,P002,East,1.0,2026-02-15,cancelled
ORD-116813,P008,South,4.0,2026-04-19,completed
ORD-116814,P004,North,5.0,2026-05-28,COMPLETED
ORD-116815,P001,East,3.0,2026-05-14,completed
ORD-116816,P002,South,1.0,2026-02-07,COMPLETED
ORD-116817,P005,North,3.0,2026-02-08,pending
ORD-116818,P009,North,4.0,2026-04-30,completed
ORD-116819,P003,East,3.0,2026-06-22,Completed
ORD-116820,P001,North,1.0,2026-05-30,pending
ORD-116821,P006,North,1.0,2026-03-17,completed
ORD-116822,P010,East,4.0,2026-05-13,pending
ORD-116823,P006,East,5.0,2026-01-04,Completed
ORD-116824,P006,North,,2026-03-07,Completed
ORD-116825,P008,North,5.0,2026-02-08,Completed
ORD-116826,P003,West,3.0,2026-04-02,COMPLETED
ORD-116827,P005,North,3.0,2026-05-15,COMPLETED
ORD-116828,P007,North,3.0,2026-05-12,completed
ORD-116829,P008,South,4.0,2026-01-06,Completed
ORD-116830,P007,North,5.0,2026-01-11,completed
ORD-116831,P004,North,5.0,2026-05-15,completed
ORD-116832,P010,North,5.0,2026-05-07,Completed
ORD-116833,P005,North,3.0,2026-05-22,COMPLETED
ORD-116834,P002,North,3.0,2026-01-19,pending
ORD-116835,P007,East,5.0,2026-03-06,cancelled
ORD-116836,P001,West,5.0,2026-06-03,cancelled
ORD-116837,P006,East,1.0,2026-03-08,completed
ORD-116838,P009,West,1.0,2026-01-07,completed
ORD-116839,P006,South,3.0,2026-06-17,Completed
ORD-116840,P010,North,5.0,2026-06-24,pending
ORD-116841,P008,South,1.0,2026-05-15,pending
ORD-116842,P001,North,4.0,2026-05-29,completed
ORD-116843,P003,North,5.0,2026-06-03,completed
ORD-116844,P002,South,4.0,2026-02-27,pending
ORD-116845,P001,North,5.0,2026-06-05,completed
ORD-116846,P005,South,2.0,2026-05-11,COMPLETED
ORD-116847,P007,West,3.0,2026-06-28,pending
ORD-116848,P006,West,1.0,2026-03-28,completed
ORD-116849,P007,North,3.0,2026-06-05,completed
ORD-116850,P004,West,2.0,2026-05-20,COMPLETED
ORD-116851,P010,West,3.0,2026-04-07,COMPLETED
ORD-116852,P007,East,5.0,2026-04-25,Completed
ORD-116853,P008,South,3.0,2026-05-08,cancelled
ORD-116854,P005,East,2.0,2026-01-10,cancelled
ORD-116855,P007,South,3.0,2026-01-02,COMPLETED
ORD-116856,P003,North,3.0,2026-05-31,cancelled
ORD-116857,P002,North,3.0,2026-03-16,pending
ORD-116858,P001,East,3.0,2026-03-07,completed
ORD-116859,P002,East,4.0,2026-01-01,cancelled
ORD-116860,P003,West,1.0,2026-06-29,pending
ORD-116861,P006,West,5.0,2026-04-10,pending
ORD-116862,P007,South,4.0,2026-02-25,Completed
ORD-116863,P004,South,4.0,2026-05-30,Completed
ORD-116864,P005,East,5.0,2026-03-07,completed
ORD-116865,P008,East,1.0,2026-04-24,COMPLETED
ORD-116866,P010,North,4.0,2026-03-27,pending
ORD-116867,P005,West,1.0,2026-04-30,COMPLETED
ORD-116868,P001,West,3.0,2026-06-28,pending
ORD-116869,P006,South,4.0,2026-02-20,Completed
ORD-116870,P006,West,4.0,2026-02-14,pending
ORD-116871,P005,East,3.0,2026-03-08,pending
ORD-116872,P009,West,3.0,2026-05-04,cancelled
ORD-116873,P009,West,2.0,2026-03-15,pending
ORD-116874,P005,North,2.0,2026-03-22,completed
ORD-116875,P003,North,2.0,2026-06-04,cancelled
ORD-116876,P003,East,2.0,2026-01-07,COMPLETED
ORD-116877,P001,West,2.0,2026-03-31,completed
ORD-116878,P005,West,2.0,2026-05-26,completed
ORD-116879,P001,West,4.0,2026-04-19,cancelled
ORD-116880,P004,West,4.0,2026-04-23,cancelled
ORD-116881,P001,East,2.0,2026-04-21,Completed
ORD-116882,P003,East,5.0,2026-06-16,COMPLETED
ORD-116883,P003,South,3.0,2026-06-10,completed
ORD-116884,P007,West,3.0,2026-03-15,cancelled
ORD-116885,P005,North,4.0,2026-01-08,cancelled
ORD-116886,P009,South,,2026-01-30,completed
ORD-116887,P001,East,1.0,2026-03-01,COMPLETED
ORD-116888,P010,East,5.0,2026-06-10,Completed
ORD-116889,P004,North,4.0,2026-04-13,cancelled
ORD-116890,P008,West,4.0,2026-03-08,Completed
ORD-116891,P002,South,1.0,2026-02-26,completed
ORD-116892,P008,South,2.0,2026-01-12,pending
ORD-116893,P004,East,2.0,2026-03-27,Completed
ORD-116894,P009,West,4.0,2026-04-12,COMPLETED
ORD-116895,P001,East,5.0,2026-02-17,pending
ORD-116896,P002,North,1.0,2026-02-06,COMPLETED
ORD-116897,P006,South,5.0,2026-06-05,Completed
ORD-116898,P008,East,2.0,2026-04-30,Completed
ORD-116899,P006,East,3.0,2026-04-07,completed
ORD-116900,P006,South,3.0,2026-02-01,COMPLETED
ORD-116901,P002,West,5.0,2026-01-01,COMPLETED
ORD-116902,P009,South,2.0,2026-05-16,COMPLETED
ORD-116903,P009,East,1.0,2026-01-14,completed
ORD-116904,P002,North,5.0,2026-04-13,completed
ORD-116905,P003,East,3.0,2026-03-26,completed
ORD-116906,P005,South,2.0,2026-06-10,cancelled
ORD-116907,P003,East,3.0,2026-01-06,pending
ORD-116908,P010,North,5.0,2026-01-09,COMPLETED
ORD-116909,P008,East,2.0,2026-05-31,Completed
ORD-116910,P001,West,1.0,2026-04-07,COMPLETED
ORD-116911,P006,South,5.0,2026-02-08,Completed
ORD-116912,P004,South,1.0,2026-05-17,COMPLETED
ORD-116913,P001,East,5.0,2026-02-16,completed
ORD-116914,P003,East,5.0,2026-05-23,Completed
ORD-116915,P001,South,5.0,2026-03-27,pending
ORD-116916,P005,West,1.0,2026-01-05,pending
ORD-116917,P009,East,4.0,2026-04-10,COMPLETED
ORD-116918,P007,East,2.0,2026-04-22,COMPLETED
ORD-116919,P003,East,1.0,2026-03-05,Completed
ORD-116920,P002,South,4.0,2026-06-15,completed
ORD-116921,P002,South,2.0,2026-01-26,COMPLETED
ORD-116922,P008,West,2.0,2026-03-02,pending
ORD-116923,P004,East,1.0,2026-02-17,completed
ORD-116924,P010,South,1.0,2026-02-14,pending
ORD-116925,P007,North,1.0,2026-05-01,COMPLETED
ORD-116926,P004,North,1.0,2026-05-07,pending
ORD-116927,P009,North,2.0,2026-02-07,Completed
ORD-116928,P008,West,1.0,2026-06-23,Completed
ORD-116929,P009,West,3.0,2026-03-12,Completed
ORD-116930,P004,East,2.0,2026-01-22,completed
ORD-116931,P007,East,3.0,2026-04-22,COMPLETED
ORD-116932,P001,West,2.0,2026-06-13,completed
ORD-116933,P008,West,2.0,2026-05-13,completed
ORD-116934,P001,West,3.0,2026-03-30,cancelled
ORD-116935,P006,South,3.0,2026-06-25,pending
ORD-116936,P003,West,5.0,2026-05-23,completed
ORD-116937,P001,South,,2026-04-21,cancelled
ORD-116938,P003,South,3.0,2026-01-25,Completed
ORD-116939,P006,South,5.0,2026-02-28,completed
ORD-116940,P001,West,3.0,2026-05-20,Completed
ORD-116941,P010,South,3.0,2026-03-11,cancelled
ORD-116942,P005,South,3.0,2026-05-29,COMPLETED
ORD-116943,P010,North,,2026-03-20,cancelled
ORD-116944,P006,West,4.0,2026-05-13,cancelled
ORD-116945,P010,West,1.0,2026-05-15,pending
ORD-116946,P008,South,2.0,2026-01-16,cancelled
ORD-116947,P007,South,4.0,2026-02-02,completed
ORD-116948,P008,South,2.0,2026-04-25,completed
ORD-116949,P010,West,1.0,2026-04-20,cancelled
ORD-116950,P003,South,5.0,2026-01-10,completed
ORD-116951,P006,South,2.0,2026-04-30,completed
ORD-116952,P006,West,1.0,2026-06-05,COMPLETED
ORD-116953,P001,North,1.0,2026-04-03,pending
ORD-116954,P004,West,1.0,2026-05-11,completed
ORD-116955,P009,South,2.0,2026-01-28,pending
ORD-116956,P004,North,,2026-02-07,COMPLETED
ORD-116957,P006,East,3.0,2026-04-09,pending
ORD-116958,P002,West,2.0,2026-06-02,pending
ORD-116959,P007,South,2.0,2026-01-27,Completed
ORD-116960,P007,West,2.0,2026-01-26,cancelled
ORD-116961,P007,East,5.0,2026-01-12,COMPLETED
ORD-116962,P005,South,3.0,2026-03-23,pending
ORD-116963,P001,East,1.0,2026-06-13,Completed
ORD-116964,P003,West,2.0,2026-02-22,COMPLETED
ORD-116965,P008,East,3.0,2026-06-02,COMPLETED
ORD-116966,P006,South,1.0,2026-06-04,COMPLETED
ORD-116967,P002,East,2.0,2026-03-23,cancelled
ORD-116968,P006,North,2.0,2026-02-18,cancelled
ORD-116969,P007,South,2.0,2026-03-28,COMPLETED
ORD-116970,P005,North,1.0,2026-04-14,COMPLETED
ORD-116971,P005,North,2.0,2026-03-02,Completed
ORD-116972,P003,East,1.0,2026-04-05,completed
ORD-116973,P002,North,3.0,2026-01-16,COMPLETED
ORD-116974,P008,South,3.0,2026-05-23,Completed
ORD-116975,P008,South,2.0,2026-03-08,Completed
ORD-116976,P003,West,1.0,2026-05-26,pending
ORD-116977,P009,North,4.0,2026-06-07,Completed
ORD-116978,P006,North,3.0,2026-06-03,cancelled
ORD-116979,P001,South,2.0,2026-03-13,COMPLETED
ORD-116980,P001,North,5.0,2026-02-03,pending
ORD-116981,P002,South,1.0,2026-03-14,cancelled
ORD-116982,P002,North,3.0,2026-01-06,COMPLETED
ORD-116983,P001,South,5.0,2026-02-12,completed
ORD-116984,P007,South,,2026-03-06,pending
ORD-116985,P009,South,2.0,2026-04-20,completed
ORD-116986,P001,West,5.0,2026-02-17,cancelled
ORD-116987,P001,West,3.0,2026-01-08,pending
ORD-116988,P006,North,,2026-02-19,Completed
ORD-116989,P007,North,3.0,2026-01-23,completed
ORD-116990,P007,West,4.0,2026-03-21,cancelled
ORD-116991,P002,West,1.0,2026-02-19,cancelled
ORD-116992,P007,East,3.0,2026-06-11,completed
ORD-116993,P004,North,5.0,2026-04-20,COMPLETED
ORD-116994,P001,North,5.0,2026-04-13,COMPLETED
ORD-116995,P005,North,5.0,2026-04-22,completed
ORD-116996,P002,East,3.0,2026-05-10,completed
ORD-116997,P004,North,4.0,2026-02-03,cancelled
ORD-116998,P003,North,5.0,2026-04-14,COMPLETED
ORD-116999,P010,South,3.0,2026-02-28,cancelled
ORD-117000,P007,East,2.0,2026-05-15,pending
ORD-117001,P009,East,4.0,2026-02-28,Completed
ORD-117002,P001,East,1.0,2026-01-19,Completed
ORD-117003,P006,East,2.0,2026-02-09,pending
ORD-117004,P006,South,1.0,2026-03-11,Completed
ORD-117005,P006,East,2.0,2026-02-15,pending
ORD-117006,P001,West,2.0,2026-01-03,pending
ORD-117007,P003,South,3.0,2026-03-25,Completed
ORD-117008,P004,North,2.0,2026-03-03,Completed
ORD-117009,P008,South,1.0,2026-05-04,cancelled
ORD-117010,P007,West,4.0,2026-05-29,completed
ORD-117011,P010,East,2.0,2026-06-07,completed
ORD-117012,P006,West,5.0,2026-05-27,pending
ORD-117013,P005,East,2.0,2026-06-21,cancelled
ORD-117014,P004,East,4.0,2026-01-01,Completed
ORD-117015,P001,North,2.0,2026-05-10,Completed
ORD-117016,P009,East,4.0,2026-01-31,Completed
ORD-117017,P007,West,5.0,2026-04-25,cancelled
ORD-117018,P010,West,1.0,2026-05-21,COMPLETED
ORD-117019,P010,South,5.0,2026-01-24,cancelled
ORD-117020,P003,South,4.0,2026-05-09,Completed
ORD-117021,P006,East,5.0,2026-05-23,Completed
ORD-117022,P003,North,3.0,2026-01-19,COMPLETED
ORD-117023,P007,West,1.0,2026-03-24,completed
ORD-117024,P008,South,5.0,2026-05-17,Completed
ORD-117025,P007,East,3.0,2026-05-10,completed
ORD-117026,P010,East,5.0,2026-04-11,completed
ORD-117027,P007,North,2.0,2026-06-15,Completed
ORD-117028,P002,North,3.0,2026-03-06,Completed
ORD-117029,P006,North,1.0,2026-03-19,Completed
ORD-117030,P007,South,1.0,2026-05-12,COMPLETED
ORD-117031,P009,North,3.0,2026-02-12,cancelled
ORD-117032,P005,North,3.0,2026-03-14,cancelled
ORD-117033,P010,East,1.0,2026-06-19,cancelled
ORD-117034,P002,North,5.0,2026-03-18,completed
ORD-117035,P005,East,1.0,2026-04-17,completed
ORD-117036,P009,South,5.0,2026-04-25,COMPLETED
ORD-117037,P004,West,1.0,2026-03-26,Completed
ORD-117038,P006,East,4.0,2026-04-08,pending
ORD-117039,P010,West,,2026-05-09,cancelled
ORD-117040,P009,East,1.0,2026-06-30,Completed
ORD-117041,P002,North,5.0,2026-06-22,COMPLETED
ORD-117042,P004,East,5.0,2026-02-15,COMPLETED
ORD-117043,P009,East,4.0,2026-01-07,cancelled
ORD-117044,P003,West,2.0,2026-04-21,COMPLETED
ORD-117045,P010,West,5.0,2026-03-12,Completed
ORD-117046,P006,West,2.0,2026-06-07,COMPLETED
ORD-117047,P007,East,3.0,2026-06-16,completed
ORD-117048,P004,South,1.0,2026-03-26,Completed
ORD-117049,P001,North,3.0,2026-03-15,COMPLETED
ORD-117050,P004,North,2.0,2026-05-01,completed
ORD-117051,P006,North,3.0,2026-02-28,completed
ORD-117052,P009,West,4.0,2026-01-12,cancelled
ORD-117053,P004,East,5.0,2026-01-19,completed
ORD-117054,P005,North,5.0,2026-04-03,Completed
ORD-117055,P002,South,1.0,2026-01-23,pending
ORD-117056,P004,South,4.0,2026-03-14,Completed
ORD-117057,P008,North,4.0,2026-01-16,cancelled
ORD-117058,P008,West,1.0,2026-01-05,COMPLETED
ORD-117059,P003,South,5.0,2026-05-14,Completed
ORD-117060,P002,East,5.0,2026-03-20,Completed
ORD-117061,P001,North,5.0,2026-03-10,completed
ORD-117062,P008,East,5.0,2026-06-06,completed
ORD-117063,P001,West,3.0,2026-06-13,Completed
ORD-117064,P005,East,4.0,2026-05-01,COMPLETED
ORD-117065,P002,West,2.0,2026-02-25,completed
ORD-117066,P004,North,,2026-02-02,completed
ORD-117067,P004,East,4.0,2026-02-13,completed
ORD-117068,P003,South,3.0,2026-06-13,cancelled
ORD-117069,P004,East,1.0,2026-06-01,pending
ORD-117070,P005,West,2.0,2026-05-25,COMPLETED
ORD-117071,P001,East,,2026-02-07,COMPLETED
ORD-117072,P007,West,2.0,2026-05-15,COMPLETED
ORD-117073,P004,West,5.0,2026-06-25,cancelled
ORD-117074,P007,West,1.0,2026-04-21,Completed
ORD-117075,P008,East,1.0,2026-04-30,completed
ORD-117076,P001,South,3.0,2026-04-26,pending
ORD-117077,P004,North,4.0,2026-03-22,cancelled
ORD-117078,P001,North,4.0,2026-01-27,cancelled
ORD-117079,P006,East,4.0,2026-04-18,pending
ORD-117080,P006,East,2.0,2026-05-31,pending
ORD-117081,P006,South,4.0,2026-02-17,cancelled
ORD-117082,P007,East,1.0,2026-03-12,cancelled
ORD-117083,P002,North,3.0,2026-06-03,cancelled
ORD-117084,P001,South,2.0,2026-01-11,pending
ORD-117085,P006,West,1.0,2026-06-19,COMPLETED
ORD-117086,P002,East,3.0,2026-01-18,pending
ORD-117087,P005,West,4.0,2026-05-12,completed
ORD-117088,P003,East,3.0,2026-04-21,completed
ORD-117089,P001,South,4.0,2026-01-09,cancelled
ORD-117090,P008,West,,2026-02-24,completed
ORD-117091,P008,South,3.0,2026-01-18,COMPLETED
ORD-117092,P006,South,3.0,2026-06-05,pending
ORD-117093,P010,East,3.0,2026-05-05,cancelled
ORD-117094,P002,East,3.0,2026-02-12,cancelled
ORD-117095,P010,South,2.0,2026-02-17,completed
ORD-117096,P005,East,2.0,2026-02-14,COMPLETED
ORD-117097,P002,South,2.0,2026-05-24,Completed
ORD-117098,P010,East,5.0,2026-01-27,cancelled
ORD-117099,P001,North,1.0,2026-04-21,COMPLETED
ORD-117100,P009,East,3.0,2026-04-03,Completed
ORD-117101,P010,North,2.0,2026-01-11,completed
ORD-117102,P009,North,5.0,2026-06-26,cancelled
ORD-117103,P005,West,3.0,2026-04-14,pending
ORD-117104,P005,South,4.0,2026-01-19,COMPLETED
ORD-117105,P005,South,4.0,2026-06-26,completed
ORD-117106,P005,North,4.0,2026-06-11,completed
ORD-117107,P006,East,4.0,2026-04-29,COMPLETED
ORD-117108,P008,South,4.0,2026-02-12,cancelled
ORD-117109,P002,West,3.0,2026-01-20,cancelled
ORD-117110,P001,West,3.0,2026-02-12,completed
ORD-117111,P005,West,1.0,2026-05-31,cancelled
ORD-117112,P003,West,5.0,2026-03-10,pending
ORD-117113,P002,West,3.0,2026-03-07,cancelled
ORD-117114,P002,South,1.0,2026-06-09,completed
ORD-117115,P002,North,5.0,2026-02-05,pending
ORD-117116,P006,East,1.0,2026-04-02,cancelled
ORD-117117,P003,West,2.0,2026-04-14,completed
ORD-117118,P003,South,3.0,2026-05-27,cancelled
ORD-117119,P003,North,3.0,2026-01-24,cancelled
ORD-117120,P001,West,1.0,2026-02-07,COMPLETED
ORD-117121,P001,South,,2026-04-13,pending
ORD-117122,P007,South,4.0,2026-06-10,pending
ORD-117123,P007,West,3.0,2026-03-06,Completed
ORD-117124,P010,West,1.0,2026-04-22,completed
ORD-117125,P010,West,1.0,2026-05-12,completed
ORD-117126,P001,South,2.0,2026-01-17,COMPLETED
ORD-117127,P010,South,3.0,2026-01-04,completed
ORD-117128,P001,North,2.0,2026-05-24,pending
ORD-117129,P001,East,1.0,2026-02-01,COMPLETED
ORD-117130,P007,West,3.0,2026-02-13,pending
ORD-117131,P006,West,5.0,2026-01-26,pending
ORD-117132,P010,East,4.0,2026-03-31,pending
ORD-117133,P001,East,5.0,2026-05-28,cancelled
ORD-117134,P004,East,1.0,2026-01-27,Completed
ORD-117135,P006,North,2.0,2026-05-08,COMPLETED
ORD-117136,P009,South,2.0,2026-01-20,pending
ORD-117137,P005,West,4.0,2026-02-17,cancelled
ORD-117138,P006,North,1.0,2026-01-18,Completed
ORD-117139,P001,West,2.0,2026-01-05,completed
ORD-117140,P001,East,4.0,2026-04-08,cancelled
ORD-117141,P007,West,5.0,2026-04-28,completed
ORD-117142,P008,North,2.0,2026-01-19,COMPLETED
ORD-117143,P002,West,5.0,2026-01-09,cancelled
ORD-117144,P005,South,4.0,2026-05-08,cancelled
ORD-117145,P002,North,5.0,2026-06-23,pending
ORD-117146,P003,East,3.0,2026-03-20,cancelled
ORD-117147,P005,West,2.0,2026-02-03,pending
ORD-117148,P007,East,5.0,2026-06-06,completed
ORD-117149,P006,North,2.0,2026-01-30,completed
ORD-117150,P005,West,5.0,2026-05-12,COMPLETED
ORD-117151,P006,East,2.0,2026-01-29,completed
ORD-117152,P002,South,1.0,2026-06-11,pending
ORD-117153,P010,South,4.0,2026-02-19,cancelled
ORD-117154,P006,West,2.0,2026-02-04,completed
ORD-117155,P008,East,3.0,2026-03-17,Completed
ORD-117156,P007,East,4.0,2026-04-19,pending
ORD-117157,P001,East,4.0,2026-02-11,cancelled
ORD-117158,P005,East,5.0,2026-06-10,pending
ORD-117159,P008,South,5.0,2026-01-20,COMPLETED
ORD-117160,P008,South,3.0,2026-06-17,Completed
ORD-117161,P005,North,1.0,2026-05-15,pending
ORD-117162,P007,North,5.0,2026-02-28,completed
ORD-117163,P009,North,4.0,2026-03-27,Completed
ORD-117164,P002,East,1.0,2026-02-08,pending
ORD-117165,P002,West,2.0,2026-04-01,COMPLETED
ORD-117166,P009,South,5.0,2026-06-20,completed
ORD-117167,P006,East,5.0,2026-06-01,cancelled
ORD-117168,P009,East,2.0,2026-06-02,pending
ORD-117169,P010,West,4.0,2026-05-12,completed
ORD-117170,P008,West,1.0,2026-01-28,pending
ORD-117171,P008,South,3.0,2026-03-29,completed
ORD-117172,P004,North,4.0,2026-02-02,completed
ORD-117173,P004,South,3.0,2026-04-23,pending
ORD-117174,P006,South,3.0,2026-05-13,Completed
ORD-117175,P006,East,2.0,2026-05-24,cancelled
ORD-117176,P008,North,3.0,2026-05-28,completed
ORD-117177,P010,South,1.0,2026-03-14,cancelled
ORD-117178,P008,East,5.0,2026-04-08,cancelled
ORD-117179,P010,West,4.0,2026-03-20,cancelled
ORD-117180,P008,West,2.0,2026-06-29,COMPLETED
ORD-117181,P001,South,5.0,2026-04-01,completed
ORD-117182,P010,West,3.0,2026-06-17,cancelled
ORD-117183,P009,South,2.0,2026-02-23,COMPLETED
ORD-117184,P010,West,3.0,2026-03-14,COMPLETED
ORD-117185,P004,East,1.0,2026-06-12,completed
ORD-117186,P010,West,3.0,2026-05-28,cancelled
ORD-117187,P010,North,4.0,2026-06-05,Completed
ORD-117188,P008,West,3.0,2026-01-05,Completed
ORD-117189,P005,West,1.0,2026-05-09,completed
ORD-117190,P003,North,5.0,2026-05-25,cancelled
ORD-117191,P006,North,1.0,2026-03-28,cancelled
ORD-117192,P009,North,4.0,2026-03-25,Completed
ORD-117193,P006,West,5.0,2026-05-06,pending
ORD-117194,P008,North,5.0,2026-06-08,pending
ORD-117195,P004,North,3.0,2026-04-15,cancelled
ORD-117196,P010,South,5.0,2026-06-21,Completed
ORD-117197,P002,North,5.0,2026-04-12,pending
ORD-117198,P006,South,4.0,2026-05-14,pending
ORD-117199,P002,South,1.0,2026-01-09,cancelled
ORD-117200,P006,West,3.0,2026-03-03,Completed
ORD-117201,P003,West,1.0,2026-05-01,Completed
ORD-117202,P007,West,3.0,2026-02-12,COMPLETED
ORD-117203,P004,South,4.0,2026-02-28,pending
ORD-117204,P009,East,5.0,2026-03-29,Completed
ORD-117205,P007,West,4.0,2026-02-06,Completed
ORD-117206,P001,South,4.0,2026-06-23,completed
ORD-117207,P004,West,5.0,2026-01-27,cancelled
ORD-117208,P006,North,5.0,2026-03-30,pending
ORD-117209,P003,North,3.0,2026-06-14,completed
ORD-117210,P008,West,5.0,2026-06-17,pending
ORD-117211,P008,East,2.0,2026-03-06,Completed
ORD-117212,P002,North,1.0,2026-05-13,cancelled
ORD-117213,P004,North,5.0,2026-01-25,cancelled
ORD-117214,P006,South,4.0,2026-04-17,completed
ORD-117215,P005,West,5.0,2026-03-30,cancelled
ORD-117216,P007,East,4.0,2026-02-24,COMPLETED
ORD-117217,P005,South,1.0,2026-04-29,Completed
ORD-117218,P001,East,2.0,2026-05-14,pending
ORD-117219,P009,North,4.0,2026-05-08,cancelled
ORD-117220,P007,North,1.0,2026-05-12,Completed
ORD-117221,P005,South,2.0,2026-04-24,Completed
ORD-117222,P002,South,5.0,2026-02-04,completed
ORD-117223,P009,North,5.0,2026-01-21,cancelled
ORD-117224,P001,East,5.0,2026-02-21,completed
ORD-117225,P008,South,2.0,2026-05-02,COMPLETED
ORD-117226,P006,West,2.0,2026-02-18,COMPLETED
ORD-117227,P010,East,5.0,2026-04-14,Completed
ORD-117228,P009,North,3.0,2026-05-28,Completed
ORD-117229,P007,West,4.0,2026-05-11,cancelled
ORD-117230,P006,East,,2026-04-15,completed
ORD-117231,P001,South,,2026-05-26,cancelled
ORD-117232,P005,North,4.0,2026-01-12,Completed
ORD-117233,P010,East,5.0,2026-02-05,COMPLETED
ORD-117234,P001,North,2.0,2026-03-01,pending
ORD-117235,P004,West,5.0,2026-05-02,COMPLETED
ORD-117236,P003,East,4.0,2026-05-16,COMPLETED
ORD-117237,P007,West,5.0,2026-03-26,pending
ORD-117238,P005,North,4.0,2026-04-15,COMPLETED
ORD-117239,P005,South,1.0,2026-04-22,COMPLETED
ORD-117240,P003,East,5.0,2026-03-07,COMPLETED
ORD-117241,P002,North,3.0,2026-04-23,pending
ORD-117242,P006,West,4.0,2026-02-08,COMPLETED
ORD-117243,P006,South,2.0,2026-03-04,cancelled
ORD-117244,P007,South,3.0,2026-03-06,completed
ORD-117245,P010,West,1.0,2026-06-24,Completed
ORD-117246,P007,South,1.0,2026-04-17,COMPLETED
ORD-117247,P008,East,1.0,2026-01-01,cancelled
ORD-117248,P009,West,2.0,2026-06-12,COMPLETED
ORD-117249,P003,South,2.0,2026-05-21,pending
ORD-117250,P004,West,2.0,2026-04-02,cancelled
ORD-117251,P002,North,2.0,2026-01-23,completed
ORD-117252,P007,East,1.0,2026-01-01,pending
ORD-117253,P007,South,1.0,2026-06-10,completed
ORD-117254,P002,East,2.0,2026-02-23,cancelled
ORD-117255,P006,North,4.0,2026-03-27,pending
ORD-117256,P004,North,3.0,2026-03-13,cancelled
ORD-117257,P002,West,4.0,2026-03-21,completed
ORD-117258,P010,South,3.0,2026-01-04,Completed
ORD-117259,P010,North,3.0,2026-04-27,completed
ORD-117260,P002,West,2.0,2026-04-29,Completed
ORD-117261,P009,South,4.0,2026-02-22,cancelled
ORD-117262,P010,North,2.0,2026-01-25,completed
ORD-117263,P009,South,3.0,2026-05-18,pending
ORD-117264,P010,South,5.0,2026-03-12,Completed
ORD-117265,P009,West,3.0,2026-01-21,COMPLETED
ORD-117266,P004,West,3.0,2026-05-01,completed
ORD-117267,P009,North,4.0,2026-01-15,COMPLETED
ORD-117268,P003,West,4.0,2026-04-03,cancelled
ORD-117269,P002,South,4.0,2026-03-20,COMPLETED
ORD-117270,P005,North,5.0,2026-01-25,cancelled
ORD-117271,P006,East,3.0,2026-04-15,Completed
ORD-117272,P001,West,1.0,2026-04-15,Completed
ORD-117273,P005,East,3.0,2026-06-07,pending
ORD-117274,P006,South,,2026-03-09,pending
ORD-117275,P009,West,5.0,2026-06-11,cancelled
ORD-117276,P009,South,2.0,2026-03-07,pending
ORD-117277,P003,East,5.0,2026-06-26,completed
ORD-117278,P002,South,2.0,2026-02-04,pending
ORD-117279,P004,South,4.0,2026-05-20,cancelled
ORD-117280,P008,West,2.0,2026-05-19,COMPLETED
ORD-117281,P001,East,3.0,2026-03-01,Completed
ORD-117282,P004,East,1.0,2026-05-29,Completed
ORD-117283,P010,West,3.0,2026-04-23,completed
ORD-117284,P008,North,5.0,2026-03-16,pending
ORD-117285,P009,West,5.0,2026-04-12,Completed
ORD-117286,P007,East,2.0,2026-05-02,Completed
ORD-117287,P001,East,3.0,2026-03-05,cancelled
ORD-117288,P008,South,4.0,2026-01-11,cancelled
ORD-117289,P009,West,3.0,2026-01-03,pending
ORD-117290,P001,South,2.0,2026-02-20,completed
ORD-117291,P007,North,3.0,2026-06-08,COMPLETED
ORD-117292,P007,North,2.0,2026-03-10,completed
ORD-117293,P010,West,2.0,2026-01-03,Completed
ORD-117294,P002,North,2.0,2026-05-24,cancelled
ORD-117295,P004,North,2.0,2026-01-17,pending
ORD-117296,P009,West,4.0,2026-01-13,cancelled
ORD-117297,P003,South,5.0,2026-06-05,completed
ORD-117298,P003,West,3.0,2026-02-15,COMPLETED
ORD-117299,P006,South,2.0,2026-02-26,COMPLETED
ORD-117300,P008,West,2.0,2026-06-02,COMPLETED
ORD-117301,P007,South,5.0,2026-05-17,COMPLETED
ORD-117302,P003,East,5.0,2026-01-30,COMPLETED
ORD-117303,P010,South,5.0,2026-05-28,Completed
ORD-117304,P009,North,5.0,2026-02-22,COMPLETED
ORD-117305,P005,South,3.0,2026-04-27,pending
ORD-117306,P005,North,3.0,2026-02-05,COMPLETED
ORD-117307,P009,West,4.0,2026-03-30,pending
ORD-117308,P001,North,5.0,2026-03-17,completed
ORD-117309,P003,North,1.0,2026-06-01,pending
ORD-117310,P002,North,2.0,2026-03-07,pending
ORD-117311,P005,South,1.0,2026-05-22,completed
ORD-117312,P001,North,3.0,2026-05-06,cancelled
ORD-117313,P004,West,2.0,2026-05-07,pending
ORD-117314,P009,North,1.0,2026-04-25,pending
ORD-117315,P007,East,2.0,2026-01-19,Completed
ORD-117316,P001,South,3.0,2026-02-20,COMPLETED
ORD-117317,P001,North,2.0,2026-05-19,cancelled
ORD-117318,P008,South,1.0,2026-04-22,COMPLETED
ORD-117319,P002,West,3.0,2026-03-05,completed
ORD-117320,P004,West,1.0,2026-01-06,Completed
ORD-117321,P004,East,3.0,2026-05-23,cancelled
ORD-117322,P004,North,3.0,2026-06-19,cancelled
ORD-117323,P007,South,4.0,2026-01-29,Completed
ORD-117324,P010,South,5.0,2026-06-21,COMPLETED
ORD-117325,P005,East,4.0,2026-01-14,cancelled
ORD-117326,P010,South,1.0,2026-03-05,pending
ORD-117327,P003,East,5.0,2026-05-20,pending
ORD-117328,P005,East,3.0,2026-04-16,cancelled
ORD-117329,P002,West,4.0,2026-02-22,COMPLETED
ORD-117330,P004,North,1.0,2026-04-16,completed
ORD-117331,P008,North,3.0,2026-02-25,Completed
ORD-117332,P002,West,5.0,2026-03-26,Completed
ORD-117333,P002,South,2.0,2026-02-02,pending
ORD-117334,P010,West,4.0,2026-02-12,cancelled
ORD-117335,P010,East,2.0,2026-04-17,completed
ORD-117336,P002,East,,2026-05-15,cancelled
ORD-117337,P004,East,5.0,2026-01-08,cancelled
ORD-117338,P008,North,4.0,2026-06-10,pending
ORD-117339,P002,North,1.0,2026-04-24,Completed
ORD-117340,P001,West,3.0,2026-03-14,cancelled
ORD-117341,P003,East,5.0,2026-05-01,cancelled
ORD-117342,P005,West,2.0,2026-04-18,COMPLETED
ORD-117343,P007,North,4.0,2026-03-18,COMPLETED
ORD-117344,P003,West,3.0,2026-01-01,pending
ORD-117345,P007,North,1.0,2026-02-21,Completed
ORD-117346,P005,South,5.0,2026-02-21,completed
ORD-117347,P004,North,4.0,2026-02-09,completed
ORD-117348,P008,South,1.0,2026-04-08,cancelled
ORD-117349,P005,South,5.0,2026-01-08,COMPLETED
ORD-117350,P001,West,3.0,2026-04-14,cancelled
ORD-117351,P003,North,1.0,2026-03-04,cancelled
ORD-117352,P003,East,4.0,2026-04-07,Completed
ORD-117353,P006,West,5.0,2026-01-17,cancelled
ORD-117354,P005,West,4.0,2026-04-29,COMPLETED
ORD-117355,P004,East,3.0,2026-03-31,cancelled
ORD-117356,P010,East,1.0,2026-06-04,COMPLETED
ORD-117357,P008,North,4.0,2026-01-17,pending
ORD-117358,P002,West,5.0,2026-05-04,cancelled
ORD-117359,P007,South,2.0,2026-02-19,Completed
ORD-117360,P008,South,2.0,2026-02-19,COMPLETED
ORD-117361,P002,South,3.0,2026-03-15,COMPLETED
ORD-117362,P005,South,1.0,2026-06-27,pending
ORD-117363,P007,South,1.0,2026-03-04,cancelled
ORD-117364,P009,West,2.0,2026-02-09,cancelled
ORD-117365,P001,West,3.0,2026-05-12,completed
ORD-117366,P003,South,5.0,2026-01-18,completed
ORD-117367,P007,South,1.0,2026-01-12,cancelled
ORD-117368,P005,South,3.0,2026-06-12,COMPLETED
ORD-117369,P009,North,5.0,2026-06-01,pending
ORD-117370,P004,East,3.0,2026-06-16,Completed
ORD-117371,P007,East,3.0,2026-02-16,completed
ORD-117372,P002,East,3.0,2026-05-24,cancelled
ORD-117373,P006,West,1.0,2026-05-03,pending
ORD-117374,P003,South,5.0,2026-05-14,completed
ORD-117375,P010,West,3.0,2026-01-01,COMPLETED
ORD-117376,P005,West,2.0,2026-04-02,Completed
ORD-117377,P006,East,4.0,2026-02-09,completed
ORD-117378,P006,South,1.0,2026-05-28,completed
ORD-117379,P006,West,1.0,2026-06-14,cancelled
ORD-117380,P007,North,4.0,2026-05-21,completed
ORD-117381,P003,East,4.0,2026-04-15,Completed
ORD-117382,P006,South,2.0,2026-06-14,Completed
ORD-117383,P005,North,1.0,2026-02-16,COMPLETED
ORD-117384,P008,West,3.0,2026-04-18,COMPLETED
ORD-117385,P010,West,5.0,2026-02-10,cancelled
ORD-117386,P004,North,3.0,2026-01-11,Completed
ORD-117387,P004,West,1.0,2026-02-26,COMPLETED
ORD-117388,P006,West,1.0,2026-03-11,COMPLETED
ORD-117389,P003,East,3.0,2026-02-16,completed
ORD-117390,P010,West,4.0,2026-06-17,cancelled
ORD-117391,P007,West,5.0,2026-01-21,completed
ORD-117392,P005,North,1.0,2026-02-11,completed
ORD-117393,P007,North,5.0,2026-02-02,Completed
ORD-117394,P004,West,2.0,2026-04-05,pending
ORD-117395,P008,South,3.0,2026-05-22,pending
ORD-117396,P010,East,3.0,2026-01-16,Completed
ORD-117397,P007,West,3.0,2026-04-07,cancelled
ORD-117398,P001,South,4.0,2026-06-19,pending
ORD-117399,P002,North,3.0,2026-03-21,COMPLETED
ORD-117400,P002,West,3.0,2026-02-08,COMPLETED
ORD-117401,P001,East,2.0,2026-06-27,COMPLETED
ORD-117402,P004,East,4.0,2026-06-15,Completed
ORD-117403,P004,South,5.0,2026-04-11,Completed
ORD-117404,P010,North,2.0,2026-04-07,COMPLETED
ORD-117405,P008,West,5.0,2026-06-03,COMPLETED
ORD-117406,P004,West,3.0,2026-03-25,completed
ORD-117407,P004,East,3.0,2026-05-30,pending
ORD-117408,P005,East,4.0,2026-02-28,cancelled
ORD-117409,P009,South,3.0,2026-05-01,Completed
ORD-117410,P008,South,1.0,2026-02-20,cancelled
ORD-117411,P003,West,4.0,2026-05-03,completed
ORD-117412,P002,South,4.0,2026-06-11,pending
ORD-117413,P005,North,4.0,2026-05-05,Completed
ORD-117414,P007,North,2.0,2026-03-27,Completed
ORD-117415,P002,East,4.0,2026-06-23,COMPLETED
ORD-117416,P010,North,2.0,2026-01-03,Completed
ORD-117417,P007,North,1.0,2026-02-07,Completed
ORD-117418,P004,North,4.0,2026-01-06,completed
ORD-117419,P003,East,1.0,2026-01-05,cancelled
ORD-117420,P006,South,3.0,2026-04-11,Completed
ORD-117421,P007,East,1.0,2026-05-16,Completed
ORD-117422,P005,West,4.0,2026-01-20,Completed
ORD-117423,P004,East,2.0,2026-04-21,completed
ORD-117424,P007,East,5.0,2026-05-06,completed
ORD-117425,P010,West,3.0,2026-06-28,COMPLETED
ORD-117426,P005,North,4.0,2026-06-27,cancelled
ORD-117427,P004,North,4.0,2026-06-01,COMPLETED
ORD-117428,P003,East,2.0,2026-05-29,cancelled
ORD-117429,P004,North,3.0,2026-04-05,Completed
ORD-117430,P001,East,4.0,2026-04-29,cancelled
ORD-117431,P002,North,4.0,2026-03-04,completed
ORD-117432,P002,East,4.0,2026-06-01,Completed
ORD-117433,P002,East,2.0,2026-05-17,COMPLETED
ORD-117434,P008,South,5.0,2026-05-18,Completed
ORD-117435,P010,East,3.0,2026-01-06,COMPLETED
ORD-117436,P004,North,3.0,2026-05-13,pending
ORD-117437,P003,East,5.0,2026-06-01,completed
ORD-117438,P001,East,2.0,2026-02-17,cancelled
ORD-117439,P001,East,3.0,2026-02-23,Completed
ORD-117440,P006,East,5.0,2026-06-13,COMPLETED
ORD-117441,P009,North,4.0,2026-01-10,COMPLETED
ORD-117442,P005,South,5.0,2026-05-05,pending
ORD-117443,P005,North,4.0,2026-05-04,COMPLETED
ORD-117444,P009,West,3.0,2026-06-29,Completed
ORD-117445,P002,East,2.0,2026-02-14,cancelled
ORD-117446,P010,South,2.0,2026-06-04,COMPLETED
ORD-117447,P005,North,1.0,2026-05-09,Completed
ORD-117448,P002,East,5.0,2026-04-27,cancelled
ORD-117449,P001,North,4.0,2026-03-14,cancelled
ORD-117450,P009,South,4.0,2026-04-08,pending
ORD-117451,P002,North,5.0,2026-05-15,cancelled
ORD-117452,P004,North,2.0,2026-02-25,COMPLETED
ORD-117453,P010,South,2.0,2026-04-26,COMPLETED
ORD-117454,P002,East,2.0,2026-01-21,COMPLETED
ORD-117455,P002,West,2.0,2026-03-31,COMPLETED
ORD-117456,P009,East,1.0,2026-06-10,pending
ORD-117457,P003,West,4.0,2026-02-11,COMPLETED
ORD-117458,P009,South,5.0,2026-02-03,completed
ORD-117459,P005,South,5.0,2026-03-14,COMPLETED
ORD-117460,P006,North,1.0,2026-04-26,COMPLETED
ORD-117461,P004,West,5.0,2026-02-22,COMPLETED
ORD-117462,P002,South,5.0,2026-02-12,COMPLETED
ORD-117463,P010,East,3.0,2026-02-25,cancelled
ORD-117464,P001,East,1.0,2026-01-04,COMPLETED
ORD-117465,P002,East,5.0,2026-01-12,cancelled
ORD-117466,P009,West,1.0,2026-05-29,COMPLETED
ORD-117467,P007,East,4.0,2026-05-09,Completed
ORD-117468,P009,West,5.0,2026-06-01,completed
ORD-117469,P003,North,4.0,2026-06-24,Completed
ORD-117470,P010,North,2.0,2026-05-04,cancelled
ORD-117471,P004,West,2.0,2026-05-03,completed
ORD-117472,P002,North,1.0,2026-03-16,cancelled
ORD-117473,P001,East,4.0,2026-05-12,cancelled
ORD-117474,P008,North,4.0,2026-03-29,completed
ORD-117475,P001,West,4.0,2026-02-02,pending
ORD-117476,P009,East,5.0,2026-05-11,cancelled
ORD-117477,P002,South,5.0,2026-06-06,completed
ORD-117478,P001,South,2.0,2026-05-04,cancelled
ORD-117479,P008,West,1.0,2026-06-04,Completed
ORD-117480,P001,West,5.0,2026-06-20,cancelled
ORD-117481,P001,South,3.0,2026-06-09,completed
ORD-117482,P009,East,5.0,2026-01-22,cancelled
ORD-117483,P010,North,3.0,2026-01-14,completed
ORD-117484,P004,West,2.0,2026-06-09,Completed
ORD-117485,P005,North,3.0,2026-02-14,COMPLETED
ORD-117486,P004,North,,2026-05-19,cancelled
ORD-117487,P003,South,3.0,2026-06-21,cancelled
ORD-117488,P010,North,5.0,2026-05-15,COMPLETED
ORD-117489,P007,South,1.0,2026-03-07,COMPLETED
ORD-117490,P003,West,3.0,2026-01-28,completed
ORD-117491,P002,West,2.0,2026-03-07,cancelled
ORD-117492,P002,North,4.0,2026-03-02,Completed
ORD-117493,P007,West,1.0,2026-01-19,Completed
ORD-117494,P006,North,5.0,2026-02-22,COMPLETED
ORD-117495,P010,West,2.0,2026-03-16,pending
ORD-117496,P003,North,1.0,2026-03-19,cancelled
ORD-117497,P004,East,1.0,2026-04-19,pending
ORD-117498,P008,North,3.0,2026-03-08,pending
ORD-117499,P010,North,1.0,2026-06-24,COMPLETED
ORD-117500,P006,North,3.0,2026-02-20,pending
ORD-117501,P010,South,3.0,2026-04-23,Completed
ORD-117502,P006,West,1.0,2026-01-08,pending
ORD-117503,P003,East,,2026-05-29,COMPLETED
ORD-117504,P001,West,4.0,2026-05-13,completed
ORD-117505,P001,North,4.0,2026-06-05,COMPLETED
ORD-117506,P001,South,5.0,2026-03-14,completed
ORD-117507,P006,East,2.0,2026-01-02,completed
ORD-117508,P009,North,1.0,2026-03-23,Completed
ORD-117509,P007,West,2.0,2026-02-07,Completed
ORD-117510,P007,West,4.0,2026-03-27,pending
ORD-117511,P005,South,,2026-06-14,cancelled
ORD-117512,P006,South,3.0,2026-03-14,Completed
ORD-117513,P004,South,2.0,2026-03-18,COMPLETED
ORD-117514,P002,West,1.0,2026-03-25,cancelled
ORD-117515,P003,East,1.0,2026-05-22,cancelled
ORD-117516,P004,East,,2026-05-20,completed
ORD-117517,P009,East,1.0,2026-01-02,COMPLETED
ORD-117518,P002,North,2.0,2026-06-28,completed
ORD-117519,P005,North,1.0,2026-03-23,COMPLETED
ORD-117520,P009,South,2.0,2026-06-30,COMPLETED
ORD-117521,P009,West,1.0,2026-04-02,Completed
ORD-117522,P010,North,1.0,2026-05-23,pending
ORD-117523,P006,North,2.0,2026-04-18,pending
ORD-117524,P006,West,3.0,2026-06-14,pending
ORD-117525,P002,South,4.0,2026-06-28,cancelled
ORD-117526,P002,North,4.0,2026-05-17,Completed
ORD-117527,P005,East,2.0,2026-04-05,completed
ORD-117528,P003,North,3.0,2026-02-04,cancelled
ORD-117529,P004,East,1.0,2026-01-28,COMPLETED
ORD-117530,P006,West,3.0,2026-06-24,cancelled
ORD-117531,P008,West,5.0,2026-03-25,completed
ORD-117532,P005,South,5.0,2026-02-14,Completed
ORD-117533,P008,North,5.0,2026-01-28,cancelled
ORD-117534,P007,East,3.0,2026-04-25,pending
ORD-117535,P004,North,1.0,2026-01-25,Completed
ORD-117536,P004,South,2.0,2026-03-10,cancelled
ORD-117537,P005,East,1.0,2026-06-13,pending
ORD-117538,P007,North,4.0,2026-03-25,completed
ORD-117539,P009,North,3.0,2026-06-20,cancelled
ORD-117540,P007,South,1.0,2026-01-29,Completed
ORD-117541,P006,South,2.0,2026-04-09,completed
ORD-117542,P004,North,3.0,2026-03-28,cancelled
ORD-117543,P003,North,5.0,2026-06-22,COMPLETED
ORD-117544,P009,West,,2026-05-01,completed
ORD-117545,P003,South,1.0,2026-01-24,COMPLETED
ORD-117546,P008,North,3.0,2026-06-20,completed
ORD-117547,P010,South,2.0,2026-04-03,COMPLETED
ORD-117548,P002,South,2.0,2026-02-23,pending
ORD-117549,P010,East,5.0,2026-04-26,Completed
ORD-117550,P004,East,1.0,2026-05-10,Completed
ORD-117551,P006,South,3.0,2026-04-25,completed
ORD-117552,P006,South,5.0,2026-02-19,completed
ORD-117553,P003,East,4.0,2026-04-18,cancelled
ORD-117554,P006,South,2.0,2026-01-06,completed
ORD-117555,P001,West,5.0,2026-01-26,completed
ORD-117556,P008,South,2.0,2026-05-06,completed
ORD-117557,P002,South,2.0,2026-01-03,pending
ORD-117558,P004,North,1.0,2026-01-22,Completed
ORD-117559,P010,East,5.0,2026-04-29,COMPLETED
ORD-117560,P007,East,5.0,2026-06-29,COMPLETED
ORD-117561,P008,North,1.0,2026-06-29,cancelled
ORD-117562,P003,West,2.0,2026-01-05,pending
ORD-117563,P004,West,4.0,2026-03-12,completed
ORD-117564,P007,South,2.0,2026-03-12,completed
ORD-117565,P007,North,3.0,2026-05-11,pending
ORD-117566,P008,North,1.0,2026-05-15,completed
ORD-117567,P003,South,4.0,2026-03-29,completed
ORD-117568,P003,West,4.0,2026-02-05,completed
ORD-117569,P005,East,4.0,2026-02-14,COMPLETED
ORD-117570,P002,East,5.0,2026-03-17,Completed
ORD-117571,P004,South,5.0,2026-01-17,COMPLETED
ORD-117572,P003,West,2.0,2026-05-24,Completed
ORD-117573,P004,West,2.0,2026-01-06,cancelled
ORD-117574,P006,East,4.0,2026-02-24,COMPLETED
ORD-117575,P007,North,1.0,2026-03-18,COMPLETED
ORD-117576,P006,East,2.0,2026-06-15,completed
ORD-117577,P003,South,2.0,2026-03-20,COMPLETED
ORD-117578,P010,East,1.0,2026-06-10,completed
ORD-117579,P007,North,1.0,2026-01-04,Completed
ORD-117580,P004,West,1.0,2026-04-09,Completed
ORD-117581,P004,West,1.0,2026-03-31,completed
ORD-117582,P004,North,4.0,2026-02-20,COMPLETED
ORD-117583,P010,West,4.0,2026-01-03,completed
ORD-117584,P010,West,5.0,2026-05-15,COMPLETED
ORD-117585,P002,South,1.0,2026-03-17,cancelled
ORD-117586,P006,East,4.0,2026-06-28,cancelled
ORD-117587,P006,East,1.0,2026-03-19,cancelled
ORD-117588,P001,West,4.0,2026-06-21,Completed
ORD-117589,P002,West,5.0,2026-04-01,cancelled
ORD-117590,P003,East,5.0,2026-04-27,Completed
ORD-117591,P001,North,3.0,2026-03-17,pending
ORD-117592,P008,North,1.0,2026-01-20,COMPLETED
ORD-117593,P010,West,3.0,2026-02-23,completed
ORD-117594,P002,West,3.0,2026-05-01,pending
ORD-117595,P005,North,4.0,2026-01-10,completed
ORD-117596,P007,West,5.0,2026-01-11,completed
ORD-117597,P002,North,1.0,2026-01-08,completed
ORD-117598,P003,South,1.0,2026-05-18,Completed
ORD-117599,P006,South,5.0,2026-04-15,Completed
ORD-117600,P006,South,1.0,2026-04-14,COMPLETED
ORD-117601,P004,East,3.0,2026-05-10,COMPLETED
ORD-117602,P002,North,5.0,2026-02-26,cancelled
ORD-117603,P002,North,1.0,2026-02-08,Completed
ORD-117604,P003,South,4.0,2026-06-19,completed
ORD-117605,P004,North,3.0,2026-02-08,cancelled
ORD-117606,P007,North,4.0,2026-06-26,Completed
ORD-117607,P002,East,4.0,2026-01-19,completed
ORD-117608,P008,North,2.0,2026-06-28,cancelled
ORD-117609,P008,South,1.0,2026-05-23,COMPLETED
ORD-117610,P006,West,3.0,2026-06-16,cancelled
ORD-117611,P006,South,1.0,2026-01-10,COMPLETED
ORD-117612,P009,North,4.0,2026-04-17,completed
ORD-117613,P004,West,4.0,2026-03-20,completed
ORD-117614,P004,West,4.0,2026-04-26,COMPLETED
ORD-117615,P005,East,4.0,2026-05-30,Completed
ORD-117616,P008,West,4.0,2026-05-23,COMPLETED
ORD-117617,P010,North,5.0,2026-01-31,cancelled
ORD-117618,P004,North,5.0,2026-05-26,Completed
ORD-117619,P004,South,2.0,2026-05-19,COMPLETED
ORD-117620,P009,South,5.0,2026-04-09,completed
ORD-117621,P009,South,2.0,2026-04-08,completed
ORD-117622,P001,West,4.0,2026-06-23,COMPLETED
ORD-117623,P003,East,2.0,2026-06-14,COMPLETED
ORD-117624,P007,North,5.0,2026-03-18,COMPLETED
ORD-117625,P001,South,2.0,2026-04-11,completed
ORD-117626,P006,West,5.0,2026-04-30,pending
ORD-117627,P008,South,4.0,2026-02-19,Completed
ORD-117628,P003,West,2.0,2026-03-14,pending
ORD-117629,P008,South,1.0,2026-02-12,Completed
ORD-117630,P001,North,,2026-03-12,COMPLETED
ORD-117631,P002,East,4.0,2026-02-11,pending
ORD-117632,P004,North,3.0,2026-03-26,Completed
ORD-117633,P007,East,3.0,2026-06-16,Completed
ORD-117634,P008,South,2.0,2026-01-10,completed
ORD-117635,P004,North,2.0,2026-04-18,cancelled
ORD-117636,P004,South,5.0,2026-05-28,COMPLETED
ORD-117637,P003,North,1.0,2026-03-17,pending
ORD-117638,P010,East,2.0,2026-03-31,COMPLETED
ORD-117639,P003,South,5.0,2026-04-16,pending
ORD-117640,P009,North,1.0,2026-01-24,completed
ORD-117641,P001,North,4.0,2026-06-03,cancelled
ORD-117642,P006,East,3.0,2026-04-30,completed
ORD-117643,P004,West,1.0,2026-01-26,completed
ORD-117644,P008,North,4.0,2026-06-17,pending
ORD-117645,P003,South,3.0,2026-02-09,COMPLETED
ORD-117646,P008,East,4.0,2026-04-16,cancelled
ORD-117647,P006,West,3.0,2026-01-09,COMPLETED
ORD-117648,P008,East,3.0,2026-01-03,Completed
ORD-117649,P008,North,4.0,2026-03-09,COMPLETED
ORD-117650,P005,North,4.0,2026-03-15,completed
ORD-117651,P010,North,3.0,2026-02-12,completed
ORD-117652,P003,South,2.0,2026-02-06,pending
ORD-117653,P008,West,5.0,2026-06-25,COMPLETED
ORD-117654,P003,North,4.0,2026-05-30,completed
ORD-117655,P003,South,5.0,2026-02-05,Completed
ORD-117656,P005,North,3.0,2026-04-04,completed
ORD-117657,P007,South,2.0,2026-04-05,pending
ORD-117658,P003,West,2.0,2026-04-11,completed
ORD-117659,P007,East,,2026-04-26,Completed
ORD-117660,P008,East,5.0,2026-03-09,cancelled
ORD-117661,P006,South,4.0,2026-03-08,Completed
ORD-117662,P009,North,5.0,2026-01-03,cancelled
ORD-117663,P001,South,3.0,2026-03-28,Completed
ORD-117664,P002,East,4.0,2026-01-30,completed
ORD-117665,P008,North,3.0,2026-06-03,pending
ORD-117666,P002,South,5.0,2026-06-27,pending
ORD-117667,P003,North,5.0,2026-05-29,cancelled
ORD-117668,P001,East,1.0,2026-03-19,COMPLETED
ORD-117669,P010,East,5.0,2026-02-27,pending
ORD-117670,P002,North,4.0,2026-05-14,pending
ORD-117671,P007,East,4.0,2026-03-11,completed
ORD-117672,P006,West,2.0,2026-05-31,Completed
ORD-117673,P004,South,1.0,2026-03-18,completed
ORD-117674,P009,East,1.0,2026-02-15,COMPLETED
ORD-117675,P009,East,,2026-04-13,Completed
ORD-117676,P003,East,2.0,2026-05-31,completed
ORD-117677,P003,South,,2026-06-14,COMPLETED
ORD-117678,P009,South,3.0,2026-04-23,Completed
ORD-117679,P010,South,5.0,2026-03-14,cancelled
ORD-117680,P003,South,5.0,2026-01-31,COMPLETED
ORD-117681,P002,North,1.0,2026-05-24,cancelled
ORD-117682,P009,West,5.0,2026-01-13,pending
ORD-117683,P006,North,2.0,2026-03-19,Completed
ORD-117684,P004,South,2.0,2026-03-17,pending
ORD-117685,P007,West,3.0,2026-01-31,cancelled
ORD-117686,P006,West,5.0,2026-01-17,COMPLETED
ORD-117687,P003,South,4.0,2026-04-13,completed
ORD-117688,P010,South,3.0,2026-03-17,Completed
ORD-117689,P001,East,1.0,2026-04-02,pending
ORD-117690,P006,North,2.0,2026-03-15,COMPLETED
ORD-117691,P005,East,1.0,2026-05-05,COMPLETED
ORD-117692,P001,South,3.0,2026-04-29,Completed
ORD-117693,P003,East,5.0,2026-03-07,Completed
ORD-117694,P010,East,5.0,2026-06-24,cancelled
ORD-117695,P009,North,4.0,2026-04-09,completed
ORD-117696,P001,East,2.0,2026-02-24,Completed
ORD-117697,P006,South,4.0,2026-04-09,cancelled
ORD-117698,P008,North,4.0,2026-03-24,Completed
ORD-117699,P001,North,2.0,2026-03-04,completed
ORD-117700,P002,South,3.0,2026-04-19,Completed
ORD-117701,P002,West,4.0,2026-04-17,cancelled
ORD-117702,P001,North,1.0,2026-01-01,pending
ORD-117703,P004,South,4.0,2026-05-26,cancelled
ORD-117704,P007,South,1.0,2026-04-12,pending
ORD-117705,P010,East,5.0,2026-03-28,Completed
ORD-117706,P008,North,3.0,2026-01-31,pending
ORD-117707,P005,South,4.0,2026-04-02,pending
ORD-117708,P008,East,3.0,2026-03-02,completed
ORD-117709,P005,North,5.0,2026-05-08,Completed
ORD-117710,P010,South,2.0,2026-01-29,COMPLETED
ORD-117711,P009,West,1.0,2026-05-17,COMPLETED
ORD-117712,P004,North,1.0,2026-02-06,COMPLETED
ORD-117713,P007,North,5.0,2026-05-13,pending
ORD-117714,P009,West,4.0,2026-06-10,Completed
ORD-117715,P004,East,3.0,2026-03-11,completed
ORD-117716,P008,West,2.0,2026-01-28,COMPLETED
ORD-117717,P008,South,5.0,2026-04-20,COMPLETED
ORD-117718,P001,North,,2026-02-08,COMPLETED
ORD-117719,P003,East,3.0,2026-06-01,Completed
ORD-117720,P007,South,3.0,2026-06-16,pending
ORD-117721,P007,South,4.0,2026-01-30,completed
ORD-117722,P006,North,,2026-03-17,Completed
ORD-117723,P009,North,2.0,2026-05-12,COMPLETED
ORD-117724,P002,South,2.0,2026-05-17,pending
ORD-117725,P009,West,4.0,2026-01-01,Completed
ORD-117726,P003,South,1.0,2026-03-18,cancelled
ORD-117727,P010,East,2.0,2026-03-22,Completed
ORD-117728,P002,North,3.0,2026-01-06,completed
ORD-117729,P003,South,1.0,2026-05-21,cancelled
ORD-117730,P010,North,2.0,2026-01-16,Completed
ORD-117731,P005,South,4.0,2026-06-11,pending
ORD-117732,P004,West,2.0,2026-01-25,COMPLETED
ORD-117733,P002,North,1.0,2026-05-09,COMPLETED
ORD-117734,P008,East,1.0,2026-06-22,COMPLETED
ORD-117735,P003,East,2.0,2026-03-02,pending
ORD-117736,P001,South,3.0,2026-06-28,Completed
ORD-117737,P009,North,4.0,2026-05-01,pending
ORD-117738,P004,East,4.0,2026-01-29,pending
ORD-117739,P005,North,5.0,2026-06-05,Completed
ORD-117740,P004,South,5.0,2026-05-04,cancelled
ORD-117741,P005,South,1.0,2026-04-01,cancelled
ORD-117742,P003,East,1.0,2026-06-01,COMPLETED
ORD-117743,P008,South,1.0,2026-04-16,completed
ORD-117744,P003,East,3.0,2026-01-07,COMPLETED
ORD-117745,P010,East,4.0,2026-05-14,pending
ORD-117746,P009,West,1.0,2026-04-06,Completed
ORD-117747,P008,West,4.0,2026-02-25,COMPLETED
ORD-117748,P006,West,5.0,2026-01-31,pending
ORD-117749,P006,East,1.0,2026-01-05,pending
ORD-117750,P001,West,2.0,2026-06-07,completed
ORD-117751,P006,North,2.0,2026-01-08,cancelled
ORD-117752,P003,West,2.0,2026-05-27,cancelled
ORD-117753,P009,South,3.0,2026-02-08,Completed
ORD-117754,P004,South,1.0,2026-02-12,pending
ORD-117755,P008,North,2.0,2026-06-11,cancelled
ORD-117756,P009,North,3.0,2026-02-04,Completed
ORD-117757,P004,East,2.0,2026-04-26,cancelled
ORD-117758,P003,South,5.0,2026-02-04,Completed
ORD-117759,P008,North,2.0,2026-01-15,pending
ORD-117760,P005,West,3.0,2026-02-18,Completed
ORD-117761,P003,South,4.0,2026-04-23,Completed
ORD-117762,P010,West,2.0,2026-01-11,Completed
ORD-117763,P008,East,5.0,2026-05-03,pending
ORD-117764,P008,East,4.0,2026-02-01,COMPLETED
ORD-117765,P004,South,5.0,2026-06-22,cancelled
ORD-117766,P001,South,3.0,2026-02-21,completed
ORD-117767,P005,West,4.0,2026-03-16,COMPLETED
ORD-117768,P010,East,2.0,2026-06-29,cancelled
ORD-117769,P008,South,1.0,2026-05-30,pending
ORD-117770,P010,East,2.0,2026-03-17,completed
ORD-117771,P001,East,5.0,2026-05-02,completed
ORD-117772,P009,South,1.0,2026-05-19,cancelled
ORD-117773,P001,South,2.0,2026-01-23,COMPLETED
ORD-117774,P004,North,4.0,2026-01-08,COMPLETED
ORD-117775,P003,West,5.0,2026-02-10,completed
ORD-117776,P008,South,5.0,2026-03-22,COMPLETED
ORD-117777,P009,West,4.0,2026-02-13,pending
ORD-117778,P003,South,3.0,2026-01-17,completed
ORD-117779,P007,South,5.0,2026-04-21,COMPLETED
ORD-117780,P010,South,2.0,2026-05-23,COMPLETED
ORD-117781,P006,North,1.0,2026-05-04,cancelled
ORD-117782,P008,South,2.0,2026-03-22,cancelled
ORD-117783,P005,East,3.0,2026-05-02,COMPLETED
ORD-117784,P004,East,4.0,2026-01-07,cancelled
ORD-117785,P002,South,1.0,2026-06-25,COMPLETED
ORD-117786,P007,East,2.0,2026-03-02,pending
ORD-117787,P003,South,5.0,2026-05-23,cancelled
ORD-117788,P009,East,3.0,2026-04-04,COMPLETED
ORD-117789,P001,North,5.0,2026-03-21,cancelled
ORD-117790,P010,East,1.0,2026-01-08,cancelled
ORD-117791,P001,West,5.0,2026-04-13,Completed
ORD-117792,P005,South,2.0,2026-03-08,Completed
ORD-117793,P002,South,,2026-05-23,pending
ORD-117794,P001,West,3.0,2026-03-18,completed
ORD-117795,P009,East,5.0,2026-06-26,COMPLETED
ORD-117796,P004,West,4.0,2026-03-09,pending
ORD-117797,P008,West,4.0,2026-05-25,pending
ORD-117798,P007,East,5.0,2026-02-09,Completed
ORD-117799,P002,East,1.0,2026-06-25,cancelled
ORD-117800,P002,West,1.0,2026-03-11,Completed
ORD-117801,P010,East,5.0,2026-02-20,pending
ORD-117802,P004,South,2.0,2026-03-24,Completed
ORD-117803,P010,West,1.0,2026-04-21,cancelled
ORD-117804,P004,South,2.0,2026-05-03,COMPLETED
ORD-117805,P006,North,1.0,2026-03-09,pending
ORD-117806,P005,West,5.0,2026-04-03,completed
ORD-117807,P004,West,3.0,2026-06-08,Completed
ORD-117808,P005,North,3.0,2026-06-22,cancelled
ORD-117809,P008,West,1.0,2026-01-19,cancelled
ORD-117810,P005,South,4.0,2026-03-24,Completed
ORD-117811,P006,North,2.0,2026-02-06,COMPLETED
ORD-117812,P004,East,3.0,2026-04-09,COMPLETED
ORD-117813,P010,East,1.0,2026-03-15,COMPLETED
ORD-117814,P001,West,4.0,2026-01-28,cancelled
ORD-117815,P006,North,,2026-02-05,COMPLETED
ORD-117816,P010,East,1.0,2026-06-04,completed
ORD-117817,P006,South,3.0,2026-02-02,completed
ORD-117818,P009,East,5.0,2026-06-11,cancelled
ORD-117819,P008,East,,2026-02-09,Completed
ORD-117820,P001,East,5.0,2026-03-27,cancelled
ORD-117821,P009,East,4.0,2026-04-24,cancelled
ORD-117822,P009,North,2.0,2026-03-22,pending
ORD-117823,P009,South,2.0,2026-04-22,completed
ORD-117824,P002,South,2.0,2026-06-10,pending
ORD-117825,P009,South,3.0,2026-05-13,completed
ORD-117826,P007,South,4.0,2026-06-04,pending
ORD-117827,P008,West,5.0,2026-01-02,COMPLETED
ORD-117828,P007,East,5.0,2026-05-08,Completed
ORD-117829,P002,West,2.0,2026-05-30,cancelled
ORD-117830,P003,North,1.0,2026-05-08,cancelled
ORD-117831,P003,South,2.0,2026-02-07,completed
ORD-117832,P005,West,5.0,2026-05-12,Completed
ORD-117833,P009,East,5.0,2026-05-09,Completed
ORD-117834,P009,North,3.0,2026-06-12,pending
ORD-117835,P007,South,1.0,2026-02-15,Completed
ORD-117836,P002,East,4.0,2026-04-08,cancelled
ORD-117837,P002,South,2.0,2026-06-06,pending
ORD-117838,P009,South,2.0,2026-04-17,pending
ORD-117839,P003,East,2.0,2026-02-17,cancelled
ORD-117840,P002,East,2.0,2026-01-20,COMPLETED
ORD-117841,P008,North,5.0,2026-05-13,completed
ORD-117842,P009,South,3.0,2026-01-16,COMPLETED
ORD-117843,P001,South,5.0,2026-03-27,pending
ORD-117844,P002,North,1.0,2026-03-13,pending
ORD-117845,P007,North,2.0,2026-06-27,pending
ORD-117846,P001,North,,2026-03-17,COMPLETED
ORD-117847,P006,East,4.0,2026-02-16,COMPLETED
ORD-117848,P005,North,5.0,2026-04-10,Completed
ORD-117849,P007,South,3.0,2026-05-09,pending
ORD-117850,P001,West,4.0,2026-05-27,Completed
ORD-117851,P001,East,4.0,2026-05-27,COMPLETED
ORD-117852,P006,South,4.0,2026-01-14,COMPLETED
ORD-117853,P008,North,2.0,2026-05-12,pending
ORD-117854,P001,West,2.0,2026-01-02,pending
ORD-117855,P007,North,3.0,2026-05-27,completed
ORD-117856,P007,South,5.0,2026-06-14,cancelled
ORD-117857,P008,West,1.0,2026-04-09,cancelled
ORD-117858,P002,West,1.0,2026-06-18,COMPLETED
ORD-117859,P004,West,1.0,2026-05-06,COMPLETED
ORD-117860,P002,North,,2026-03-23,completed
ORD-117861,P003,East,1.0,2026-06-17,cancelled
ORD-117862,P001,West,2.0,2026-03-22,COMPLETED
ORD-117863,P002,South,3.0,2026-06-27,pending
ORD-117864,P009,North,4.0,2026-03-23,pending
ORD-117865,P006,North,1.0,2026-04-13,cancelled
ORD-117866,P004,West,1.0,2026-04-30,completed
ORD-117867,P009,South,2.0,2026-05-19,completed
ORD-117868,P006,South,2.0,2026-02-01,Completed
ORD-117869,P003,West,5.0,2026-01-03,COMPLETED
ORD-117870,P002,South,1.0,2026-04-25,COMPLETED
ORD-117871,P005,South,3.0,2026-06-26,completed
ORD-117872,P003,South,1.0,2026-01-11,Completed
ORD-117873,P009,East,4.0,2026-03-05,Completed
ORD-117874,P006,West,4.0,2026-03-23,COMPLETED
ORD-117875,P005,West,2.0,2026-02-18,pending
ORD-117876,P006,North,2.0,2026-03-16,COMPLETED
ORD-117877,P003,North,1.0,2026-01-25,cancelled
ORD-117878,P010,South,4.0,2026-04-23,cancelled
ORD-117879,P006,North,5.0,2026-03-11,completed
ORD-117880,P001,South,3.0,2026-03-13,Completed
ORD-117881,P007,East,4.0,2026-05-14,completed
ORD-117882,P006,North,1.0,2026-02-21,pending
ORD-117883,P001,East,1.0,2026-04-03,Completed
ORD-117884,P007,East,3.0,2026-06-24,cancelled
ORD-117885,P006,West,2.0,2026-04-15,completed
ORD-117886,P009,South,3.0,2026-01-03,Completed
ORD-117887,P008,North,4.0,2026-02-23,cancelled
ORD-117888,P010,West,1.0,2026-05-09,COMPLETED
ORD-117889,P007,West,,2026-03-09,cancelled
ORD-117890,P003,North,5.0,2026-03-22,Completed
ORD-117891,P009,North,3.0,2026-01-14,COMPLETED
ORD-117892,P005,West,4.0,2026-04-21,COMPLETED
ORD-117893,P009,West,1.0,2026-05-27,completed
ORD-117894,P003,North,5.0,2026-02-23,pending
ORD-117895,P006,West,4.0,2026-06-10,pending
ORD-117896,P008,East,2.0,2026-06-02,cancelled
ORD-117897,P001,East,2.0,2026-04-15,completed
ORD-117898,P010,West,5.0,2026-05-04,pending
ORD-117899,P007,North,1.0,2026-06-18,Completed
ORD-117900,P006,North,2.0,2026-01-31,pending
ORD-117901,P009,West,4.0,2026-05-31,completed
ORD-117902,P010,North,5.0,2026-03-09,COMPLETED
ORD-117903,P001,North,4.0,2026-04-12,Completed
ORD-117904,P007,East,5.0,2026-03-02,completed
ORD-117905,P007,South,1.0,2026-02-06,completed
ORD-117906,P007,North,5.0,2026-03-23,completed
ORD-117907,P004,East,2.0,2026-01-25,cancelled
ORD-117908,P006,South,2.0,2026-06-14,cancelled
ORD-117909,P005,East,5.0,2026-01-16,pending
ORD-117910,P003,North,2.0,2026-06-18,Completed
ORD-117911,P002,North,4.0,2026-03-26,pending
ORD-117912,P003,East,1.0,2026-04-17,cancelled
ORD-117913,P002,North,2.0,2026-02-14,pending
ORD-117914,P008,South,4.0,2026-01-31,completed
ORD-117915,P009,West,1.0,2026-03-01,COMPLETED
ORD-117916,P004,West,2.0,2026-03-19,COMPLETED
ORD-117917,P001,South,3.0,2026-06-26,cancelled
ORD-117918,P002,East,3.0,2026-02-23,COMPLETED
ORD-117919,P003,East,4.0,2026-02-09,COMPLETED
ORD-117920,P001,West,5.0,2026-01-11,completed
ORD-117921,P005,South,3.0,2026-02-10,cancelled
ORD-117922,P002,North,3.0,2026-05-30,completed
ORD-117923,P008,South,1.0,2026-06-08,COMPLETED
ORD-117924,P005,North,4.0,2026-03-19,COMPLETED
ORD-117925,P002,South,5.0,2026-05-12,pending
ORD-117926,P009,North,3.0,2026-06-02,Completed
ORD-117927,P007,North,5.0,2026-05-27,cancelled
ORD-117928,P002,West,4.0,2026-01-03,Completed
ORD-117929,P006,East,5.0,2026-01-20,pending
ORD-117930,P003,West,5.0,2026-06-24,cancelled
ORD-117931,P004,West,1.0,2026-01-20,pending
ORD-117932,P002,North,1.0,2026-03-01,Completed
ORD-117933,P002,West,3.0,2026-02-15,Completed
ORD-117934,P004,North,4.0,2026-06-28,cancelled
ORD-117935,P001,East,5.0,2026-01-12,cancelled
ORD-117936,P005,East,2.0,2026-05-30,completed
ORD-117937,P002,South,5.0,2026-01-08,completed
ORD-117938,P004,West,3.0,2026-04-13,completed
ORD-117939,P008,North,5.0,2026-03-21,Completed
ORD-117940,P009,West,2.0,2026-04-23,completed
ORD-117941,P009,West,1.0,2026-05-04,completed
ORD-117942,P002,South,5.0,2026-02-25,COMPLETED
ORD-117943,P009,South,4.0,2026-06-22,Completed
ORD-117944,P007,South,3.0,2026-01-21,completed
ORD-117945,P009,South,1.0,2026-06-21,Completed
ORD-117946,P007,South,5.0,2026-06-22,pending
ORD-117947,P008,East,5.0,2026-02-05,completed
ORD-117948,P007,East,2.0,2026-06-05,completed
ORD-117949,P004,North,3.0,2026-02-23,completed
ORD-117950,P004,South,1.0,2026-05-25,Completed
ORD-117951,P008,West,2.0,2026-05-26,COMPLETED
ORD-117952,P005,North,4.0,2026-05-30,COMPLETED
ORD-117953,P002,North,3.0,2026-03-08,COMPLETED
ORD-117954,P006,South,1.0,2026-06-13,completed
ORD-117955,P007,West,2.0,2026-05-02,Completed
ORD-117956,P001,West,3.0,2026-04-10,cancelled
ORD-117957,P003,South,2.0,2026-01-24,cancelled
ORD-117958,P002,East,,2026-04-12,Completed
ORD-117959,P005,West,2.0,2026-05-24,COMPLETED
ORD-117960,P008,North,1.0,2026-01-07,cancelled
ORD-117961,P002,West,1.0,2026-01-25,cancelled
ORD-117962,P005,West,4.0,2026-01-26,completed
ORD-117963,P005,West,1.0,2026-05-22,COMPLETED
ORD-117964,P007,North,4.0,2026-01-02,COMPLETED
ORD-117965,P008,South,3.0,2026-04-04,Completed
ORD-117966,P001,North,4.0,2026-06-19,completed
ORD-117967,P002,West,2.0,2026-01-11,pending
ORD-117968,P006,West,2.0,2026-02-05,pending
ORD-117969,P003,West,3.0,2026-05-12,pending
ORD-117970,P006,North,2.0,2026-03-26,COMPLETED
ORD-117971,P005,East,5.0,2026-06-05,cancelled
ORD-117972,P001,South,4.0,2026-06-29,COMPLETED
ORD-117973,P005,East,4.0,2026-05-10,pending
ORD-117974,P001,South,4.0,2026-06-02,Completed
ORD-117975,P007,South,4.0,2026-04-13,completed
ORD-117976,P005,West,4.0,2026-02-12,completed
ORD-117977,P002,West,1.0,2026-02-17,cancelled
ORD-117978,P002,North,5.0,2026-02-20,pending
ORD-117979,P002,North,4.0,2026-02-24,pending
ORD-117980,P006,West,4.0,2026-03-25,Completed
ORD-117981,P001,West,2.0,2026-01-06,completed
ORD-117982,P009,South,2.0,2026-01-18,COMPLETED
ORD-117983,P002,East,4.0,2026-02-08,completed
ORD-117984,P002,South,5.0,2026-02-22,COMPLETED
ORD-117985,P004,North,1.0,2026-04-11,pending
ORD-117986,P009,West,4.0,2026-05-06,COMPLETED
ORD-117987,P010,West,5.0,2026-04-16,COMPLETED
ORD-117988,P008,South,1.0,2026-01-24,pending
ORD-117989,P004,North,5.0,2026-05-01,completed
ORD-117990,P002,West,2.0,2026-01-30,cancelled
ORD-117991,P008,East,2.0,2026-03-26,pending
ORD-117992,P005,West,2.0,2026-01-11,Completed
ORD-117993,P009,West,3.0,2026-02-22,cancelled
ORD-117994,P003,East,1.0,2026-06-05,cancelled
ORD-117995,P002,North,1.0,2026-03-18,cancelled
ORD-117996,P003,East,5.0,2026-01-24,Completed
ORD-117997,P009,South,1.0,2026-06-22,COMPLETED
ORD-117998,P002,East,5.0,2026-01-02,cancelled
ORD-117999,P002,West,2.0,2026-03-31,completed
ORD-118000,P007,West,3.0,2026-04-20,COMPLETED
ORD-118001,P006,East,,2026-04-12,cancelled
ORD-118002,P008,East,1.0,2026-04-09,COMPLETED
ORD-118003,P007,East,2.0,2026-01-14,Completed
ORD-118004,P007,East,3.0,2026-06-13,pending
ORD-118005,P004,South,4.0,2026-01-01,cancelled
ORD-118006,P008,East,4.0,2026-01-21,Completed
ORD-118007,P004,North,5.0,2026-03-24,Completed
ORD-118008,P003,East,5.0,2026-02-13,COMPLETED
ORD-118009,P006,North,3.0,2026-05-17,Completed
ORD-118010,P008,North,2.0,2026-04-28,completed
ORD-118011,P006,West,5.0,2026-02-01,pending
ORD-118012,P003,East,2.0,2026-03-02,COMPLETED
ORD-118013,P004,West,2.0,2026-02-15,Completed
ORD-118014,P006,East,5.0,2026-01-21,completed
ORD-118015,P010,West,1.0,2026-05-02,COMPLETED
ORD-118016,P006,East,2.0,2026-03-05,pending
ORD-118017,P007,East,1.0,2026-04-08,pending
ORD-118018,P009,South,4.0,2026-04-16,pending
ORD-118019,P005,South,5.0,2026-02-25,COMPLETED
ORD-118020,P007,South,1.0,2026-03-12,COMPLETED
ORD-118021,P005,North,1.0,2026-05-29,cancelled
ORD-118022,P003,East,2.0,2026-02-05,pending
ORD-118023,P008,West,5.0,2026-02-03,cancelled
ORD-118024,P003,West,5.0,2026-02-24,COMPLETED
ORD-118025,P007,North,4.0,2026-06-03,pending
ORD-118026,P005,North,4.0,2026-06-28,cancelled
ORD-118027,P003,North,2.0,2026-02-08,Completed
ORD-118028,P007,West,1.0,2026-01-08,Completed
ORD-118029,P008,East,3.0,2026-03-29,COMPLETED
ORD-118030,P003,South,4.0,2026-03-31,pending
ORD-118031,P009,East,2.0,2026-01-07,completed
ORD-118032,P009,North,3.0,2026-06-18,cancelled
ORD-118033,P009,South,4.0,2026-04-25,COMPLETED
ORD-118034,P005,South,3.0,2026-03-29,completed
ORD-118035,P003,North,5.0,2026-02-16,cancelled
ORD-118036,P001,North,5.0,2026-04-26,Completed
ORD-118037,P002,North,4.0,2026-05-15,cancelled
ORD-118038,P006,East,3.0,2026-02-04,cancelled
ORD-118039,P005,East,3.0,2026-01-22,pending
ORD-118040,P001,West,1.0,2026-05-09,cancelled
ORD-118041,P005,East,2.0,2026-05-16,COMPLETED
ORD-118042,P004,North,1.0,2026-04-15,Completed
ORD-118043,P009,East,1.0,2026-04-24,cancelled
ORD-118044,P005,East,5.0,2026-03-18,completed
ORD-118045,P003,North,2.0,2026-01-15,Completed
ORD-118046,P002,East,,2026-04-19,completed
ORD-118047,P008,West,5.0,2026-05-27,completed
ORD-118048,P005,West,3.0,2026-05-25,completed
ORD-118049,P010,North,5.0,2026-01-01,pending
ORD-118050,P004,South,4.0,2026-05-13,pending
ORD-118051,P006,North,5.0,2026-05-02,COMPLETED
ORD-118052,P008,West,4.0,2026-01-15,completed
ORD-118053,P001,South,2.0,2026-03-17,cancelled
ORD-118054,P007,East,3.0,2026-06-08,Completed
ORD-118055,P005,North,3.0,2026-06-17,COMPLETED
ORD-118056,P004,South,2.0,2026-01-14,completed
ORD-118057,P009,East,1.0,2026-01-30,pending
ORD-118058,P005,West,3.0,2026-01-29,Completed
ORD-118059,P003,East,4.0,2026-02-21,completed
ORD-118060,P006,West,2.0,2026-02-22,COMPLETED
ORD-118061,P009,West,3.0,2026-06-09,pending
ORD-118062,P003,East,4.0,2026-06-07,completed
ORD-118063,P003,South,3.0,2026-04-17,Completed
ORD-118064,P007,South,4.0,2026-04-28,completed
ORD-118065,P005,South,4.0,2026-01-08,cancelled
ORD-118066,P004,North,5.0,2026-06-24,Completed
ORD-118067,P010,North,3.0,2026-01-02,COMPLETED
ORD-118068,P001,East,,2026-01-18,COMPLETED
ORD-118069,P003,East,1.0,2026-06-26,Completed
ORD-118070,P001,North,3.0,2026-06-22,cancelled
ORD-118071,P005,North,2.0,2026-06-28,completed
ORD-118072,P004,North,3.0,2026-03-29,COMPLETED
ORD-118073,P007,South,4.0,2026-05-01,pending
ORD-118074,P002,North,3.0,2026-01-17,completed
ORD-118075,P005,North,3.0,2026-03-29,pending
ORD-118076,P001,East,4.0,2026-04-16,Completed
ORD-118077,P006,North,1.0,2026-01-22,completed
ORD-118078,P010,East,3.0,2026-01-14,Completed
ORD-118079,P010,North,5.0,2026-03-04,pending
ORD-118080,P006,West,4.0,2026-04-06,pending
ORD-118081,P005,West,2.0,2026-03-02,Completed
ORD-118082,P004,West,2.0,2026-02-08,cancelled
ORD-118083,P010,North,3.0,2026-01-31,completed
ORD-118084,P003,South,3.0,2026-06-20,Completed
ORD-118085,P009,South,3.0,2026-06-16,pending
ORD-118086,P002,North,2.0,2026-03-05,COMPLETED
ORD-118087,P004,East,4.0,2026-01-04,pending
ORD-118088,P006,East,1.0,2026-04-21,Completed
ORD-118089,P003,North,4.0,2026-02-14,completed
ORD-118090,P001,East,4.0,2026-05-19,COMPLETED
ORD-118091,P009,South,3.0,2026-05-30,pending
ORD-118092,P009,North,3.0,2026-06-30,pending
ORD-118093,P001,North,5.0,2026-04-22,Completed
ORD-118094,P003,East,3.0,2026-01-19,pending
ORD-118095,P005,West,4.0,2026-06-27,COMPLETED
ORD-118096,P002,South,3.0,2026-04-30,completed
ORD-118097,P001,West,3.0,2026-05-10,cancelled
ORD-118098,P002,East,3.0,2026-05-22,Completed
ORD-118099,P005,East,3.0,2026-06-24,Completed
ORD-118100,P007,North,1.0,2026-05-11,pending
ORD-118101,P004,West,5.0,2026-05-19,cancelled
ORD-118102,P001,East,5.0,2026-01-10,COMPLETED
ORD-118103,P004,North,3.0,2026-02-16,cancelled
ORD-118104,P006,East,4.0,2026-01-18,pending
ORD-118105,P006,West,,2026-03-12,cancelled
ORD-118106,P009,South,3.0,2026-02-06,COMPLETED
ORD-118107,P008,North,1.0,2026-04-22,Completed
ORD-118108,P003,North,4.0,2026-04-01,COMPLETED
ORD-118109,P009,North,2.0,2026-03-18,cancelled
ORD-118110,P010,North,5.0,2026-04-26,Completed
ORD-118111,P003,East,3.0,2026-05-18,Completed
ORD-118112,P008,East,4.0,2026-01-18,completed
ORD-118113,P002,South,3.0,2026-04-08,Completed
ORD-118114,P007,East,2.0,2026-04-14,Completed
ORD-118115,P008,West,5.0,2026-03-20,pending
ORD-118116,P008,North,1.0,2026-03-15,COMPLETED
ORD-118117,P003,West,2.0,2026-06-24,pending
ORD-118118,P002,East,5.0,2026-05-19,COMPLETED
ORD-118119,P005,West,4.0,2026-04-05,COMPLETED
ORD-118120,P003,North,2.0,2026-04-13,Completed
ORD-118121,P001,South,4.0,2026-04-23,Completed
ORD-118122,P001,South,1.0,2026-04-29,cancelled
ORD-118123,P001,South,2.0,2026-04-02,completed
ORD-118124,P003,South,5.0,2026-04-20,cancelled
ORD-118125,P001,North,5.0,2026-05-06,COMPLETED
ORD-118126,P002,East,2.0,2026-05-31,completed
ORD-118127,P001,North,2.0,2026-02-27,pending
ORD-118128,P004,West,2.0,2026-01-29,pending
ORD-118129,P001,South,2.0,2026-05-13,Completed
ORD-118130,P004,West,3.0,2026-04-23,COMPLETED
ORD-118131,P004,North,5.0,2026-06-09,Completed
ORD-118132,P004,West,1.0,2026-06-22,cancelled
ORD-118133,P001,East,1.0,2026-02-26,cancelled
ORD-118134,P002,South,4.0,2026-05-29,COMPLETED
ORD-118135,P001,West,,2026-05-03,COMPLETED
ORD-118136,P001,East,2.0,2026-01-06,pending
ORD-118137,P006,West,3.0,2026-02-16,completed
ORD-118138,P004,West,,2026-02-04,Completed
ORD-118139,P010,West,2.0,2026-01-27,completed
ORD-118140,P004,South,1.0,2026-02-03,completed
ORD-118141,P001,South,4.0,2026-06-09,pending
ORD-118142,P009,South,3.0,2026-01-23,cancelled
ORD-118143,P006,West,5.0,2026-06-26,cancelled
ORD-118144,P003,South,2.0,2026-05-29,Completed
ORD-118145,P007,South,3.0,2026-05-10,cancelled
ORD-118146,P010,West,1.0,2026-05-13,COMPLETED
ORD-118147,P010,West,4.0,2026-03-07,pending
ORD-118148,P003,West,4.0,2026-03-05,completed
ORD-118149,P002,East,2.0,2026-05-08,Completed
ORD-118150,P008,North,5.0,2026-05-18,completed
ORD-118151,P008,South,2.0,2026-06-25,completed
ORD-118152,P003,West,3.0,2026-02-09,completed
ORD-118153,P003,East,2.0,2026-01-02,COMPLETED
ORD-118154,P007,East,1.0,2026-03-04,Completed
ORD-118155,P002,West,5.0,2026-06-30,completed
ORD-118156,P010,West,5.0,2026-01-16,cancelled
ORD-118157,P010,North,5.0,2026-06-15,Completed
ORD-118158,P009,North,,2026-04-28,cancelled
ORD-118159,P007,East,4.0,2026-02-14,Completed
ORD-118160,P002,South,1.0,2026-03-13,COMPLETED
ORD-118161,P003,North,5.0,2026-04-02,cancelled
ORD-118162,P008,West,5.0,2026-03-28,Completed
ORD-118163,P007,South,1.0,2026-02-22,pending
ORD-118164,P004,South,2.0,2026-02-21,COMPLETED
ORD-118165,P007,North,2.0,2026-04-09,cancelled
ORD-118166,P004,South,1.0,2026-02-04,completed
ORD-118167,P006,North,3.0,2026-03-31,Completed
ORD-118168,P001,West,2.0,2026-01-31,completed
ORD-118169,P005,West,3.0,2026-03-20,pending
ORD-118170,P010,West,4.0,2026-05-16,COMPLETED
ORD-118171,P003,West,3.0,2026-02-12,Completed
ORD-118172,P009,North,1.0,2026-06-20,Completed
ORD-118173,P002,East,4.0,2026-03-13,COMPLETED
ORD-118174,P005,West,2.0,2026-04-03,completed
ORD-118175,P001,North,1.0,2026-05-23,pending
ORD-118176,P001,East,3.0,2026-03-08,COMPLETED
ORD-118177,P003,East,1.0,2026-05-09,COMPLETED
ORD-118178,P009,South,2.0,2026-06-01,COMPLETED
ORD-118179,P003,East,2.0,2026-05-21,pending
ORD-118180,P007,West,1.0,2026-04-18,completed
ORD-118181,P001,East,3.0,2026-04-30,completed
ORD-118182,P010,East,5.0,2026-06-15,pending
ORD-118183,P002,West,3.0,2026-04-03,cancelled
ORD-118184,P002,East,4.0,2026-05-26,Completed
ORD-118185,P002,West,5.0,2026-06-28,COMPLETED
ORD-118186,P001,West,4.0,2026-02-09,cancelled
ORD-118187,P006,South,3.0,2026-03-13,Completed
ORD-118188,P009,East,2.0,2026-01-10,COMPLETED
ORD-118189,P004,West,5.0,2026-02-09,pending
ORD-118190,P003,West,1.0,2026-05-02,COMPLETED
ORD-118191,P001,East,1.0,2026-06-11,Completed
ORD-118192,P010,North,4.0,2026-06-08,cancelled
ORD-118193,P006,South,1.0,2026-05-19,cancelled
ORD-118194,P003,South,4.0,2026-05-08,cancelled
ORD-118195,P005,North,3.0,2026-02-06,pending
ORD-118196,P009,North,2.0,2026-04-22,completed
ORD-118197,P010,South,2.0,2026-01-23,pending
ORD-118198,P004,North,2.0,2026-05-07,cancelled
ORD-118199,P004,South,5.0,2026-04-20,Completed
ORD-118200,P006,East,1.0,2026-06-26,COMPLETED
ORD-118201,P004,South,5.0,2026-04-29,COMPLETED
ORD-118202,P010,North,2.0,2026-03-12,Completed
ORD-118203,P009,South,3.0,2026-05-25,completed
ORD-118204,P003,East,5.0,2026-05-03,COMPLETED
ORD-118205,P001,North,5.0,2026-04-16,Completed
ORD-118206,P008,South,5.0,2026-01-12,cancelled
ORD-118207,P009,West,4.0,2026-05-07,completed
ORD-118208,P003,South,5.0,2026-02-07,Completed
ORD-118209,P003,South,4.0,2026-01-10,COMPLETED
ORD-118210,P001,East,4.0,2026-06-14,completed
ORD-118211,P003,West,5.0,2026-04-19,completed
ORD-118212,P003,North,1.0,2026-06-07,Completed
ORD-118213,P002,North,3.0,2026-04-13,pending
ORD-118214,P001,South,4.0,2026-02-01,COMPLETED
ORD-118215,P001,South,5.0,2026-01-10,completed
ORD-118216,P006,South,2.0,2026-04-08,COMPLETED
ORD-118217,P008,North,1.0,2026-01-26,Completed
ORD-118218,P010,South,3.0,2026-04-01,cancelled
ORD-118219,P009,West,2.0,2026-01-25,cancelled
ORD-118220,P009,South,1.0,2026-05-09,COMPLETED
ORD-118221,P008,East,,2026-01-24,pending
ORD-118222,P003,West,2.0,2026-03-18,Completed
ORD-118223,P006,West,5.0,2026-01-25,COMPLETED
ORD-118224,P008,East,3.0,2026-02-09,pending
ORD-118225,P004,West,2.0,2026-04-27,completed
ORD-118226,P004,North,3.0,2026-01-20,cancelled
ORD-118227,P001,North,3.0,2026-03-21,COMPLETED
ORD-118228,P010,North,4.0,2026-03-19,COMPLETED
ORD-118229,P009,South,3.0,2026-02-05,pending
ORD-118230,P007,West,2.0,2026-03-11,cancelled
ORD-118231,P001,West,3.0,2026-01-22,cancelled
ORD-118232,P005,West,3.0,2026-02-20,cancelled
ORD-118233,P009,East,4.0,2026-01-16,Completed
ORD-118234,P006,East,3.0,2026-06-30,Completed
ORD-118235,P001,South,4.0,2026-03-22,Completed
ORD-118236,P008,South,5.0,2026-04-29,Completed
ORD-118237,P010,East,5.0,2026-01-17,cancelled
ORD-118238,P009,North,4.0,2026-03-30,cancelled
ORD-118239,P004,North,4.0,2026-05-31,pending
ORD-118240,P005,South,2.0,2026-06-20,cancelled
ORD-118241,P005,South,3.0,2026-01-11,Completed
ORD-118242,P009,North,1.0,2026-03-11,Completed
ORD-118243,P006,South,3.0,2026-02-25,COMPLETED
ORD-118244,P008,South,1.0,2026-04-15,cancelled
ORD-118245,P007,West,5.0,2026-01-10,cancelled
ORD-118246,P007,South,5.0,2026-04-27,pending
ORD-118247,P007,West,5.0,2026-06-30,cancelled
ORD-118248,P002,South,,2026-02-19,Completed
ORD-118249,P004,West,4.0,2026-02-17,Completed
ORD-118250,P003,West,2.0,2026-05-03,Completed
ORD-118251,P003,South,1.0,2026-02-24,cancelled
ORD-118252,P006,West,5.0,2026-06-22,pending
ORD-118253,P002,East,4.0,2026-05-26,cancelled
ORD-118254,P005,West,5.0,2026-03-09,cancelled
ORD-118255,P002,North,5.0,2026-06-09,Completed
ORD-118256,P002,South,1.0,2026-01-07,pending
ORD-118257,P003,East,1.0,2026-03-16,COMPLETED
ORD-118258,P010,West,1.0,2026-04-13,pending
ORD-118259,P010,West,4.0,2026-02-28,Completed
ORD-118260,P003,West,1.0,2026-02-12,completed
ORD-118261,P003,North,5.0,2026-04-14,COMPLETED
ORD-118262,P004,South,3.0,2026-03-18,completed
ORD-118263,P007,East,1.0,2026-06-18,completed
ORD-118264,P006,North,1.0,2026-04-01,cancelled
ORD-118265,P003,West,2.0,2026-05-18,completed
ORD-118266,P010,South,4.0,2026-05-12,COMPLETED
ORD-118267,P002,East,,2026-04-17,cancelled
ORD-118268,P007,West,2.0,2026-04-04,pending
ORD-118269,P006,East,4.0,2026-04-28,completed
ORD-118270,P005,South,1.0,2026-04-02,COMPLETED
ORD-118271,P010,North,1.0,2026-01-30,COMPLETED
ORD-118272,P004,North,1.0,2026-05-27,COMPLETED
ORD-118273,P005,North,1.0,2026-03-08,cancelled
ORD-118274,P007,South,5.0,2026-05-25,Completed
ORD-118275,P008,North,4.0,2026-06-12,COMPLETED
ORD-118276,P009,South,2.0,2026-04-19,cancelled
ORD-118277,P010,North,5.0,2026-02-06,completed
ORD-118278,P008,West,4.0,2026-04-11,Completed
ORD-118279,P010,North,2.0,2026-01-09,pending
ORD-118280,P005,South,4.0,2026-02-09,Completed
ORD-118281,P010,West,2.0,2026-02-01,pending
ORD-118282,P009,West,,2026-05-10,Completed
ORD-118283,P008,South,2.0,2026-04-12,COMPLETED
ORD-118284,P005,West,5.0,2026-05-13,completed
ORD-118285,P005,East,3.0,2026-02-04,COMPLETED
ORD-118286,P003,East,5.0,2026-03-25,pending
ORD-118287,P003,East,2.0,2026-06-26,Completed
ORD-118288,P009,West,4.0,2026-05-08,COMPLETED
ORD-118289,P009,East,,2026-02-06,Completed
ORD-118290,P005,East,3.0,2026-01-25,pending
ORD-118291,P004,South,1.0,2026-05-30,COMPLETED
ORD-118292,P006,South,5.0,2026-06-19,Completed
ORD-118293,P010,East,1.0,2026-01-27,cancelled
ORD-118294,P002,South,3.0,2026-04-19,COMPLETED
ORD-118295,P008,South,3.0,2026-03-11,cancelled
ORD-118296,P009,East,3.0,2026-05-29,Completed
ORD-118297,P010,South,4.0,2026-03-26,cancelled
ORD-118298,P003,West,1.0,2026-04-07,Completed
ORD-118299,P004,North,5.0,2026-05-20,Completed
ORD-118300,P004,North,3.0,2026-03-22,pending
ORD-118301,P006,South,5.0,2026-06-28,cancelled
ORD-118302,P009,East,5.0,2026-02-19,completed
ORD-118303,P004,East,5.0,2026-06-17,Completed
ORD-118304,P008,East,5.0,2026-06-30,pending
ORD-118305,P006,East,1.0,2026-04-10,pending
ORD-118306,P004,East,3.0,2026-03-30,Completed
ORD-118307,P010,West,4.0,2026-02-04,pending
ORD-118308,P003,West,2.0,2026-02-20,completed
ORD-118309,P005,East,3.0,2026-03-04,Completed
ORD-118310,P005,South,5.0,2026-06-07,cancelled
ORD-118311,P007,East,5.0,2026-05-15,COMPLETED
ORD-118312,P010,North,1.0,2026-01-07,cancelled
ORD-118313,P001,South,2.0,2026-06-11,pending
ORD-118314,P007,South,1.0,2026-05-29,COMPLETED
ORD-118315,P006,West,2.0,2026-04-08,pending
ORD-118316,P003,East,4.0,2026-06-12,COMPLETED
ORD-118317,P007,South,1.0,2026-03-26,pending
ORD-118318,P004,East,1.0,2026-05-18,COMPLETED
ORD-118319,P008,East,2.0,2026-04-26,COMPLETED
ORD-118320,P007,South,3.0,2026-04-09,Completed
ORD-118321,P006,North,1.0,2026-02-26,cancelled
ORD-118322,P008,North,4.0,2026-02-19,cancelled
ORD-118323,P008,South,1.0,2026-05-02,pending
ORD-118324,P004,East,1.0,2026-06-29,Completed
ORD-118325,P010,North,3.0,2026-01-15,pending
ORD-118326,P001,South,3.0,2026-02-17,COMPLETED
ORD-118327,P010,West,5.0,2026-01-15,pending
ORD-118328,P008,South,3.0,2026-02-05,Completed
ORD-118329,P001,South,5.0,2026-02-27,pending
ORD-118330,P004,North,1.0,2026-02-13,Completed
ORD-118331,P007,North,5.0,2026-06-15,Completed
ORD-118332,P005,South,5.0,2026-05-28,Completed
ORD-118333,P003,East,3.0,2026-03-26,COMPLETED
ORD-118334,P005,West,3.0,2026-03-27,pending
ORD-118335,P004,East,2.0,2026-04-06,Completed
ORD-118336,P007,West,5.0,2026-04-29,cancelled
ORD-118337,P007,North,1.0,2026-01-31,COMPLETED
ORD-118338,P005,East,1.0,2026-03-18,COMPLETED
ORD-118339,P009,North,4.0,2026-04-17,cancelled
ORD-118340,P007,East,5.0,2026-01-18,pending
ORD-118341,P001,East,4.0,2026-04-10,pending
ORD-118342,P004,North,1.0,2026-01-01,completed
ORD-118343,P006,North,5.0,2026-04-28,pending
ORD-118344,P005,North,3.0,2026-02-27,cancelled
ORD-118345,P009,West,5.0,2026-04-22,COMPLETED
ORD-118346,P008,West,1.0,2026-03-26,pending
ORD-118347,P008,East,1.0,2026-03-26,cancelled
ORD-118348,P006,North,2.0,2026-05-05,COMPLETED
ORD-118349,P006,East,4.0,2026-05-23,completed
ORD-118350,P004,East,4.0,2026-01-04,cancelled
ORD-118351,P002,North,3.0,2026-05-19,completed
ORD-118352,P004,East,1.0,2026-02-18,Completed
ORD-118353,P004,North,2.0,2026-06-27,Completed
ORD-118354,P008,West,3.0,2026-06-14,cancelled
ORD-118355,P005,West,5.0,2026-04-22,pending
ORD-118356,P007,North,2.0,2026-01-06,completed
ORD-118357,P007,South,4.0,2026-04-12,cancelled
ORD-118358,P002,South,5.0,2026-06-25,completed
ORD-118359,P005,South,1.0,2026-03-14,cancelled
ORD-118360,P007,West,5.0,2026-01-12,pending
ORD-118361,P010,East,3.0,2026-04-01,COMPLETED
ORD-118362,P008,West,2.0,2026-03-30,COMPLETED
ORD-118363,P009,South,5.0,2026-02-16,pending
ORD-118364,P004,East,2.0,2026-03-08,Completed
ORD-118365,P004,South,5.0,2026-04-14,pending
ORD-118366,P001,North,5.0,2026-01-02,completed
ORD-118367,P010,West,4.0,2026-02-22,completed
ORD-118368,P005,South,2.0,2026-04-29,Completed
ORD-118369,P001,West,2.0,2026-06-21,Completed
ORD-118370,P010,East,3.0,2026-06-06,completed
ORD-118371,P001,East,3.0,2026-03-02,COMPLETED
ORD-118372,P006,North,3.0,2026-01-15,Completed
ORD-118373,P001,West,2.0,2026-06-23,completed
ORD-118374,P001,South,5.0,2026-02-14,completed
ORD-118375,P001,West,4.0,2026-06-21,cancelled
ORD-118376,P006,East,3.0,2026-04-06,COMPLETED
ORD-118377,P007,South,1.0,2026-02-17,Completed
ORD-118378,P007,East,3.0,2026-06-04,Completed
ORD-118379,P009,South,5.0,2026-01-12,completed
ORD-118380,P003,North,1.0,2026-06-12,Completed
ORD-118381,P002,South,3.0,2026-02-28,completed
ORD-118382,P002,West,2.0,2026-01-28,pending
ORD-118383,P010,West,2.0,2026-02-08,completed
ORD-118384,P009,East,3.0,2026-01-24,completed
ORD-118385,P008,West,2.0,2026-05-23,completed
ORD-118386,P009,East,,2026-03-25,completed
ORD-118387,P002,West,5.0,2026-06-25,Completed
ORD-118388,P001,North,4.0,2026-06-27,pending
ORD-118389,P001,North,5.0,2026-06-09,COMPLETED
ORD-118390,P003,East,1.0,2026-03-29,pending
ORD-118391,P010,East,4.0,2026-04-20,Completed
ORD-118392,P005,East,3.0,2026-02-18,pending
ORD-118393,P010,South,3.0,2026-06-05,COMPLETED
ORD-118394,P010,East,5.0,2026-04-01,pending
ORD-118395,P003,West,2.0,2026-01-24,Completed
ORD-118396,P004,North,5.0,2026-03-19,cancelled
ORD-118397,P010,East,4.0,2026-06-18,Completed
ORD-118398,P008,East,3.0,2026-03-22,cancelled
ORD-118399,P007,West,1.0,2026-05-22,Completed
ORD-118400,P007,West,5.0,2026-01-22,cancelled
ORD-118401,P006,North,2.0,2026-03-07,COMPLETED
ORD-118402,P007,West,2.0,2026-05-12,pending
ORD-118403,P002,South,,2026-02-05,Completed
ORD-118404,P002,South,1.0,2026-01-21,Completed
ORD-118405,P002,East,1.0,2026-04-02,completed
ORD-118406,P008,South,4.0,2026-06-11,cancelled
ORD-118407,P005,West,3.0,2026-01-20,Completed
ORD-118408,P010,North,1.0,2026-03-12,cancelled
ORD-118409,P009,North,4.0,2026-03-25,pending
ORD-118410,P009,South,5.0,2026-03-10,COMPLETED
ORD-118411,P010,East,2.0,2026-05-04,Completed
ORD-118412,P003,West,1.0,2026-03-18,COMPLETED
ORD-118413,P007,West,1.0,2026-02-02,pending
ORD-118414,P001,East,2.0,2026-04-28,COMPLETED
ORD-118415,P006,North,,2026-02-19,cancelled
ORD-118416,P007,South,1.0,2026-01-23,cancelled
ORD-118417,P005,South,1.0,2026-02-01,pending
ORD-118418,P007,East,4.0,2026-02-22,pending
ORD-118419,P003,South,5.0,2026-01-19,completed
ORD-118420,P007,South,5.0,2026-01-04,pending
ORD-118421,P009,North,2.0,2026-06-02,completed
ORD-118422,P006,East,4.0,2026-02-04,COMPLETED
ORD-118423,P002,South,5.0,2026-06-06,completed
ORD-118424,P006,East,1.0,2026-02-20,pending
ORD-118425,P002,West,3.0,2026-06-02,pending
ORD-118426,P003,South,4.0,2026-04-25,Completed
ORD-118427,P004,West,1.0,2026-02-14,Completed
ORD-118428,P008,South,3.0,2026-01-09,COMPLETED
ORD-118429,P003,North,1.0,2026-03-30,completed
ORD-118430,P001,North,3.0,2026-06-03,Completed
ORD-118431,P008,West,1.0,2026-01-13,cancelled
ORD-118432,P003,South,5.0,2026-06-04,pending
ORD-118433,P004,South,5.0,2026-02-05,Completed
ORD-118434,P008,West,2.0,2026-03-17,completed
ORD-118435,P008,West,5.0,2026-01-14,cancelled
ORD-118436,P002,East,4.0,2026-05-03,Completed
ORD-118437,P009,West,4.0,2026-02-25,cancelled
ORD-118438,P006,West,4.0,2026-04-08,cancelled
ORD-118439,P004,South,3.0,2026-04-26,COMPLETED
ORD-118440,P008,East,5.0,2026-02-06,pending
ORD-118441,P002,North,,2026-04-03,pending
ORD-118442,P006,West,3.0,2026-04-17,COMPLETED
ORD-118443,P006,East,2.0,2026-02-19,COMPLETED
ORD-118444,P010,North,4.0,2026-02-11,cancelled
ORD-118445,P010,West,2.0,2026-05-14,cancelled
ORD-118446,P006,East,4.0,2026-05-23,cancelled
ORD-118447,P003,East,4.0,2026-02-20,Completed
ORD-118448,P003,West,1.0,2026-04-28,pending
ORD-118449,P008,East,5.0,2026-01-02,completed
ORD-118450,P001,North,2.0,2026-05-29,COMPLETED
ORD-118451,P003,West,2.0,2026-05-30,completed
ORD-118452,P003,East,2.0,2026-01-30,completed
ORD-118453,P007,South,1.0,2026-03-09,completed
ORD-118454,P010,West,5.0,2026-01-01,cancelled
ORD-118455,P010,South,1.0,2026-04-23,pending
ORD-118456,P010,West,1.0,2026-04-05,completed
ORD-118457,P002,South,2.0,2026-01-01,completed
ORD-118458,P005,East,5.0,2026-05-15,cancelled
ORD-118459,P004,West,4.0,2026-06-03,COMPLETED
ORD-118460,P008,North,3.0,2026-06-08,Completed
ORD-118461,P003,East,5.0,2026-03-04,completed
ORD-118462,P004,South,1.0,2026-06-10,Completed
ORD-118463,P004,South,5.0,2026-05-29,completed
ORD-118464,P005,West,2.0,2026-05-26,completed
ORD-118465,P001,North,,2026-04-14,pending
ORD-118466,P007,North,3.0,2026-02-09,pending
ORD-118467,P001,West,5.0,2026-03-24,completed
ORD-118468,P010,West,2.0,2026-03-24,pending
ORD-118469,P007,North,3.0,2026-03-29,pending
ORD-118470,P007,North,1.0,2026-05-28,cancelled
ORD-118471,P006,South,1.0,2026-06-28,completed
ORD-118472,P004,North,1.0,2026-04-01,Completed
ORD-118473,P007,West,,2026-03-30,COMPLETED
ORD-118474,P010,South,5.0,2026-03-16,Completed
ORD-118475,P010,East,2.0,2026-05-14,COMPLETED
ORD-118476,P001,West,2.0,2026-01-27,pending
ORD-118477,P004,West,5.0,2026-02-21,completed
ORD-118478,P008,West,4.0,2026-02-16,completed
ORD-118479,P007,East,4.0,2026-02-04,cancelled
ORD-118480,P006,North,4.0,2026-05-03,COMPLETED
ORD-118481,P006,North,2.0,2026-05-12,COMPLETED
ORD-118482,P001,South,1.0,2026-06-12,completed
ORD-118483,P002,South,4.0,2026-06-01,completed
ORD-118484,P003,West,1.0,2026-04-18,pending
ORD-118485,P002,West,3.0,2026-04-04,Completed
ORD-118486,P002,South,2.0,2026-06-26,COMPLETED
ORD-118487,P004,East,3.0,2026-05-26,cancelled
ORD-118488,P009,East,1.0,2026-06-17,cancelled
ORD-118489,P006,West,5.0,2026-06-30,COMPLETED
ORD-118490,P004,North,5.0,2026-03-29,completed
ORD-118491,P009,South,4.0,2026-05-16,cancelled
ORD-118492,P006,North,4.0,2026-06-26,cancelled
ORD-118493,P003,West,2.0,2026-02-12,completed
ORD-118494,P001,North,3.0,2026-02-12,Completed
ORD-118495,P003,North,5.0,2026-01-23,completed
ORD-118496,P002,North,3.0,2026-04-24,COMPLETED
ORD-118497,P005,North,2.0,2026-03-16,COMPLETED
ORD-118498,P002,South,5.0,2026-04-25,COMPLETED
ORD-118499,P002,West,2.0,2026-06-15,Completed
ORD-118500,P008,South,1.0,2026-05-20,cancelled
ORD-118501,P010,South,3.0,2026-03-29,pending
ORD-118502,P004,South,1.0,2026-05-25,pending
ORD-118503,P001,South,1.0,2026-02-27,completed
ORD-118504,P008,North,5.0,2026-02-12,cancelled
ORD-118505,P009,East,4.0,2026-03-24,completed
ORD-118506,P003,East,4.0,2026-01-06,COMPLETED
ORD-118507,P007,North,3.0,2026-02-20,Completed
ORD-118508,P004,West,1.0,2026-01-29,cancelled
ORD-118509,P008,East,4.0,2026-05-14,COMPLETED
ORD-118510,P004,North,1.0,2026-02-04,Completed
ORD-118511,P005,South,1.0,2026-01-31,Completed
ORD-118512,P004,West,3.0,2026-05-25,completed
ORD-118513,P003,East,1.0,2026-01-31,completed
ORD-118514,P006,West,4.0,2026-05-26,pending
ORD-118515,P007,West,2.0,2026-06-26,pending
ORD-118516,P002,South,1.0,2026-02-24,COMPLETED
ORD-118517,P006,North,3.0,2026-03-28,COMPLETED
ORD-118518,P001,South,3.0,2026-05-15,completed
ORD-118519,P003,North,3.0,2026-05-25,pending
ORD-118520,P008,East,2.0,2026-01-12,cancelled
ORD-118521,P003,East,3.0,2026-04-24,pending
ORD-118522,P006,West,3.0,2026-02-25,completed
ORD-118523,P003,South,3.0,2026-05-29,COMPLETED
ORD-118524,P008,West,3.0,2026-01-01,cancelled
ORD-118525,P007,South,5.0,2026-03-25,Completed
ORD-118526,P009,South,3.0,2026-03-08,cancelled
ORD-118527,P007,North,3.0,2026-01-24,Completed
ORD-118528,P009,South,4.0,2026-02-26,pending
ORD-118529,P010,East,3.0,2026-05-03,cancelled
ORD-118530,P009,West,3.0,2026-06-21,pending
ORD-118531,P001,East,2.0,2026-06-07,pending
ORD-118532,P009,West,5.0,2026-01-02,cancelled
ORD-118533,P006,South,1.0,2026-02-22,pending
ORD-118534,P002,West,5.0,2026-01-28,cancelled
ORD-118535,P005,West,4.0,2026-06-04,COMPLETED
ORD-118536,P009,East,1.0,2026-06-19,COMPLETED
ORD-118537,P008,East,3.0,2026-04-06,completed
ORD-118538,P010,South,2.0,2026-06-02,cancelled
ORD-118539,P010,North,3.0,2026-06-17,pending
ORD-118540,P006,South,4.0,2026-03-26,completed
ORD-118541,P003,East,1.0,2026-05-29,completed
ORD-118542,P008,East,5.0,2026-06-05,pending
ORD-118543,P010,South,2.0,2026-05-24,cancelled
ORD-118544,P001,East,1.0,2026-02-13,COMPLETED
ORD-118545,P003,South,4.0,2026-05-10,Completed
ORD-118546,P004,North,2.0,2026-01-16,cancelled
ORD-118547,P005,West,4.0,2026-01-31,completed
ORD-118548,P005,West,5.0,2026-05-04,cancelled
ORD-118549,P001,North,5.0,2026-02-17,completed
ORD-118550,P003,West,4.0,2026-06-11,pending
ORD-118551,P004,North,2.0,2026-02-02,COMPLETED
ORD-118552,P003,South,2.0,2026-04-20,Completed
ORD-118553,P007,East,1.0,2026-01-19,cancelled
ORD-118554,P010,South,2.0,2026-06-18,completed
ORD-118555,P009,East,2.0,2026-02-26,pending
ORD-118556,P005,South,1.0,2026-01-30,completed
ORD-118557,P007,North,1.0,2026-02-19,pending
ORD-118558,P001,West,4.0,2026-03-13,completed
ORD-118559,P003,North,,2026-05-08,Completed
ORD-118560,P002,North,3.0,2026-01-02,pending
ORD-118561,P001,South,2.0,2026-05-30,cancelled
ORD-118562,P007,West,1.0,2026-03-22,COMPLETED
ORD-118563,P003,East,,2026-05-20,pending
ORD-118564,P009,South,1.0,2026-04-05,cancelled
ORD-118565,P007,South,4.0,2026-03-23,Completed
ORD-118566,P009,East,1.0,2026-03-04,COMPLETED
ORD-118567,P002,North,3.0,2026-05-15,cancelled
ORD-118568,P002,South,,2026-05-12,Completed
ORD-118569,P002,North,2.0,2026-01-09,cancelled
ORD-118570,P005,North,3.0,2026-05-07,completed
ORD-118571,P010,East,4.0,2026-05-15,cancelled
ORD-118572,P001,South,3.0,2026-04-08,COMPLETED
ORD-118573,P007,West,4.0,2026-03-17,cancelled
ORD-118574,P002,East,3.0,2026-05-20,Completed
ORD-118575,P009,West,3.0,2026-04-22,completed
ORD-118576,P003,East,1.0,2026-05-09,pending
ORD-118577,P002,East,5.0,2026-05-10,completed
ORD-118578,P003,South,2.0,2026-03-09,completed
ORD-118579,P002,North,,2026-03-11,pending
ORD-118580,P006,South,3.0,2026-04-30,completed
ORD-118581,P010,West,2.0,2026-06-04,completed
ORD-118582,P005,South,2.0,2026-05-15,completed
ORD-118583,P006,North,5.0,2026-03-31,cancelled
ORD-118584,P009,North,5.0,2026-01-07,Completed
ORD-118585,P002,West,4.0,2026-05-19,COMPLETED
ORD-118586,P010,South,2.0,2026-02-09,COMPLETED
ORD-118587,P006,South,2.0,2026-04-11,pending
ORD-118588,P005,East,1.0,2026-05-28,Completed
ORD-118589,P002,East,5.0,2026-06-03,COMPLETED
ORD-118590,P008,North,1.0,2026-06-10,cancelled
ORD-118591,P004,South,4.0,2026-01-05,completed
ORD-118592,P002,East,4.0,2026-02-22,cancelled
ORD-118593,P006,East,4.0,2026-06-06,Completed
ORD-118594,P002,North,2.0,2026-06-29,completed
ORD-118595,P007,North,4.0,2026-05-18,pending
ORD-118596,P007,South,4.0,2026-01-27,Completed
ORD-118597,P005,East,1.0,2026-02-27,completed
ORD-118598,P001,South,4.0,2026-02-02,completed
ORD-118599,P005,South,1.0,2026-05-01,Completed
ORD-118600,P004,North,5.0,2026-05-13,Completed
ORD-118601,P008,North,4.0,2026-02-04,Completed
ORD-118602,P003,North,5.0,2026-02-08,completed
ORD-118603,P005,North,2.0,2026-03-09,completed
ORD-118604,P007,East,4.0,2026-05-26,Completed
ORD-118605,P002,East,3.0,2026-03-07,cancelled
ORD-118606,P003,West,2.0,2026-04-26,COMPLETED
ORD-118607,P005,South,4.0,2026-04-09,Completed
ORD-118608,P008,South,2.0,2026-06-17,COMPLETED
ORD-118609,P007,West,3.0,2026-05-26,cancelled
ORD-118610,P010,West,2.0,2026-04-02,cancelled
ORD-118611,P007,North,2.0,2026-06-15,Completed
ORD-118612,P010,North,1.0,2026-02-13,completed
ORD-118613,P010,South,1.0,2026-05-17,COMPLETED
ORD-118614,P008,East,3.0,2026-03-21,Completed
ORD-118615,P009,North,1.0,2026-05-16,pending
ORD-118616,P005,South,2.0,2026-04-13,completed
ORD-118617,P002,West,5.0,2026-01-13,cancelled
ORD-118618,P002,West,5.0,2026-01-21,pending
ORD-118619,P008,South,4.0,2026-05-21,Completed
ORD-118620,P003,South,3.0,2026-01-08,Completed
ORD-118621,P010,East,3.0,2026-04-17,completed
ORD-118622,P003,West,4.0,2026-06-28,COMPLETED
ORD-118623,P007,West,4.0,2026-01-11,pending
ORD-118624,P009,North,3.0,2026-01-22,cancelled
ORD-118625,P010,East,5.0,2026-05-13,COMPLETED
ORD-118626,P006,South,4.0,2026-02-20,COMPLETED
ORD-118627,P001,North,5.0,2026-06-11,COMPLETED
ORD-118628,P007,North,5.0,2026-06-11,pending
ORD-118629,P001,North,5.0,2026-06-19,COMPLETED
ORD-118630,P004,South,4.0,2026-03-16,completed
ORD-118631,P004,East,1.0,2026-03-06,COMPLETED
ORD-118632,P010,West,2.0,2026-02-24,COMPLETED
ORD-118633,P010,West,4.0,2026-03-09,COMPLETED
ORD-118634,P003,West,1.0,2026-06-30,Completed
ORD-118635,P004,West,4.0,2026-05-22,completed
ORD-118636,P003,East,3.0,2026-01-03,pending
ORD-118637,P004,North,1.0,2026-01-14,cancelled
ORD-118638,P005,South,1.0,2026-04-22,Completed
ORD-118639,P009,South,1.0,2026-03-05,completed
ORD-118640,P010,West,5.0,2026-01-13,Completed
ORD-118641,P010,North,3.0,2026-03-22,pending
ORD-118642,P001,South,1.0,2026-06-01,pending
ORD-118643,P010,North,5.0,2026-01-11,completed
ORD-118644,P004,East,1.0,2026-02-03,completed
ORD-118645,P003,North,4.0,2026-05-31,Completed
ORD-118646,P008,North,1.0,2026-01-04,pending
ORD-118647,P006,South,3.0,2026-01-19,completed
ORD-118648,P006,North,4.0,2026-03-03,COMPLETED
ORD-118649,P009,East,1.0,2026-03-24,Completed
ORD-118650,P005,West,1.0,2026-03-01,completed
ORD-118651,P001,West,3.0,2026-03-04,completed
ORD-118652,P009,North,1.0,2026-04-20,COMPLETED
ORD-118653,P006,South,4.0,2026-02-01,COMPLETED
ORD-118654,P010,East,2.0,2026-05-03,cancelled
ORD-118655,P007,North,2.0,2026-01-30,COMPLETED
ORD-118656,P010,East,5.0,2026-03-13,cancelled
ORD-118657,P010,North,5.0,2026-06-22,completed
ORD-118658,P004,North,5.0,2026-03-18,completed
ORD-118659,P010,North,5.0,2026-02-05,COMPLETED
ORD-118660,P008,North,4.0,2026-06-29,completed
ORD-118661,P002,North,5.0,2026-01-10,COMPLETED
ORD-118662,P002,South,1.0,2026-05-28,pending
ORD-118663,P001,South,5.0,2026-03-10,cancelled
ORD-118664,P010,West,4.0,2026-02-10,cancelled
ORD-118665,P010,East,4.0,2026-02-20,COMPLETED
ORD-118666,P003,North,3.0,2026-02-27,Completed
ORD-118667,P007,North,3.0,2026-06-28,pending
ORD-118668,P007,West,2.0,2026-06-05,COMPLETED
ORD-118669,P008,East,4.0,2026-02-20,Completed
ORD-118670,P004,North,2.0,2026-02-17,COMPLETED
ORD-118671,P002,West,2.0,2026-05-30,Completed
ORD-118672,P009,North,2.0,2026-03-13,pending
ORD-118673,P005,South,1.0,2026-02-06,Completed
ORD-118674,P004,West,4.0,2026-02-18,COMPLETED
ORD-118675,P002,North,2.0,2026-05-19,Completed
ORD-118676,P001,South,4.0,2026-06-02,pending
ORD-118677,P007,North,1.0,2026-05-17,pending
ORD-118678,P008,South,2.0,2026-02-10,pending
ORD-118679,P010,North,4.0,2026-05-30,Completed
ORD-118680,P010,West,5.0,2026-04-18,Completed
ORD-118681,P004,South,1.0,2026-06-17,completed
ORD-118682,P003,South,1.0,2026-04-17,cancelled
ORD-118683,P005,North,1.0,2026-02-28,pending
ORD-118684,P010,North,1.0,2026-01-18,cancelled
ORD-118685,P005,North,5.0,2026-03-29,cancelled
ORD-118686,P005,West,5.0,2026-01-22,Completed
ORD-118687,P008,North,3.0,2026-02-28,pending
ORD-118688,P004,East,4.0,2026-01-30,completed
ORD-118689,P003,North,5.0,2026-01-27,pending
ORD-118690,P006,West,3.0,2026-06-17,pending
ORD-118691,P010,North,4.0,2026-01-02,cancelled
ORD-118692,P009,West,3.0,2026-01-05,cancelled
ORD-118693,P003,North,4.0,2026-02-27,cancelled
ORD-118694,P009,North,4.0,2026-03-10,pending
ORD-118695,P009,West,4.0,2026-06-28,COMPLETED
ORD-118696,P009,West,4.0,2026-04-02,cancelled
ORD-118697,P003,South,2.0,2026-04-16,COMPLETED
ORD-118698,P005,West,2.0,2026-05-19,completed
ORD-118699,P010,South,1.0,2026-06-23,Completed
ORD-118700,P002,East,1.0,2026-05-07,completed
ORD-118701,P003,North,2.0,2026-04-14,Completed
ORD-118702,P005,East,,2026-05-22,pending
ORD-118703,P010,East,1.0,2026-01-31,pending
ORD-118704,P003,East,3.0,2026-04-12,pending
ORD-118705,P003,West,1.0,2026-02-21,Completed
ORD-118706,P006,South,1.0,2026-05-06,pending
ORD-118707,P004,East,1.0,2026-02-11,cancelled
ORD-118708,P009,West,5.0,2026-04-19,pending
ORD-118709,P010,East,3.0,2026-01-07,completed
ORD-118710,P007,North,3.0,2026-05-11,completed
ORD-118711,P006,South,4.0,2026-01-11,cancelled
ORD-118712,P003,West,2.0,2026-05-17,COMPLETED
ORD-118713,P006,South,1.0,2026-06-13,COMPLETED
ORD-118714,P008,South,5.0,2026-01-12,COMPLETED
ORD-118715,P002,East,3.0,2026-04-08,COMPLETED
ORD-118716,P004,East,3.0,2026-02-28,Completed
ORD-118717,P005,West,5.0,2026-04-21,COMPLETED
ORD-118718,P006,East,2.0,2026-01-04,cancelled
ORD-118719,P002,South,5.0,2026-06-18,pending
ORD-118720,P002,North,4.0,2026-01-26,COMPLETED
ORD-118721,P009,South,5.0,2026-03-28,Completed
ORD-118722,P005,West,4.0,2026-06-28,completed
ORD-118723,P002,North,3.0,2026-04-28,COMPLETED
ORD-118724,P004,North,1.0,2026-02-04,Completed
ORD-118725,P007,North,4.0,2026-03-16,pending
ORD-118726,P006,West,3.0,2026-04-15,cancelled
ORD-118727,P007,North,2.0,2026-05-26,completed
ORD-118728,P002,East,3.0,2026-02-27,Completed
ORD-118729,P003,South,5.0,2026-05-27,cancelled
ORD-118730,P002,East,2.0,2026-06-01,COMPLETED
ORD-118731,P005,West,1.0,2026-04-06,Completed
ORD-118732,P007,South,4.0,2026-02-02,cancelled
ORD-118733,P010,West,1.0,2026-02-13,COMPLETED
ORD-118734,P005,South,1.0,2026-01-19,cancelled
ORD-118735,P010,West,5.0,2026-03-14,Completed
ORD-118736,P007,South,1.0,2026-06-11,COMPLETED
ORD-118737,P001,South,3.0,2026-05-05,completed
ORD-118738,P003,East,4.0,2026-01-07,Completed
ORD-118739,P010,South,4.0,2026-03-26,cancelled
ORD-118740,P004,North,4.0,2026-02-06,completed
ORD-118741,P004,North,1.0,2026-05-09,cancelled
ORD-118742,P004,East,2.0,2026-04-11,Completed
ORD-118743,P003,East,4.0,2026-04-28,COMPLETED
ORD-118744,P001,East,2.0,2026-01-31,completed
ORD-118745,P009,North,5.0,2026-05-17,cancelled
ORD-118746,P010,North,2.0,2026-01-09,cancelled
ORD-118747,P004,West,1.0,2026-04-03,completed
ORD-118748,P003,West,2.0,2026-02-09,completed
ORD-118749,P001,South,5.0,2026-01-20,pending
ORD-118750,P001,South,2.0,2026-06-09,completed
ORD-118751,P001,East,,2026-04-02,COMPLETED
ORD-118752,P007,North,3.0,2026-06-07,pending
ORD-118753,P005,South,2.0,2026-04-07,Completed
ORD-118754,P003,West,2.0,2026-01-27,pending
ORD-118755,P001,North,1.0,2026-06-22,cancelled
ORD-118756,P004,North,1.0,2026-01-05,Completed
ORD-118757,P005,South,2.0,2026-04-22,pending
ORD-118758,P005,South,3.0,2026-03-15,Completed
ORD-118759,P001,North,,2026-03-07,Completed
ORD-118760,P007,North,1.0,2026-05-13,cancelled
ORD-118761,P007,East,5.0,2026-06-06,cancelled
ORD-118762,P003,South,5.0,2026-03-03,COMPLETED
ORD-118763,P002,North,3.0,2026-05-02,Completed
ORD-118764,P002,South,5.0,2026-02-14,pending
ORD-118765,P002,South,3.0,2026-06-04,Completed
ORD-118766,P006,South,3.0,2026-05-15,COMPLETED
ORD-118767,P009,South,5.0,2026-04-11,cancelled
ORD-118768,P008,East,1.0,2026-01-25,completed
ORD-118769,P001,North,2.0,2026-01-31,COMPLETED
ORD-118770,P007,South,2.0,2026-05-01,COMPLETED
ORD-118771,P001,South,2.0,2026-05-28,COMPLETED
ORD-118772,P003,East,1.0,2026-05-08,cancelled
ORD-118773,P002,South,4.0,2026-06-18,pending
ORD-118774,P007,South,4.0,2026-05-06,completed
ORD-118775,P005,South,4.0,2026-01-21,Completed
ORD-118776,P005,West,1.0,2026-05-11,pending
ORD-118777,P010,East,2.0,2026-02-21,COMPLETED
ORD-118778,P007,South,1.0,2026-06-19,completed
ORD-118779,P009,East,2.0,2026-02-08,Completed
ORD-118780,P009,West,4.0,2026-01-17,Completed
ORD-118781,P004,East,2.0,2026-04-20,pending
ORD-118782,P005,West,2.0,2026-05-05,cancelled
ORD-118783,P003,East,3.0,2026-02-23,Completed
ORD-118784,P009,West,1.0,2026-06-02,cancelled
ORD-118785,P005,East,2.0,2026-04-26,COMPLETED
ORD-118786,P006,South,3.0,2026-04-28,completed
ORD-118787,P008,South,3.0,2026-06-01,Completed
ORD-118788,P009,East,3.0,2026-06-02,completed
ORD-118789,P006,South,1.0,2026-05-30,cancelled
ORD-118790,P004,West,4.0,2026-03-05,pending
ORD-118791,P002,East,3.0,2026-01-08,COMPLETED
ORD-118792,P008,West,2.0,2026-06-07,completed
ORD-118793,P007,South,5.0,2026-02-08,pending
ORD-118794,P001,East,5.0,2026-03-01,pending
ORD-118795,P008,East,2.0,2026-01-23,completed
ORD-118796,P010,South,4.0,2026-02-13,COMPLETED
ORD-118797,P007,West,3.0,2026-04-12,pending
ORD-118798,P010,East,2.0,2026-03-06,pending
ORD-118799,P005,East,5.0,2026-02-27,pending
ORD-118800,P005,North,3.0,2026-04-27,completed
ORD-118801,P006,West,,2026-06-05,COMPLETED
ORD-118802,P005,South,2.0,2026-01-22,completed
ORD-118803,P005,South,3.0,2026-04-02,cancelled
ORD-118804,P007,West,2.0,2026-04-05,cancelled
ORD-118805,P003,West,3.0,2026-04-01,pending
ORD-118806,P006,West,3.0,2026-05-27,cancelled
ORD-118807,P001,North,,2026-05-11,COMPLETED
ORD-118808,P008,North,,2026-05-22,COMPLETED
ORD-118809,P010,South,5.0,2026-05-09,pending
ORD-118810,P007,West,3.0,2026-01-17,COMPLETED
ORD-118811,P004,North,3.0,2026-02-03,pending
ORD-118812,P003,East,5.0,2026-03-06,pending
ORD-118813,P008,East,5.0,2026-04-30,COMPLETED
ORD-118814,P005,East,4.0,2026-05-18,pending
ORD-118815,P002,East,3.0,2026-03-07,pending
ORD-118816,P005,East,5.0,2026-06-14,Completed
ORD-118817,P005,East,1.0,2026-05-21,completed
ORD-118818,P007,East,3.0,2026-01-22,Completed
ORD-118819,P004,West,1.0,2026-04-14,Completed
ORD-118820,P009,North,1.0,2026-05-16,cancelled
ORD-118821,P010,North,5.0,2026-01-19,COMPLETED
ORD-118822,P009,East,5.0,2026-02-04,COMPLETED
ORD-118823,P007,East,2.0,2026-06-24,COMPLETED
ORD-118824,P007,South,2.0,2026-04-12,Completed
ORD-118825,P001,East,1.0,2026-06-26,COMPLETED
ORD-118826,P002,South,5.0,2026-03-01,cancelled
ORD-118827,P003,East,4.0,2026-03-25,Completed
ORD-118828,P003,North,4.0,2026-03-01,completed
ORD-118829,P006,South,4.0,2026-05-13,completed
ORD-118830,P004,South,3.0,2026-02-18,pending
ORD-118831,P008,South,3.0,2026-03-23,cancelled
ORD-118832,P010,East,1.0,2026-04-09,COMPLETED
ORD-118833,P010,West,4.0,2026-01-23,COMPLETED
ORD-118834,P008,North,4.0,2026-03-13,completed
ORD-118835,P003,South,1.0,2026-03-19,pending
ORD-118836,P008,North,4.0,2026-06-22,Completed
ORD-118837,P004,East,2.0,2026-04-08,pending
ORD-118838,P007,West,,2026-02-22,COMPLETED
ORD-118839,P008,West,4.0,2026-03-18,cancelled
ORD-118840,P008,South,1.0,2026-01-13,COMPLETED
ORD-118841,P002,North,2.0,2026-01-29,cancelled
ORD-118842,P008,North,4.0,2026-04-22,cancelled
ORD-118843,P003,South,2.0,2026-05-30,COMPLETED
ORD-118844,P009,East,1.0,2026-04-21,Completed
ORD-118845,P009,East,1.0,2026-03-10,COMPLETED
ORD-118846,P007,East,2.0,2026-03-05,completed
ORD-118847,P007,West,3.0,2026-04-24,completed
ORD-118848,P002,West,3.0,2026-01-07,Completed
ORD-118849,P010,West,1.0,2026-03-12,completed
ORD-118850,P008,South,5.0,2026-01-30,cancelled
ORD-118851,P004,East,3.0,2026-01-15,pending
ORD-118852,P003,South,1.0,2026-06-08,Completed
ORD-118853,P003,North,1.0,2026-05-14,pending
ORD-118854,P003,South,2.0,2026-06-19,pending
ORD-118855,P005,North,3.0,2026-06-18,cancelled
ORD-118856,P001,North,5.0,2026-06-29,COMPLETED
ORD-118857,P002,North,4.0,2026-05-14,cancelled
ORD-118858,P006,East,5.0,2026-01-09,completed
ORD-118859,P006,West,1.0,2026-01-02,Completed
ORD-118860,P007,South,2.0,2026-06-04,pending
ORD-118861,P007,West,5.0,2026-04-15,Completed
ORD-118862,P007,North,4.0,2026-03-05,pending
ORD-118863,P007,North,5.0,2026-05-20,pending
ORD-118864,P009,South,1.0,2026-02-02,completed
ORD-118865,P006,South,5.0,2026-02-07,Completed
ORD-118866,P005,South,4.0,2026-01-19,Completed
ORD-118867,P008,West,2.0,2026-03-06,cancelled
ORD-118868,P007,East,4.0,2026-01-18,completed
ORD-118869,P009,South,1.0,2026-05-07,cancelled
ORD-118870,P002,East,3.0,2026-05-06,Completed
ORD-118871,P008,North,4.0,2026-01-02,pending
ORD-118872,P001,South,5.0,2026-02-24,cancelled
ORD-118873,P002,South,3.0,2026-04-18,cancelled
ORD-118874,P006,North,,2026-03-21,Completed
ORD-118875,P010,East,4.0,2026-01-24,Completed
ORD-118876,P007,West,4.0,2026-01-04,completed
ORD-118877,P008,South,5.0,2026-02-04,cancelled
ORD-118878,P001,East,1.0,2026-05-20,pending
ORD-118879,P009,North,3.0,2026-01-28,pending
ORD-118880,P001,North,1.0,2026-06-14,pending
ORD-118881,P008,North,1.0,2026-01-23,Completed
ORD-118882,P007,West,5.0,2026-06-16,completed
ORD-118883,P009,South,1.0,2026-02-12,Completed
ORD-118884,P002,South,5.0,2026-05-27,completed
ORD-118885,P001,South,4.0,2026-06-25,COMPLETED
ORD-118886,P002,South,4.0,2026-02-16,cancelled
ORD-118887,P001,South,1.0,2026-05-05,completed
ORD-118888,P010,West,2.0,2026-02-16,pending
ORD-118889,P002,North,2.0,2026-03-05,completed
ORD-118890,P007,North,5.0,2026-02-19,COMPLETED
ORD-118891,P001,West,5.0,2026-05-09,Completed
ORD-118892,P007,East,5.0,2026-03-14,COMPLETED
ORD-118893,P007,South,1.0,2026-06-01,cancelled
ORD-118894,P009,East,1.0,2026-05-18,pending
ORD-118895,P010,North,2.0,2026-03-05,pending
ORD-118896,P004,South,2.0,2026-01-21,completed
ORD-118897,P004,East,1.0,2026-03-28,Completed
ORD-118898,P004,North,4.0,2026-04-22,completed
ORD-118899,P004,South,4.0,2026-02-26,pending
ORD-118900,P001,East,5.0,2026-06-28,cancelled
ORD-118901,P002,West,3.0,2026-03-28,Completed
ORD-118902,P002,South,3.0,2026-02-05,cancelled
ORD-118903,P008,North,3.0,2026-03-28,COMPLETED
ORD-118904,P002,South,4.0,2026-04-16,cancelled
ORD-118905,P002,South,2.0,2026-02-12,cancelled
ORD-118906,P006,North,2.0,2026-06-11,COMPLETED
ORD-118907,P005,West,2.0,2026-05-10,cancelled
ORD-118908,P003,West,1.0,2026-02-07,completed
ORD-118909,P006,North,3.0,2026-04-04,Completed
ORD-118910,P008,North,5.0,2026-04-19,completed
ORD-118911,P007,West,2.0,2026-04-23,completed
ORD-118912,P009,West,2.0,2026-01-02,cancelled
ORD-118913,P002,West,5.0,2026-04-08,cancelled
ORD-118914,P010,South,1.0,2026-01-31,pending
ORD-118915,P006,South,3.0,2026-06-11,pending
ORD-118916,P003,North,4.0,2026-02-24,pending
ORD-118917,P005,West,1.0,2026-04-17,cancelled
ORD-118918,P008,East,4.0,2026-01-20,completed
ORD-118919,P004,South,2.0,2026-03-03,pending
ORD-118920,P010,South,5.0,2026-02-01,pending
ORD-118921,P006,West,2.0,2026-02-17,COMPLETED
ORD-118922,P005,South,2.0,2026-04-05,COMPLETED
ORD-118923,P002,North,4.0,2026-04-08,Completed
ORD-118924,P009,South,5.0,2026-05-05,COMPLETED
ORD-118925,P002,East,1.0,2026-05-04,pending
ORD-118926,P005,North,4.0,2026-05-16,cancelled
ORD-118927,P004,East,1.0,2026-02-23,cancelled
ORD-118928,P009,West,5.0,2026-02-23,Completed
ORD-118929,P007,East,3.0,2026-04-03,Completed
ORD-118930,P008,West,2.0,2026-05-30,Completed
ORD-118931,P001,South,2.0,2026-06-25,Completed
ORD-118932,P002,South,2.0,2026-01-01,Completed
ORD-118933,P007,North,3.0,2026-01-23,Completed
ORD-118934,P002,North,2.0,2026-04-21,Completed
ORD-118935,P010,South,3.0,2026-05-17,completed
ORD-118936,P002,East,4.0,2026-01-20,cancelled
ORD-118937,P007,South,3.0,2026-06-22,Completed
ORD-118938,P001,West,4.0,2026-05-01,completed
ORD-118939,P002,South,5.0,2026-02-28,COMPLETED
ORD-118940,P004,North,3.0,2026-01-28,pending
ORD-118941,P001,North,4.0,2026-04-18,pending
ORD-118942,P004,South,1.0,2026-02-14,COMPLETED
ORD-118943,P004,North,1.0,2026-04-17,COMPLETED
ORD-118944,P002,East,2.0,2026-06-14,COMPLETED
ORD-118945,P010,West,5.0,2026-01-16,Completed
ORD-118946,P006,North,5.0,2026-03-27,completed
ORD-118947,P007,East,2.0,2026-01-24,Completed
ORD-118948,P010,West,2.0,2026-06-08,Completed
ORD-118949,P002,South,2.0,2026-04-27,pending
ORD-118950,P008,North,1.0,2026-06-13,Completed
ORD-118951,P003,South,3.0,2026-06-16,pending
ORD-118952,P005,West,,2026-06-14,cancelled
ORD-118953,P001,North,1.0,2026-02-23,pending
ORD-118954,P007,West,5.0,2026-02-27,pending
ORD-118955,P003,South,5.0,2026-05-08,pending
ORD-118956,P009,East,4.0,2026-01-27,completed
ORD-118957,P010,East,1.0,2026-01-27,cancelled
ORD-118958,P010,East,2.0,2026-02-05,pending
ORD-118959,P002,South,,2026-05-29,cancelled
ORD-118960,P008,East,4.0,2026-06-25,Completed
ORD-118961,P007,West,5.0,2026-06-25,completed
ORD-118962,P005,South,1.0,2026-03-07,pending
ORD-118963,P008,East,1.0,2026-04-12,pending
ORD-118964,P001,South,1.0,2026-02-19,pending
ORD-118965,P001,East,1.0,2026-02-18,cancelled
ORD-118966,P005,East,3.0,2026-04-03,Completed
ORD-118967,P004,North,1.0,2026-06-07,Completed
ORD-118968,P008,South,1.0,2026-06-15,completed
ORD-118969,P003,North,4.0,2026-04-06,Completed
ORD-118970,P006,West,4.0,2026-02-20,completed
ORD-118971,P003,South,5.0,2026-03-21,COMPLETED
ORD-118972,P006,East,3.0,2026-03-29,completed
ORD-118973,P005,North,4.0,2026-01-22,COMPLETED
ORD-118974,P005,West,5.0,2026-03-05,pending
ORD-118975,P004,South,5.0,2026-05-07,pending
ORD-118976,P001,South,5.0,2026-01-06,completed
ORD-118977,P004,South,2.0,2026-03-04,Completed
ORD-118978,P008,North,2.0,2026-05-25,Completed
ORD-118979,P003,South,1.0,2026-03-28,COMPLETED
ORD-118980,P010,North,,2026-01-18,pending
ORD-118981,P002,East,2.0,2026-03-15,Completed
ORD-118982,P001,West,1.0,2026-06-21,cancelled
ORD-118983,P005,South,2.0,2026-06-27,COMPLETED
ORD-118984,P010,West,3.0,2026-03-13,completed
ORD-118985,P003,North,2.0,2026-05-06,pending
ORD-118986,P006,West,2.0,2026-06-19,pending
ORD-118987,P007,East,2.0,2026-03-27,cancelled
ORD-118988,P007,North,4.0,2026-04-26,pending
ORD-118989,P006,North,5.0,2026-05-14,pending
ORD-118990,P002,South,4.0,2026-05-01,COMPLETED
ORD-118991,P006,North,1.0,2026-03-30,COMPLETED
ORD-118992,P004,North,2.0,2026-06-27,pending
ORD-118993,P003,North,1.0,2026-06-08,cancelled
ORD-118994,P002,West,3.0,2026-01-16,COMPLETED
ORD-118995,P006,North,2.0,2026-03-19,pending
ORD-118996,P009,West,4.0,2026-01-22,COMPLETED
ORD-118997,P003,South,3.0,2026-01-24,Completed
ORD-118998,P005,South,4.0,2026-03-31,completed
ORD-118999,P008,East,2.0,2026-02-26,Completed
ORD-119000,P008,South,1.0,2026-06-23,Completed
ORD-119001,P010,West,4.0,2026-01-14,Completed
ORD-119002,P006,East,4.0,2026-03-14,pending
ORD-119003,P003,North,1.0,2026-02-04,COMPLETED
ORD-119004,P006,West,4.0,2026-05-21,COMPLETED
ORD-119005,P008,North,4.0,2026-03-08,completed
ORD-119006,P007,West,4.0,2026-05-09,cancelled
ORD-119007,P006,West,2.0,2026-06-10,COMPLETED
ORD-119008,P007,South,2.0,2026-05-24,COMPLETED
ORD-119009,P002,East,4.0,2026-01-03,pending
ORD-119010,P005,West,5.0,2026-04-02,cancelled
ORD-119011,P001,North,2.0,2026-06-18,cancelled
ORD-119012,P005,West,2.0,2026-06-08,cancelled
ORD-119013,P001,North,1.0,2026-05-12,COMPLETED
ORD-119014,P006,West,2.0,2026-01-13,cancelled
ORD-119015,P004,East,2.0,2026-02-13,completed
ORD-119016,P004,West,3.0,2026-04-22,pending
ORD-119017,P003,North,4.0,2026-01-09,COMPLETED
ORD-119018,P008,South,3.0,2026-04-19,cancelled
ORD-119019,P008,South,1.0,2026-04-25,Completed
ORD-119020,P005,West,4.0,2026-01-31,completed
ORD-119021,P007,West,5.0,2026-03-31,Completed
ORD-119022,P003,East,5.0,2026-05-17,Completed
ORD-119023,P008,East,5.0,2026-05-19,cancelled
ORD-119024,P009,North,3.0,2026-03-01,pending
ORD-119025,P003,West,5.0,2026-05-07,completed
ORD-119026,P001,East,2.0,2026-01-19,completed
ORD-119027,P003,East,4.0,2026-02-16,pending
ORD-119028,P010,West,5.0,2026-03-26,COMPLETED
ORD-119029,P002,West,2.0,2026-04-17,COMPLETED
ORD-119030,P003,East,5.0,2026-04-03,COMPLETED
ORD-119031,P002,North,3.0,2026-05-05,Completed
ORD-119032,P009,South,1.0,2026-05-07,COMPLETED
ORD-119033,P007,South,3.0,2026-05-22,Completed
ORD-119034,P003,South,4.0,2026-01-05,Completed
ORD-119035,P009,North,2.0,2026-05-21,Completed
ORD-119036,P008,West,2.0,2026-05-11,pending
ORD-119037,P003,North,2.0,2026-02-28,completed
ORD-119038,P010,North,2.0,2026-01-21,cancelled
ORD-119039,P006,South,4.0,2026-03-14,cancelled
ORD-119040,P007,West,3.0,2026-01-27,cancelled
ORD-119041,P003,East,5.0,2026-06-08,Completed
ORD-119042,P009,East,3.0,2026-06-14,completed
ORD-119043,P001,West,5.0,2026-05-09,completed
ORD-119044,P008,South,4.0,2026-03-18,COMPLETED
ORD-119045,P003,West,2.0,2026-03-25,cancelled
ORD-119046,P004,North,2.0,2026-05-16,completed
ORD-119047,P001,South,2.0,2026-04-18,completed
ORD-119048,P010,West,2.0,2026-06-05,pending
ORD-119049,P001,South,4.0,2026-04-17,completed
ORD-119050,P002,South,3.0,2026-06-19,Completed
ORD-119051,P008,West,3.0,2026-06-20,Completed
ORD-119052,P007,South,4.0,2026-03-12,completed
ORD-119053,P004,West,2.0,2026-02-03,Completed
ORD-119054,P006,South,1.0,2026-05-05,completed
ORD-119055,P006,East,3.0,2026-01-01,completed
ORD-119056,P007,East,3.0,2026-05-14,completed
ORD-119057,P001,West,2.0,2026-05-23,pending
ORD-119058,P006,East,5.0,2026-05-21,pending
ORD-119059,P001,East,1.0,2026-04-17,COMPLETED
ORD-119060,P010,South,5.0,2026-03-27,cancelled
ORD-119061,P007,North,4.0,2026-06-27,Completed
ORD-119062,P006,South,5.0,2026-05-26,pending
ORD-119063,P006,West,4.0,2026-04-13,Completed
ORD-119064,P008,East,5.0,2026-02-14,completed
ORD-119065,P006,North,2.0,2026-06-18,cancelled
ORD-119066,P007,East,1.0,2026-04-22,cancelled
ORD-119067,P009,East,3.0,2026-03-01,pending
ORD-119068,P004,South,3.0,2026-05-14,pending
ORD-119069,P004,South,2.0,2026-01-01,COMPLETED
ORD-119070,P009,East,3.0,2026-03-15,Completed
ORD-119071,P002,South,3.0,2026-06-29,Completed
ORD-119072,P001,South,1.0,2026-02-02,pending
ORD-119073,P009,East,5.0,2026-06-12,Completed
ORD-119074,P003,North,2.0,2026-06-25,Completed
ORD-119075,P002,North,1.0,2026-03-04,completed
ORD-119076,P008,South,4.0,2026-04-03,pending
ORD-119077,P010,South,3.0,2026-04-12,cancelled
ORD-119078,P009,North,3.0,2026-06-24,pending
ORD-119079,P010,East,2.0,2026-04-13,completed
ORD-119080,P008,South,1.0,2026-06-28,pending
ORD-119081,P003,South,5.0,2026-01-26,completed
ORD-119082,P003,South,2.0,2026-05-25,completed
ORD-119083,P001,East,5.0,2026-04-28,COMPLETED
ORD-119084,P007,West,5.0,2026-01-27,Completed
ORD-119085,P004,West,5.0,2026-02-13,Completed
ORD-119086,P008,West,3.0,2026-06-30,completed
ORD-119087,P004,West,1.0,2026-05-25,cancelled
ORD-119088,P008,West,4.0,2026-01-02,completed
ORD-119089,P005,North,5.0,2026-05-27,COMPLETED
ORD-119090,P009,East,1.0,2026-03-16,completed
ORD-119091,P003,East,3.0,2026-06-08,COMPLETED
ORD-119092,P001,West,1.0,2026-01-16,cancelled
ORD-119093,P005,North,5.0,2026-05-17,cancelled
ORD-119094,P001,West,1.0,2026-05-06,COMPLETED
ORD-119095,P006,East,4.0,2026-04-18,Completed
ORD-119096,P009,East,2.0,2026-06-21,completed
ORD-119097,P010,West,5.0,2026-06-10,COMPLETED
ORD-119098,P008,North,3.0,2026-06-26,COMPLETED
ORD-119099,P001,South,2.0,2026-05-10,cancelled
ORD-119100,P009,East,4.0,2026-03-03,Completed
ORD-119101,P006,South,4.0,2026-06-29,COMPLETED
ORD-119102,P009,South,1.0,2026-05-25,cancelled
ORD-119103,P004,North,5.0,2026-01-09,completed
ORD-119104,P004,West,1.0,2026-03-19,completed
ORD-119105,P004,North,3.0,2026-04-16,Completed
ORD-119106,P007,South,4.0,2026-01-15,completed
ORD-119107,P006,North,2.0,2026-01-23,completed
ORD-119108,P001,South,3.0,2026-03-11,cancelled
ORD-119109,P005,East,2.0,2026-04-10,completed
ORD-119110,P007,North,5.0,2026-02-19,pending
ORD-119111,P007,East,5.0,2026-01-19,completed
ORD-119112,P010,East,5.0,2026-02-09,COMPLETED
ORD-119113,P005,West,5.0,2026-04-01,pending
ORD-119114,P009,East,2.0,2026-06-09,pending
ORD-119115,P009,South,3.0,2026-01-16,COMPLETED
ORD-119116,P001,West,1.0,2026-05-19,pending
ORD-119117,P008,East,3.0,2026-04-23,cancelled
ORD-119118,P008,East,3.0,2026-05-02,pending
ORD-119119,P001,North,5.0,2026-05-30,COMPLETED
ORD-119120,P010,East,1.0,2026-03-16,COMPLETED
ORD-119121,P007,East,1.0,2026-04-06,pending
ORD-119122,P008,West,2.0,2026-01-29,Completed
ORD-119123,P002,North,5.0,2026-02-19,completed
ORD-119124,P006,South,5.0,2026-06-29,cancelled
ORD-119125,P001,South,5.0,2026-02-13,COMPLETED
ORD-119126,P005,South,2.0,2026-01-15,Completed
ORD-119127,P005,North,4.0,2026-05-11,Completed
ORD-119128,P002,North,5.0,2026-05-24,pending
ORD-119129,P003,North,4.0,2026-03-18,pending
ORD-119130,P007,South,4.0,2026-03-25,Completed
ORD-119131,P007,East,5.0,2026-03-21,COMPLETED
ORD-119132,P005,West,4.0,2026-06-09,completed
ORD-119133,P009,North,3.0,2026-06-09,cancelled
ORD-119134,P003,South,1.0,2026-03-19,Completed
ORD-119135,P002,East,5.0,2026-06-29,completed
ORD-119136,P003,North,3.0,2026-02-18,completed
ORD-119137,P005,North,5.0,2026-06-26,COMPLETED
ORD-119138,P003,North,5.0,2026-04-20,pending
ORD-119139,P010,West,2.0,2026-06-11,cancelled
ORD-119140,P006,West,2.0,2026-05-26,Completed
ORD-119141,P003,North,4.0,2026-03-18,pending
ORD-119142,P004,South,3.0,2026-04-07,cancelled
ORD-119143,P001,North,4.0,2026-03-17,Completed
ORD-119144,P010,South,2.0,2026-02-05,cancelled
ORD-119145,P007,West,2.0,2026-03-13,pending
ORD-119146,P010,East,3.0,2026-06-11,completed
ORD-119147,P008,East,5.0,2026-05-23,completed
ORD-119148,P003,West,1.0,2026-06-08,cancelled
ORD-119149,P007,South,3.0,2026-01-21,Completed
ORD-119150,P001,South,2.0,2026-01-02,completed
ORD-119151,P007,West,4.0,2026-06-10,Completed
ORD-119152,P004,North,4.0,2026-05-10,COMPLETED
ORD-119153,P009,South,,2026-03-21,pending
ORD-119154,P009,East,1.0,2026-02-14,Completed
ORD-119155,P007,West,3.0,2026-06-04,COMPLETED
ORD-119156,P005,East,4.0,2026-04-20,Completed
ORD-119157,P009,North,3.0,2026-06-29,cancelled
ORD-119158,P005,West,3.0,2026-02-11,COMPLETED
ORD-119159,P002,West,2.0,2026-03-18,COMPLETED
ORD-119160,P005,East,5.0,2026-04-12,cancelled
ORD-119161,P009,North,1.0,2026-02-09,Completed
ORD-119162,P006,West,2.0,2026-02-10,COMPLETED
ORD-119163,P010,East,3.0,2026-01-27,Completed
ORD-119164,P004,West,5.0,2026-05-29,completed
ORD-119165,P009,West,1.0,2026-06-30,completed
ORD-119166,P007,North,3.0,2026-06-06,Completed
ORD-119167,P005,North,2.0,2026-03-28,pending
ORD-119168,P007,West,2.0,2026-05-17,pending
ORD-119169,P002,East,4.0,2026-05-21,cancelled
ORD-119170,P007,West,5.0,2026-02-08,cancelled
ORD-119171,P005,South,2.0,2026-01-06,Completed
ORD-119172,P005,South,5.0,2026-06-08,completed
ORD-119173,P004,South,1.0,2026-02-06,completed
ORD-119174,P009,South,3.0,2026-06-24,Completed
ORD-119175,P007,West,5.0,2026-03-28,COMPLETED
ORD-119176,P001,West,3.0,2026-05-16,cancelled
ORD-119177,P005,East,5.0,2026-06-05,COMPLETED
ORD-119178,P010,North,5.0,2026-02-23,pending
ORD-119179,P006,West,2.0,2026-05-24,pending
ORD-119180,P002,North,3.0,2026-01-28,pending
ORD-119181,P003,South,3.0,2026-02-20,completed
ORD-119182,P009,East,1.0,2026-01-29,Completed
ORD-119183,P001,West,3.0,2026-01-27,completed
ORD-119184,P008,South,5.0,2026-02-27,Completed
ORD-119185,P007,North,3.0,2026-03-24,cancelled
ORD-119186,P003,West,4.0,2026-02-23,completed
ORD-119187,P004,West,2.0,2026-02-22,COMPLETED
ORD-119188,P010,West,5.0,2026-03-21,cancelled
ORD-119189,P006,North,5.0,2026-01-01,COMPLETED
ORD-119190,P001,South,3.0,2026-04-05,Completed
ORD-119191,P006,South,2.0,2026-04-04,pending
ORD-119192,P001,South,1.0,2026-05-31,COMPLETED
ORD-119193,P002,East,4.0,2026-01-03,Completed
ORD-119194,P006,South,4.0,2026-03-10,COMPLETED
ORD-119195,P004,South,3.0,2026-02-27,cancelled
ORD-119196,P003,North,5.0,2026-02-19,pending
ORD-119197,P003,North,1.0,2026-01-01,COMPLETED
ORD-119198,P002,North,4.0,2026-02-04,pending
ORD-119199,P005,South,1.0,2026-05-28,COMPLETED
ORD-119200,P010,North,5.0,2026-04-06,COMPLETED
ORD-119201,P003,West,5.0,2026-02-09,completed
ORD-119202,P010,West,4.0,2026-05-09,COMPLETED
ORD-119203,P001,South,4.0,2026-03-26,COMPLETED
ORD-119204,P006,South,3.0,2026-01-12,pending
ORD-119205,P009,West,5.0,2026-02-06,COMPLETED
ORD-119206,P007,West,4.0,2026-06-10,Completed
ORD-119207,P008,West,3.0,2026-02-08,completed
ORD-119208,P002,North,1.0,2026-02-14,cancelled
ORD-119209,P001,West,5.0,2026-06-23,pending
ORD-119210,P009,East,4.0,2026-05-11,pending
ORD-119211,P005,South,1.0,2026-02-09,Completed
ORD-119212,P005,North,5.0,2026-01-17,cancelled
ORD-119213,P001,North,4.0,2026-05-16,Completed
ORD-119214,P005,South,4.0,2026-04-03,completed
ORD-119215,P001,East,5.0,2026-04-12,cancelled
ORD-119216,P003,North,1.0,2026-05-14,pending
ORD-119217,P009,South,5.0,2026-06-29,Completed
ORD-119218,P005,East,2.0,2026-06-19,pending
ORD-119219,P010,South,3.0,2026-06-08,Completed
ORD-119220,P007,South,4.0,2026-03-09,completed
ORD-119221,P001,South,2.0,2026-06-30,COMPLETED
ORD-119222,P007,South,3.0,2026-03-17,Completed
ORD-119223,P008,West,4.0,2026-01-19,completed
ORD-119224,P003,East,1.0,2026-05-28,completed
ORD-119225,P006,North,4.0,2026-03-28,COMPLETED
ORD-119226,P008,South,3.0,2026-03-27,completed
ORD-119227,P006,East,1.0,2026-04-22,pending
ORD-119228,P003,South,5.0,2026-02-09,completed
ORD-119229,P001,South,4.0,2026-05-05,Completed
ORD-119230,P004,North,2.0,2026-02-18,COMPLETED
ORD-119231,P007,West,5.0,2026-02-10,completed
ORD-119232,P002,North,4.0,2026-01-01,completed
ORD-119233,P008,North,4.0,2026-05-31,pending
ORD-119234,P006,South,5.0,2026-06-13,cancelled
ORD-119235,P001,West,5.0,2026-02-03,cancelled
ORD-119236,P007,East,3.0,2026-05-01,cancelled
ORD-119237,P008,South,3.0,2026-03-24,Completed
ORD-119238,P008,East,,2026-03-16,cancelled
ORD-119239,P004,South,3.0,2026-03-29,Completed
ORD-119240,P009,East,1.0,2026-03-08,cancelled
ORD-119241,P004,North,2.0,2026-05-01,pending
ORD-119242,P006,South,3.0,2026-03-06,pending
ORD-119243,P003,West,1.0,2026-02-22,pending
ORD-119244,P003,North,2.0,2026-01-26,pending
ORD-119245,P004,East,3.0,2026-05-27,cancelled
ORD-119246,P003,West,5.0,2026-04-25,completed
ORD-119247,P005,North,4.0,2026-02-20,Completed
ORD-119248,P009,West,1.0,2026-01-17,cancelled
ORD-119249,P001,North,3.0,2026-02-22,completed
ORD-119250,P009,North,4.0,2026-06-13,cancelled
ORD-119251,P010,West,2.0,2026-04-08,Completed
ORD-119252,P006,South,2.0,2026-04-13,pending
ORD-119253,P010,South,1.0,2026-02-04,completed
ORD-119254,P007,South,3.0,2026-01-01,pending
ORD-119255,P003,South,5.0,2026-03-22,completed
ORD-119256,P009,West,2.0,2026-01-08,completed
ORD-119257,P010,North,4.0,2026-06-04,completed
ORD-119258,P005,East,4.0,2026-05-16,cancelled
ORD-119259,P001,North,2.0,2026-04-20,COMPLETED
ORD-119260,P001,West,4.0,2026-03-28,completed
ORD-119261,P010,West,2.0,2026-03-07,completed
ORD-119262,P007,East,4.0,2026-03-31,Completed
ORD-119263,P010,North,5.0,2026-04-07,cancelled
ORD-119264,P010,South,3.0,2026-03-29,COMPLETED
ORD-119265,P003,East,4.0,2026-01-20,pending
ORD-119266,P006,South,1.0,2026-02-01,completed
ORD-119267,P008,North,4.0,2026-01-30,Completed
ORD-119268,P009,North,4.0,2026-03-07,Completed
ORD-119269,P009,East,2.0,2026-01-14,COMPLETED
ORD-119270,P004,North,4.0,2026-05-11,completed
ORD-119271,P008,West,4.0,2026-03-30,pending
ORD-119272,P007,West,4.0,2026-01-29,cancelled
ORD-119273,P001,South,1.0,2026-03-13,Completed
ORD-119274,P003,West,4.0,2026-03-16,COMPLETED
ORD-119275,P009,West,3.0,2026-01-21,pending
ORD-119276,P010,East,3.0,2026-06-08,pending
ORD-119277,P008,South,2.0,2026-06-30,completed
ORD-119278,P005,North,3.0,2026-01-20,cancelled
ORD-119279,P009,West,5.0,2026-05-23,COMPLETED
ORD-119280,P009,West,2.0,2026-04-10,cancelled
ORD-119281,P009,North,1.0,2026-01-19,completed
ORD-119282,P006,East,2.0,2026-01-31,COMPLETED
ORD-119283,P001,West,4.0,2026-06-11,pending
ORD-119284,P008,West,5.0,2026-05-13,COMPLETED
ORD-119285,P004,East,4.0,2026-06-10,completed
ORD-119286,P006,South,2.0,2026-06-03,completed
ORD-119287,P010,West,1.0,2026-02-18,cancelled
ORD-119288,P009,West,2.0,2026-03-02,pending
ORD-119289,P005,South,5.0,2026-01-07,Completed
ORD-119290,P005,North,4.0,2026-04-14,Completed
ORD-119291,P001,South,2.0,2026-05-22,completed
ORD-119292,P010,West,3.0,2026-04-14,COMPLETED
ORD-119293,P003,South,4.0,2026-04-24,completed
ORD-119294,P010,North,2.0,2026-03-12,Completed
ORD-119295,P007,East,2.0,2026-02-21,COMPLETED
ORD-119296,P006,West,4.0,2026-02-08,Completed
ORD-119297,P005,South,2.0,2026-06-25,cancelled
ORD-119298,P006,South,5.0,2026-03-02,completed
ORD-119299,P003,West,1.0,2026-06-02,COMPLETED
ORD-119300,P007,North,2.0,2026-02-17,cancelled
ORD-119301,P003,West,5.0,2026-01-29,COMPLETED
ORD-119302,P009,East,2.0,2026-04-05,pending
ORD-119303,P001,South,5.0,2026-02-26,Completed
ORD-119304,P007,East,2.0,2026-03-07,COMPLETED
ORD-119305,P001,East,2.0,2026-01-07,COMPLETED
ORD-119306,P008,West,2.0,2026-02-24,cancelled
ORD-119307,P001,East,3.0,2026-04-29,Completed
ORD-119308,P008,South,2.0,2026-01-13,pending
ORD-119309,P001,West,5.0,2026-04-27,COMPLETED
ORD-119310,P007,West,3.0,2026-06-12,cancelled
ORD-119311,P007,North,4.0,2026-01-10,cancelled
ORD-119312,P009,West,3.0,2026-02-15,completed
ORD-119313,P006,South,5.0,2026-05-11,Completed
ORD-119314,P010,North,3.0,2026-04-30,cancelled
ORD-119315,P008,West,3.0,2026-04-16,COMPLETED
ORD-119316,P005,South,2.0,2026-06-21,Completed
ORD-119317,P002,East,2.0,2026-03-07,pending
ORD-119318,P008,West,1.0,2026-03-20,cancelled
ORD-119319,P003,East,1.0,2026-04-01,Completed
ORD-119320,P010,South,5.0,2026-06-09,pending
ORD-119321,P010,North,3.0,2026-05-20,Completed
ORD-119322,P010,East,5.0,2026-02-06,cancelled
ORD-119323,P001,North,5.0,2026-03-15,COMPLETED
ORD-119324,P002,North,1.0,2026-03-27,completed
ORD-119325,P007,West,4.0,2026-06-07,pending
ORD-119326,P006,North,3.0,2026-03-30,COMPLETED
ORD-119327,P002,North,4.0,2026-01-03,cancelled
ORD-119328,P003,South,4.0,2026-02-10,cancelled
ORD-119329,P006,West,3.0,2026-03-16,cancelled
ORD-119330,P006,North,3.0,2026-05-19,pending
ORD-119331,P007,East,4.0,2026-04-12,completed
ORD-119332,P006,South,3.0,2026-04-09,cancelled
ORD-119333,P001,East,5.0,2026-04-26,Completed
ORD-119334,P006,East,5.0,2026-02-03,completed
ORD-119335,P007,South,5.0,2026-04-18,COMPLETED
ORD-119336,P009,North,3.0,2026-02-07,Completed
ORD-119337,P001,West,2.0,2026-05-10,COMPLETED
ORD-119338,P002,East,2.0,2026-05-05,cancelled
ORD-119339,P010,South,1.0,2026-05-06,pending
ORD-119340,P009,West,4.0,2026-06-25,pending
ORD-119341,P007,North,3.0,2026-02-15,pending
ORD-119342,P002,West,3.0,2026-03-16,cancelled
ORD-119343,P004,East,4.0,2026-05-04,COMPLETED
ORD-119344,P002,North,1.0,2026-02-22,completed
ORD-119345,P001,North,,2026-01-29,completed
ORD-119346,P007,North,1.0,2026-02-26,completed
ORD-119347,P004,West,4.0,2026-03-31,completed
ORD-119348,P002,South,2.0,2026-02-28,completed
ORD-119349,P005,West,,2026-02-08,pending
ORD-119350,P007,West,2.0,2026-06-17,Completed
ORD-119351,P007,South,,2026-04-16,Completed
ORD-119352,P006,South,5.0,2026-04-08,cancelled
ORD-119353,P006,East,5.0,2026-01-21,cancelled
ORD-119354,P003,North,1.0,2026-05-12,COMPLETED
ORD-119355,P010,West,4.0,2026-01-28,completed
ORD-119356,P003,East,1.0,2026-05-17,Completed
ORD-119357,P010,North,5.0,2026-03-16,pending
ORD-119358,P009,East,1.0,2026-02-05,COMPLETED
ORD-119359,P003,North,4.0,2026-04-06,COMPLETED
ORD-119360,P007,East,3.0,2026-02-23,Completed
ORD-119361,P006,West,3.0,2026-03-04,Completed
ORD-119362,P006,East,5.0,2026-02-17,pending
ORD-119363,P005,North,1.0,2026-05-06,completed
ORD-119364,P008,South,4.0,2026-04-11,cancelled
ORD-119365,P002,North,3.0,2026-05-22,pending
ORD-119366,P005,South,1.0,2026-05-03,Completed
ORD-119367,P010,East,2.0,2026-03-23,completed
ORD-119368,P001,South,4.0,2026-01-19,cancelled
ORD-119369,P001,East,3.0,2026-01-09,COMPLETED
ORD-119370,P006,West,1.0,2026-01-20,completed
ORD-119371,P008,East,2.0,2026-06-30,pending
ORD-119372,P003,South,4.0,2026-02-19,completed
ORD-119373,P006,East,4.0,2026-06-05,completed
ORD-119374,P008,East,1.0,2026-03-29,completed
ORD-119375,P010,North,5.0,2026-05-06,completed
ORD-119376,P010,East,4.0,2026-01-04,completed
ORD-119377,P007,West,2.0,2026-01-19,pending
ORD-119378,P003,North,4.0,2026-06-14,cancelled
ORD-119379,P010,South,4.0,2026-03-02,completed
ORD-119380,P002,West,4.0,2026-06-23,completed
ORD-119381,P007,West,4.0,2026-06-30,completed
ORD-119382,P006,North,5.0,2026-05-01,cancelled
ORD-119383,P002,South,4.0,2026-05-24,pending
ORD-119384,P009,West,4.0,2026-03-01,COMPLETED
ORD-119385,P005,West,5.0,2026-03-22,completed
ORD-119386,P003,West,2.0,2026-02-13,COMPLETED
ORD-119387,P007,East,5.0,2026-05-01,COMPLETED
ORD-119388,P002,East,4.0,2026-05-20,Completed
ORD-119389,P007,North,5.0,2026-02-11,cancelled
ORD-119390,P010,North,4.0,2026-02-21,Completed
ORD-119391,P006,East,2.0,2026-03-29,cancelled
ORD-119392,P010,East,5.0,2026-02-23,COMPLETED
ORD-119393,P005,South,4.0,2026-01-13,cancelled
ORD-119394,P001,West,2.0,2026-02-13,cancelled
ORD-119395,P007,North,3.0,2026-01-18,Completed
ORD-119396,P004,South,1.0,2026-06-10,cancelled
ORD-119397,P003,West,,2026-06-01,completed
ORD-119398,P004,South,5.0,2026-06-20,pending
ORD-119399,P005,North,2.0,2026-05-21,cancelled
ORD-119400,P002,North,1.0,2026-01-02,pending
ORD-119401,P007,South,1.0,2026-02-06,pending
ORD-119402,P002,East,5.0,2026-06-29,pending
ORD-119403,P006,West,4.0,2026-01-28,cancelled
ORD-119404,P008,East,3.0,2026-03-18,pending
ORD-119405,P009,South,2.0,2026-03-29,Completed
ORD-119406,P004,West,5.0,2026-04-28,Completed
ORD-119407,P003,West,4.0,2026-06-26,Completed
ORD-119408,P002,East,1.0,2026-05-28,completed
ORD-119409,P007,North,5.0,2026-03-29,Completed
ORD-119410,P006,South,5.0,2026-04-28,cancelled
ORD-119411,P008,East,3.0,2026-05-01,pending
ORD-119412,P010,West,2.0,2026-05-25,Completed
ORD-119413,P006,South,3.0,2026-04-22,pending
ORD-119414,P004,East,2.0,2026-04-24,cancelled
ORD-119415,P010,West,1.0,2026-06-30,cancelled
ORD-119416,P005,North,2.0,2026-04-05,COMPLETED
ORD-119417,P008,North,4.0,2026-06-27,Completed
ORD-119418,P007,North,3.0,2026-04-07,cancelled
ORD-119419,P003,North,4.0,2026-02-16,completed
ORD-119420,P006,North,2.0,2026-06-05,cancelled
ORD-119421,P006,South,1.0,2026-02-07,Completed
ORD-119422,P010,North,2.0,2026-02-23,cancelled
ORD-119423,P005,North,3.0,2026-02-20,pending
ORD-119424,P003,South,5.0,2026-03-31,pending
ORD-119425,P002,East,1.0,2026-01-30,Completed
ORD-119426,P006,North,2.0,2026-02-07,COMPLETED
ORD-119427,P007,North,5.0,2026-03-11,COMPLETED
ORD-119428,P003,West,4.0,2026-04-02,pending
ORD-119429,P010,South,1.0,2026-04-29,COMPLETED
ORD-119430,P003,East,5.0,2026-05-22,cancelled
ORD-119431,P006,West,5.0,2026-04-12,pending
ORD-119432,P001,East,2.0,2026-02-02,Completed
ORD-119433,P003,West,4.0,2026-02-26,pending
ORD-119434,P004,North,2.0,2026-05-31,completed
ORD-119435,P004,East,1.0,2026-02-07,cancelled
ORD-119436,P001,North,2.0,2026-05-26,completed
ORD-119437,P007,South,5.0,2026-03-16,completed
ORD-119438,P009,North,1.0,2026-04-02,completed
ORD-119439,P009,East,3.0,2026-06-11,cancelled
ORD-119440,P003,North,4.0,2026-02-06,pending
ORD-119441,P004,North,2.0,2026-05-23,completed
ORD-119442,P001,East,3.0,2026-02-11,pending
ORD-119443,P003,West,5.0,2026-02-28,COMPLETED
ORD-119444,P009,West,3.0,2026-03-08,Completed
ORD-119445,P008,North,5.0,2026-02-10,pending
ORD-119446,P003,North,3.0,2026-03-29,Completed
ORD-119447,P003,North,5.0,2026-01-03,Completed
ORD-119448,P008,East,2.0,2026-02-23,Completed
ORD-119449,P006,East,3.0,2026-04-29,Completed
ORD-119450,P007,South,3.0,2026-04-05,Completed
ORD-119451,P010,East,3.0,2026-01-10,pending
ORD-119452,P001,West,,2026-03-14,Completed
ORD-119453,P009,South,5.0,2026-05-19,pending
ORD-119454,P008,East,1.0,2026-04-03,Completed
ORD-119455,P002,West,5.0,2026-02-13,pending
ORD-119456,P003,South,2.0,2026-01-11,completed
ORD-119457,P001,North,4.0,2026-02-27,pending
ORD-119458,P001,East,4.0,2026-01-23,COMPLETED
ORD-119459,P002,North,3.0,2026-02-22,pending
ORD-119460,P001,South,1.0,2026-02-21,COMPLETED
ORD-119461,P003,West,1.0,2026-05-05,completed
ORD-119462,P009,West,3.0,2026-03-14,Completed
ORD-119463,P006,West,1.0,2026-01-28,completed
ORD-119464,P009,West,3.0,2026-03-17,Completed
ORD-119465,P004,East,3.0,2026-02-15,COMPLETED
ORD-119466,P006,North,5.0,2026-03-07,completed
ORD-119467,P004,East,3.0,2026-03-28,Completed
ORD-119468,P003,South,5.0,2026-04-24,Completed
ORD-119469,P003,East,5.0,2026-05-15,Completed
ORD-119470,P006,East,1.0,2026-05-25,cancelled
ORD-119471,P008,North,4.0,2026-01-17,Completed
ORD-119472,P007,West,4.0,2026-03-22,Completed
ORD-119473,P002,West,4.0,2026-05-22,Completed
ORD-119474,P006,East,5.0,2026-06-07,COMPLETED
ORD-119475,P010,West,4.0,2026-02-27,pending
ORD-119476,P007,North,3.0,2026-01-10,completed
ORD-119477,P010,West,2.0,2026-04-08,Completed
ORD-119478,P005,South,4.0,2026-04-17,pending
ORD-119479,P002,North,3.0,2026-03-26,Completed
ORD-119480,P001,North,4.0,2026-06-04,cancelled
ORD-119481,P009,West,1.0,2026-05-21,completed
ORD-119482,P010,North,1.0,2026-02-23,cancelled
ORD-119483,P009,North,3.0,2026-04-20,pending
ORD-119484,P006,East,5.0,2026-03-19,Completed
ORD-119485,P004,North,2.0,2026-06-18,pending
ORD-119486,P001,South,3.0,2026-03-09,completed
ORD-119487,P009,North,5.0,2026-01-06,Completed
ORD-119488,P009,West,5.0,2026-02-25,completed
ORD-119489,P004,West,5.0,2026-02-05,completed
ORD-119490,P008,North,4.0,2026-02-25,Completed
ORD-119491,P008,West,3.0,2026-03-20,Completed
ORD-119492,P006,West,,2026-05-08,COMPLETED
ORD-119493,P001,East,,2026-01-23,COMPLETED
ORD-119494,P004,East,2.0,2026-06-02,Completed
ORD-119495,P009,East,5.0,2026-06-21,COMPLETED
ORD-119496,P010,West,4.0,2026-03-24,pending
ORD-119497,P001,East,1.0,2026-04-28,COMPLETED
ORD-119498,P010,West,4.0,2026-05-24,Completed
ORD-119499,P002,East,3.0,2026-04-29,cancelled
ORD-119500,P007,North,5.0,2026-02-07,cancelled
ORD-119501,P007,North,4.0,2026-03-29,cancelled
ORD-119502,P001,South,4.0,2026-01-23,Completed
ORD-119503,P007,South,5.0,2026-01-05,Completed
ORD-119504,P002,South,5.0,2026-01-03,pending
ORD-119505,P010,South,4.0,2026-01-24,COMPLETED
ORD-119506,P008,North,4.0,2026-06-01,completed
ORD-119507,P004,North,1.0,2026-02-07,COMPLETED
ORD-119508,P003,East,3.0,2026-01-21,cancelled
ORD-119509,P005,North,5.0,2026-04-08,Completed
ORD-119510,P004,East,2.0,2026-05-16,Completed
ORD-119511,P009,South,4.0,2026-06-25,COMPLETED
ORD-119512,P005,North,1.0,2026-06-18,pending
ORD-119513,P004,East,4.0,2026-05-26,pending
ORD-119514,P006,North,1.0,2026-06-25,pending
ORD-119515,P005,South,1.0,2026-06-15,cancelled
ORD-119516,P005,North,2.0,2026-02-18,cancelled
ORD-119517,P005,East,,2026-02-23,Completed
ORD-119518,P005,North,2.0,2026-01-06,completed
ORD-119519,P009,North,3.0,2026-03-05,completed
ORD-119520,P010,East,2.0,2026-05-19,COMPLETED
ORD-119521,P009,East,3.0,2026-06-09,COMPLETED
ORD-119522,P006,North,3.0,2026-02-21,COMPLETED
ORD-119523,P010,North,5.0,2026-06-25,COMPLETED
ORD-119524,P004,East,3.0,2026-03-21,pending
ORD-119525,P006,North,4.0,2026-06-04,Completed
ORD-119526,P008,East,3.0,2026-06-12,pending
ORD-119527,P002,West,,2026-04-15,pending
ORD-119528,P005,North,3.0,2026-01-26,COMPLETED
ORD-119529,P001,West,3.0,2026-06-25,Completed
ORD-119530,P003,West,3.0,2026-04-02,pending
ORD-119531,P002,North,1.0,2026-03-03,Completed
ORD-119532,P008,South,5.0,2026-03-27,pending
ORD-119533,P005,East,4.0,2026-03-24,COMPLETED
ORD-119534,P004,West,2.0,2026-02-07,cancelled
ORD-119535,P002,West,1.0,2026-02-16,pending
ORD-119536,P010,South,3.0,2026-06-09,pending
ORD-119537,P005,West,3.0,2026-01-26,pending
ORD-119538,P007,East,4.0,2026-05-03,completed
ORD-119539,P006,North,1.0,2026-01-21,completed
ORD-119540,P003,East,5.0,2026-02-05,cancelled
ORD-119541,P010,North,3.0,2026-03-03,pending
ORD-119542,P004,West,5.0,2026-05-03,completed
ORD-119543,P001,South,3.0,2026-03-03,cancelled
ORD-119544,P002,South,4.0,2026-04-26,COMPLETED
ORD-119545,P009,North,5.0,2026-04-18,Completed
ORD-119546,P003,East,4.0,2026-02-24,cancelled
ORD-119547,P001,South,4.0,2026-06-01,cancelled
ORD-119548,P004,West,5.0,2026-03-20,pending
ORD-119549,P002,North,5.0,2026-04-12,cancelled
ORD-119550,P003,West,5.0,2026-02-20,Completed
ORD-119551,P004,South,5.0,2026-03-22,pending
ORD-119552,P008,North,5.0,2026-04-17,cancelled
ORD-119553,P001,East,4.0,2026-04-09,pending
ORD-119554,P007,South,2.0,2026-01-27,Completed
ORD-119555,P001,South,1.0,2026-02-20,completed
ORD-119556,P007,East,1.0,2026-01-23,completed
ORD-119557,P008,East,2.0,2026-04-13,cancelled
ORD-119558,P007,South,,2026-06-19,cancelled
ORD-119559,P006,North,1.0,2026-01-11,completed
ORD-119560,P002,East,1.0,2026-04-22,cancelled
ORD-119561,P010,South,3.0,2026-04-26,completed
ORD-119562,P005,West,2.0,2026-01-05,Completed
ORD-119563,P002,South,1.0,2026-03-11,Completed
ORD-119564,P001,West,1.0,2026-03-03,Completed
ORD-119565,P007,North,3.0,2026-03-31,COMPLETED
ORD-119566,P001,South,2.0,2026-04-17,COMPLETED
ORD-119567,P006,East,1.0,2026-06-10,completed
ORD-119568,P010,South,1.0,2026-04-29,cancelled
ORD-119569,P003,West,1.0,2026-06-28,cancelled
ORD-119570,P006,East,5.0,2026-06-14,COMPLETED
ORD-119571,P010,South,2.0,2026-05-07,cancelled
ORD-119572,P003,North,1.0,2026-06-30,Completed
ORD-119573,P009,West,2.0,2026-04-13,COMPLETED
ORD-119574,P003,South,5.0,2026-06-18,cancelled
ORD-119575,P001,East,2.0,2026-03-15,cancelled
ORD-119576,P005,South,4.0,2026-01-14,cancelled
ORD-119577,P004,East,3.0,2026-02-19,pending
ORD-119578,P005,South,1.0,2026-06-30,cancelled
ORD-119579,P010,East,,2026-04-15,Completed
ORD-119580,P009,North,4.0,2026-02-14,completed
ORD-119581,P001,North,4.0,2026-06-21,cancelled
ORD-119582,P005,West,3.0,2026-03-02,pending
ORD-119583,P009,East,3.0,2026-02-17,completed
ORD-119584,P010,North,,2026-01-28,pending
ORD-119585,P010,North,3.0,2026-02-01,pending
ORD-119586,P004,West,2.0,2026-01-13,completed
ORD-119587,P002,South,5.0,2026-04-14,COMPLETED
ORD-119588,P008,East,2.0,2026-05-03,completed
ORD-119589,P008,East,3.0,2026-04-01,pending
ORD-119590,P006,South,1.0,2026-05-25,Completed
ORD-119591,P009,North,2.0,2026-04-30,COMPLETED
ORD-119592,P002,West,5.0,2026-03-25,cancelled
ORD-119593,P009,South,2.0,2026-04-24,COMPLETED
ORD-119594,P009,North,1.0,2026-05-26,pending
ORD-119595,P003,West,3.0,2026-06-10,completed
ORD-119596,P002,South,3.0,2026-06-30,COMPLETED
ORD-119597,P004,East,4.0,2026-01-24,completed
ORD-119598,P004,North,4.0,2026-03-01,COMPLETED
ORD-119599,P006,West,5.0,2026-04-21,cancelled
ORD-119600,P006,West,2.0,2026-03-16,completed
ORD-119601,P004,South,4.0,2026-04-29,Completed
ORD-119602,P010,East,5.0,2026-04-26,pending
ORD-119603,P005,South,1.0,2026-03-04,cancelled
ORD-119604,P009,East,1.0,2026-05-28,pending
ORD-119605,P005,East,4.0,2026-01-03,cancelled
ORD-119606,P004,East,3.0,2026-04-27,pending
ORD-119607,P002,North,2.0,2026-02-14,completed
ORD-119608,P001,North,1.0,2026-05-30,cancelled
ORD-119609,P009,East,4.0,2026-05-08,COMPLETED
ORD-119610,P010,South,1.0,2026-02-12,pending
ORD-119611,P005,North,4.0,2026-03-08,COMPLETED
ORD-119612,P006,East,4.0,2026-04-29,cancelled
ORD-119613,P008,North,3.0,2026-02-11,COMPLETED
ORD-119614,P009,South,5.0,2026-05-03,Completed
ORD-119615,P005,West,4.0,2026-06-20,COMPLETED
ORD-119616,P007,East,4.0,2026-04-27,COMPLETED
ORD-119617,P001,South,4.0,2026-05-09,Completed
ORD-119618,P002,East,1.0,2026-04-22,completed
ORD-119619,P009,North,2.0,2026-02-23,Completed
ORD-119620,P008,South,1.0,2026-02-13,cancelled
ORD-119621,P006,North,5.0,2026-03-29,Completed
ORD-119622,P008,West,4.0,2026-04-13,pending
ORD-119623,P010,North,4.0,2026-03-18,completed
ORD-119624,P008,West,5.0,2026-01-14,cancelled
ORD-119625,P007,North,2.0,2026-03-13,pending
ORD-119626,P010,West,4.0,2026-03-03,completed
ORD-119627,P004,East,3.0,2026-06-13,completed
ORD-119628,P003,East,1.0,2026-04-17,pending
ORD-119629,P008,South,5.0,2026-02-17,cancelled
ORD-119630,P010,West,5.0,2026-04-20,Completed
ORD-119631,P001,East,2.0,2026-04-16,completed
ORD-119632,P009,North,1.0,2026-01-14,cancelled
ORD-119633,P007,North,3.0,2026-05-18,pending
ORD-119634,P007,South,2.0,2026-01-03,Completed
ORD-119635,P003,East,4.0,2026-02-19,Completed
ORD-119636,P008,North,2.0,2026-05-27,COMPLETED
ORD-119637,P008,North,3.0,2026-01-11,Completed
ORD-119638,P010,West,2.0,2026-05-19,completed
ORD-119639,P004,South,2.0,2026-03-08,Completed
ORD-119640,P001,West,2.0,2026-03-24,completed
ORD-119641,P002,South,1.0,2026-01-15,Completed
ORD-119642,P009,West,5.0,2026-01-02,Completed
ORD-119643,P007,North,2.0,2026-03-14,cancelled
ORD-119644,P005,South,5.0,2026-01-13,Completed
ORD-119645,P006,North,2.0,2026-05-05,cancelled
ORD-119646,P003,North,4.0,2026-03-02,cancelled
ORD-119647,P006,South,3.0,2026-06-13,pending
ORD-119648,P008,East,4.0,2026-05-09,completed
ORD-119649,P003,West,5.0,2026-05-24,pending
ORD-119650,P002,West,4.0,2026-05-01,cancelled
ORD-119651,P004,East,1.0,2026-03-23,completed
ORD-119652,P002,South,5.0,2026-05-02,Completed
ORD-119653,P002,West,1.0,2026-03-13,pending
ORD-119654,P002,South,2.0,2026-05-28,COMPLETED
ORD-119655,P003,South,2.0,2026-06-18,completed
ORD-119656,P007,North,2.0,2026-01-26,Completed
ORD-119657,P004,North,2.0,2026-06-19,completed
ORD-119658,P002,West,3.0,2026-03-19,COMPLETED
ORD-119659,P005,South,5.0,2026-04-09,cancelled
ORD-119660,P005,North,1.0,2026-01-05,cancelled
ORD-119661,P002,South,2.0,2026-03-17,pending
ORD-119662,P003,North,3.0,2026-03-30,completed
ORD-119663,P009,East,1.0,2026-03-03,completed
ORD-119664,P005,East,3.0,2026-06-11,pending
ORD-119665,P009,West,3.0,2026-06-20,cancelled
ORD-119666,P009,West,5.0,2026-03-12,pending
ORD-119667,P001,South,1.0,2026-04-14,COMPLETED
ORD-119668,P006,South,1.0,2026-06-03,pending
ORD-119669,P002,East,5.0,2026-05-11,pending
ORD-119670,P003,South,1.0,2026-03-07,cancelled
ORD-119671,P001,South,5.0,2026-02-04,COMPLETED
ORD-119672,P007,South,3.0,2026-02-20,COMPLETED
ORD-119673,P005,East,5.0,2026-06-08,Completed
ORD-119674,P005,North,5.0,2026-02-22,completed
ORD-119675,P009,East,1.0,2026-04-22,cancelled
ORD-119676,P003,North,,2026-04-06,completed
ORD-119677,P003,West,3.0,2026-02-07,completed
ORD-119678,P005,North,2.0,2026-03-14,completed
ORD-119679,P002,North,1.0,2026-06-24,completed
ORD-119680,P002,South,3.0,2026-05-30,Completed
ORD-119681,P001,North,1.0,2026-01-01,pending
ORD-119682,P007,West,3.0,2026-03-30,COMPLETED
ORD-119683,P007,South,4.0,2026-05-16,pending
ORD-119684,P010,North,4.0,2026-05-01,cancelled
ORD-119685,P007,South,1.0,2026-04-30,cancelled
ORD-119686,P008,East,4.0,2026-05-12,pending
ORD-119687,P004,North,5.0,2026-04-13,COMPLETED
ORD-119688,P007,South,4.0,2026-02-09,pending
ORD-119689,P004,West,3.0,2026-05-01,Completed
ORD-119690,P001,West,4.0,2026-06-01,COMPLETED
ORD-119691,P009,East,5.0,2026-04-26,cancelled
ORD-119692,P010,South,5.0,2026-01-27,Completed
ORD-119693,P003,North,,2026-03-19,completed
ORD-119694,P003,North,4.0,2026-01-22,completed
ORD-119695,P001,West,5.0,2026-03-28,Completed
ORD-119696,P009,North,3.0,2026-04-06,completed
ORD-119697,P010,East,,2026-06-24,cancelled
ORD-119698,P003,East,4.0,2026-01-15,COMPLETED
ORD-119699,P010,South,4.0,2026-01-05,cancelled
ORD-119700,P001,West,4.0,2026-06-03,cancelled
ORD-119701,P009,South,1.0,2026-06-26,Completed
ORD-119702,P008,East,1.0,2026-06-01,cancelled
ORD-119703,P005,East,2.0,2026-03-26,COMPLETED
ORD-119704,P006,North,2.0,2026-05-09,cancelled
ORD-119705,P005,East,2.0,2026-01-18,pending
ORD-119706,P002,South,4.0,2026-02-14,pending
ORD-119707,P008,West,2.0,2026-03-20,pending
ORD-119708,P005,East,3.0,2026-02-07,pending
ORD-119709,P004,South,5.0,2026-05-18,cancelled
ORD-119710,P004,North,2.0,2026-01-18,COMPLETED
ORD-119711,P004,East,5.0,2026-04-04,COMPLETED
ORD-119712,P006,South,5.0,2026-06-09,COMPLETED
ORD-119713,P007,East,2.0,2026-06-01,Completed
ORD-119714,P010,North,1.0,2026-05-08,completed
ORD-119715,P007,North,5.0,2026-06-05,pending
ORD-119716,P002,West,5.0,2026-04-21,completed
ORD-119717,P009,West,4.0,2026-03-17,completed
ORD-119718,P001,East,3.0,2026-05-13,completed
ORD-119719,P008,South,3.0,2026-03-11,pending
ORD-119720,P007,North,5.0,2026-04-28,cancelled
ORD-119721,P004,East,4.0,2026-06-17,Completed
ORD-119722,P008,West,4.0,2026-06-27,cancelled
ORD-119723,P010,North,1.0,2026-06-07,cancelled
ORD-119724,P007,South,1.0,2026-01-23,completed
ORD-119725,P008,East,3.0,2026-06-13,Completed
ORD-119726,P004,South,5.0,2026-05-27,cancelled
ORD-119727,P003,West,5.0,2026-02-09,pending
ORD-119728,P008,North,1.0,2026-01-03,pending
ORD-119729,P002,South,4.0,2026-04-10,completed
ORD-119730,P001,South,5.0,2026-04-04,Completed
ORD-119731,P009,East,5.0,2026-02-20,completed
ORD-119732,P004,South,3.0,2026-05-09,pending
ORD-119733,P007,East,1.0,2026-02-13,Completed
ORD-119734,P003,East,2.0,2026-01-25,Completed
ORD-119735,P008,North,4.0,2026-06-03,completed
ORD-119736,P008,East,5.0,2026-01-25,Completed
ORD-119737,P003,South,2.0,2026-02-23,pending
ORD-119738,P001,East,5.0,2026-06-03,completed
ORD-119739,P008,North,3.0,2026-01-27,pending
ORD-119740,P006,North,3.0,2026-03-24,pending
ORD-119741,P008,South,1.0,2026-01-15,COMPLETED
ORD-119742,P001,South,3.0,2026-05-13,pending
ORD-119743,P005,North,3.0,2026-04-18,completed
ORD-119744,P010,South,4.0,2026-03-03,COMPLETED
ORD-119745,P006,North,1.0,2026-02-11,Completed
ORD-119746,P008,North,5.0,2026-04-26,cancelled
ORD-119747,P002,East,1.0,2026-05-27,Completed
ORD-119748,P005,South,2.0,2026-01-24,Completed
ORD-119749,P007,South,5.0,2026-05-19,Completed
ORD-119750,P010,West,1.0,2026-06-26,COMPLETED
ORD-119751,P005,West,3.0,2026-06-27,cancelled
ORD-119752,P004,North,4.0,2026-05-08,completed
ORD-119753,P003,South,1.0,2026-03-25,COMPLETED
ORD-119754,P003,West,5.0,2026-05-17,COMPLETED
ORD-119755,P008,West,2.0,2026-03-16,cancelled
ORD-119756,P006,East,,2026-01-02,Completed
ORD-119757,P007,South,1.0,2026-01-15,Completed
ORD-119758,P004,North,4.0,2026-01-11,cancelled
ORD-119759,P006,North,2.0,2026-01-09,pending
ORD-119760,P001,West,4.0,2026-06-12,Completed
ORD-119761,P002,North,2.0,2026-02-09,cancelled
ORD-119762,P007,South,2.0,2026-03-12,COMPLETED
ORD-119763,P003,West,5.0,2026-04-20,completed
ORD-119764,P005,South,1.0,2026-01-29,Completed
ORD-119765,P003,East,4.0,2026-06-27,COMPLETED
ORD-119766,P007,West,4.0,2026-06-06,completed
ORD-119767,P004,East,4.0,2026-06-27,cancelled
ORD-119768,P002,East,2.0,2026-03-28,pending
ORD-119769,P009,North,1.0,2026-03-28,Completed
ORD-119770,P010,West,3.0,2026-02-09,cancelled
ORD-119771,P006,North,5.0,2026-04-24,pending
ORD-119772,P006,West,1.0,2026-05-18,completed
ORD-119773,P004,East,4.0,2026-02-20,cancelled
ORD-119774,P009,West,2.0,2026-06-28,Completed
ORD-119775,P006,North,3.0,2026-06-07,cancelled
ORD-119776,P008,West,4.0,2026-05-22,completed
ORD-119777,P005,West,4.0,2026-02-02,Completed
ORD-119778,P001,North,3.0,2026-05-03,Completed
ORD-119779,P007,West,3.0,2026-06-03,COMPLETED
ORD-119780,P006,South,1.0,2026-06-18,completed
ORD-119781,P006,South,1.0,2026-01-21,completed
ORD-119782,P006,North,2.0,2026-03-30,COMPLETED
ORD-119783,P002,East,1.0,2026-06-11,Completed
ORD-119784,P004,South,5.0,2026-03-15,cancelled
ORD-119785,P005,South,3.0,2026-02-11,completed
ORD-119786,P007,East,,2026-01-06,COMPLETED
ORD-119787,P002,North,2.0,2026-04-03,Completed
ORD-119788,P009,East,2.0,2026-06-17,pending
ORD-119789,P008,South,2.0,2026-03-25,completed
ORD-119790,P005,South,1.0,2026-06-27,cancelled
ORD-119791,P002,South,3.0,2026-01-04,Completed
ORD-119792,P002,West,5.0,2026-01-09,completed
ORD-119793,P004,North,5.0,2026-06-02,COMPLETED
ORD-119794,P010,North,5.0,2026-04-14,COMPLETED
ORD-119795,P005,West,3.0,2026-03-31,COMPLETED
ORD-119796,P009,South,1.0,2026-06-19,cancelled
ORD-119797,P008,North,3.0,2026-03-29,cancelled
ORD-119798,P002,West,4.0,2026-04-08,Completed
ORD-119799,P005,South,3.0,2026-02-25,pending
ORD-119800,P003,South,3.0,2026-03-05,completed
ORD-119801,P001,North,3.0,2026-06-28,cancelled
ORD-119802,P004,West,3.0,2026-04-15,COMPLETED
ORD-119803,P008,West,1.0,2026-05-11,cancelled
ORD-119804,P008,North,3.0,2026-05-03,completed
ORD-119805,P007,West,2.0,2026-02-04,Completed
ORD-119806,P006,South,5.0,2026-03-25,Completed
ORD-119807,P002,East,,2026-06-22,completed
ORD-119808,P008,West,4.0,2026-06-11,Completed
ORD-119809,P002,North,4.0,2026-02-11,Completed
ORD-119810,P009,West,3.0,2026-03-31,cancelled
ORD-119811,P009,East,4.0,2026-06-28,Completed
ORD-119812,P006,South,1.0,2026-01-22,Completed
ORD-119813,P005,East,1.0,2026-01-01,cancelled
ORD-119814,P003,East,2.0,2026-06-24,cancelled
ORD-119815,P002,East,2.0,2026-06-02,pending
ORD-119816,P002,North,3.0,2026-05-27,cancelled
ORD-119817,P007,North,2.0,2026-06-27,pending
ORD-119818,P008,North,1.0,2026-05-29,COMPLETED
ORD-119819,P010,East,4.0,2026-06-02,cancelled
ORD-119820,P006,West,4.0,2026-06-27,completed
ORD-119821,P003,North,5.0,2026-03-03,Completed
ORD-119822,P003,South,2.0,2026-06-09,Completed
ORD-119823,P006,East,1.0,2026-05-22,pending
ORD-119824,P002,West,3.0,2026-01-18,completed
ORD-119825,P008,North,5.0,2026-03-23,pending
ORD-119826,P008,East,5.0,2026-03-02,pending
ORD-119827,P003,East,1.0,2026-06-30,cancelled
ORD-119828,P008,North,5.0,2026-02-03,COMPLETED
ORD-119829,P001,South,4.0,2026-03-27,Completed
ORD-119830,P003,West,2.0,2026-03-24,Completed
ORD-119831,P007,East,5.0,2026-04-24,completed
ORD-119832,P006,South,3.0,2026-03-23,completed
ORD-119833,P010,West,4.0,2026-04-27,cancelled
ORD-119834,P001,North,5.0,2026-01-29,COMPLETED
ORD-119835,P003,North,3.0,2026-05-20,cancelled
ORD-119836,P006,East,,2026-06-03,Completed
ORD-119837,P002,North,2.0,2026-04-08,cancelled
ORD-119838,P001,North,3.0,2026-05-28,cancelled
ORD-119839,P010,East,3.0,2026-06-16,pending
ORD-119840,P007,North,1.0,2026-02-24,cancelled
ORD-119841,P008,North,5.0,2026-03-21,Completed
ORD-119842,P002,West,1.0,2026-03-27,COMPLETED
ORD-119843,P003,North,3.0,2026-04-17,COMPLETED
ORD-119844,P010,North,5.0,2026-01-09,pending
ORD-119845,P002,West,3.0,2026-01-11,COMPLETED
ORD-119846,P007,East,4.0,2026-04-25,completed
ORD-119847,P005,West,1.0,2026-05-06,COMPLETED
ORD-119848,P007,North,2.0,2026-05-28,completed
ORD-119849,P006,North,3.0,2026-02-12,pending
ORD-119850,P004,South,,2026-02-09,cancelled
ORD-119851,P008,South,2.0,2026-03-15,COMPLETED
ORD-119852,P008,South,3.0,2026-01-09,pending
ORD-119853,P001,North,5.0,2026-06-18,cancelled
ORD-119854,P004,West,2.0,2026-05-13,pending
ORD-119855,P009,North,5.0,2026-06-10,Completed
ORD-119856,P005,North,4.0,2026-05-19,pending
ORD-119857,P005,South,1.0,2026-02-09,Completed
ORD-119858,P003,East,1.0,2026-02-18,pending
ORD-119859,P008,East,4.0,2026-04-02,pending
ORD-119860,P001,South,1.0,2026-04-11,cancelled
ORD-119861,P002,South,5.0,2026-04-25,completed
ORD-119862,P002,South,2.0,2026-05-27,COMPLETED
ORD-119863,P009,South,5.0,2026-06-16,pending
ORD-119864,P004,South,2.0,2026-01-18,pending
ORD-119865,P009,South,,2026-03-04,COMPLETED
ORD-119866,P001,South,3.0,2026-05-13,cancelled
ORD-119867,P005,West,4.0,2026-03-07,pending
ORD-119868,P004,South,2.0,2026-06-04,cancelled
ORD-119869,P008,South,3.0,2026-01-31,pending
ORD-119870,P009,East,5.0,2026-01-27,COMPLETED
ORD-119871,P005,South,2.0,2026-02-14,Completed
ORD-119872,P004,South,4.0,2026-05-17,completed
ORD-119873,P001,West,3.0,2026-02-19,Completed
ORD-119874,P007,East,4.0,2026-01-15,Completed
ORD-119875,P006,West,3.0,2026-01-22,cancelled
ORD-119876,P004,East,5.0,2026-01-20,Completed
ORD-119877,P006,North,4.0,2026-05-08,Completed
ORD-119878,P003,North,3.0,2026-01-08,COMPLETED
ORD-119879,P003,North,4.0,2026-01-16,pending
ORD-119880,P001,North,5.0,2026-05-23,Completed
ORD-119881,P010,North,2.0,2026-02-05,Completed
ORD-119882,P008,West,3.0,2026-01-21,Completed
ORD-119883,P003,South,2.0,2026-03-02,COMPLETED
ORD-119884,P010,West,4.0,2026-02-13,completed
ORD-119885,P001,South,1.0,2026-03-30,COMPLETED
ORD-119886,P006,West,1.0,2026-06-18,Completed
ORD-119887,P004,East,5.0,2026-05-16,pending
ORD-119888,P003,North,3.0,2026-05-28,pending
ORD-119889,P007,West,1.0,2026-06-25,cancelled
ORD-119890,P003,South,5.0,2026-03-22,cancelled
ORD-119891,P008,East,2.0,2026-02-23,completed
ORD-119892,P004,West,2.0,2026-05-03,Completed
ORD-119893,P010,North,1.0,2026-04-02,cancelled
ORD-119894,P007,West,3.0,2026-04-24,cancelled
ORD-119895,P008,East,2.0,2026-01-01,Completed
ORD-119896,P002,West,2.0,2026-04-04,cancelled
ORD-119897,P004,North,4.0,2026-06-21,cancelled
ORD-119898,P003,North,2.0,2026-04-10,cancelled
ORD-119899,P004,North,5.0,2026-01-30,completed
ORD-119900,P006,East,3.0,2026-03-21,COMPLETED
ORD-119901,P006,South,2.0,2026-06-18,cancelled
ORD-119902,P007,West,1.0,2026-03-20,pending
ORD-119903,P010,North,1.0,2026-05-07,cancelled
ORD-119904,P006,East,3.0,2026-04-19,COMPLETED
ORD-119905,P001,South,1.0,2026-05-30,completed
ORD-119906,P004,West,5.0,2026-02-12,pending
ORD-119907,P004,North,3.0,2026-01-10,Completed
ORD-119908,P005,West,1.0,2026-03-20,cancelled
ORD-119909,P008,East,4.0,2026-01-06,COMPLETED
ORD-119910,P010,South,3.0,2026-06-12,cancelled
ORD-119911,P001,West,,2026-02-06,Completed
ORD-119912,P001,South,2.0,2026-03-11,Completed
ORD-119913,P005,North,4.0,2026-05-02,COMPLETED
ORD-119914,P009,East,5.0,2026-03-04,pending
ORD-119915,P008,West,4.0,2026-03-07,COMPLETED
ORD-119916,P010,West,1.0,2026-02-14,Completed
ORD-119917,P003,North,5.0,2026-06-09,COMPLETED
ORD-119918,P002,West,5.0,2026-04-03,Completed
ORD-119919,P005,East,1.0,2026-02-13,COMPLETED
ORD-119920,P009,South,5.0,2026-05-16,cancelled
ORD-119921,P003,North,3.0,2026-03-08,cancelled
ORD-119922,P007,West,3.0,2026-05-05,completed
ORD-119923,P010,North,2.0,2026-02-26,cancelled
ORD-119924,P007,North,5.0,2026-01-04,Completed
ORD-119925,P005,North,2.0,2026-03-19,Completed
ORD-119926,P006,East,1.0,2026-01-18,Completed
ORD-119927,P001,North,3.0,2026-06-03,Completed
ORD-119928,P005,North,,2026-03-02,completed
ORD-119929,P002,North,4.0,2026-03-09,pending
ORD-119930,P001,West,1.0,2026-05-27,completed
ORD-119931,P010,West,1.0,2026-01-14,Completed
ORD-119932,P003,South,4.0,2026-05-03,Completed
ORD-119933,P005,South,2.0,2026-03-12,pending
ORD-119934,P010,South,3.0,2026-01-11,pending
ORD-119935,P002,North,5.0,2026-01-25,cancelled
ORD-119936,P007,North,2.0,2026-03-06,completed
ORD-119937,P006,East,2.0,2026-01-28,Completed
ORD-119938,P002,East,1.0,2026-06-23,pending
ORD-119939,P005,West,5.0,2026-03-15,completed
ORD-119940,P004,North,,2026-01-10,pending
ORD-119941,P004,West,5.0,2026-01-14,completed
ORD-119942,P004,South,4.0,2026-04-15,completed
ORD-119943,P004,West,1.0,2026-06-25,cancelled
ORD-119944,P003,South,5.0,2026-02-06,Completed
ORD-119945,P007,South,5.0,2026-04-11,pending
ORD-119946,P009,East,5.0,2026-05-07,completed
ORD-119947,P003,East,2.0,2026-01-12,COMPLETED
ORD-119948,P005,West,3.0,2026-03-22,cancelled
ORD-119949,P010,North,2.0,2026-06-03,cancelled
ORD-119950,P009,North,4.0,2026-06-30,Completed
ORD-119951,P005,West,2.0,2026-01-20,Completed
ORD-119952,P006,West,3.0,2026-04-22,Completed
ORD-119953,P002,South,4.0,2026-03-11,cancelled
ORD-119954,P005,West,1.0,2026-06-30,completed
ORD-119955,P006,West,5.0,2026-05-03,COMPLETED
ORD-119956,P009,East,1.0,2026-02-12,COMPLETED
ORD-119957,P006,North,2.0,2026-06-24,pending
ORD-119958,P003,East,3.0,2026-04-06,pending
ORD-119959,P008,North,,2026-04-05,COMPLETED
ORD-119960,P007,West,2.0,2026-02-04,cancelled
ORD-119961,P009,South,,2026-03-21,Completed
ORD-119962,P003,North,1.0,2026-06-15,COMPLETED
ORD-119963,P008,West,2.0,2026-06-21,cancelled
ORD-119964,P001,South,2.0,2026-02-03,pending
ORD-119965,P006,East,2.0,2026-02-20,Completed
ORD-119966,P003,East,4.0,2026-01-07,Completed
ORD-119967,P010,East,2.0,2026-03-12,pending
ORD-119968,P003,North,4.0,2026-04-10,cancelled
ORD-119969,P010,West,4.0,2026-04-14,Completed
ORD-119970,P006,East,4.0,2026-05-26,completed
ORD-119971,P002,West,3.0,2026-05-08,cancelled
ORD-119972,P003,North,1.0,2026-02-11,COMPLETED
ORD-119973,P007,East,1.0,2026-05-08,pending
ORD-119974,P009,East,,2026-01-06,pending
ORD-119975,P004,North,2.0,2026-05-19,completed
ORD-119976,P009,East,1.0,2026-06-08,cancelled
ORD-119977,P010,West,1.0,2026-03-31,completed
ORD-119978,P009,South,5.0,2026-04-12,completed
ORD-119979,P008,West,5.0,2026-04-12,Completed
ORD-119980,P007,West,2.0,2026-01-29,Completed
ORD-119981,P008,East,2.0,2026-01-26,pending
ORD-119982,P002,West,3.0,2026-05-19,completed
ORD-119983,P005,East,1.0,2026-03-24,cancelled
ORD-119984,P001,West,5.0,2026-04-30,completed
ORD-119985,P004,West,1.0,2026-06-29,pending
ORD-119986,P010,East,4.0,2026-03-21,completed
ORD-119987,P008,East,3.0,2026-01-07,pending
ORD-119988,P003,South,3.0,2026-02-01,pending
ORD-119989,P008,South,5.0,2026-04-01,COMPLETED
ORD-119990,P010,North,3.0,2026-04-18,COMPLETED
ORD-119991,P006,South,3.0,2026-06-19,cancelled
ORD-119992,P004,South,5.0,2026-06-14,cancelled
ORD-119993,P009,North,4.0,2026-06-27,Completed
ORD-119994,P006,South,5.0,2026-06-12,completed
ORD-119995,P004,North,2.0,2026-03-31,Completed
ORD-119996,P004,South,5.0,2026-02-07,completed
ORD-119997,P007,West,1.0,2026-06-12,completed
ORD-119998,P008,West,3.0,2026-03-15,Completed
ORD-119999,P010,South,,2026-06-09,cancelled
ORD-120000,P002,North,5.0,2026-01-18,cancelled
ORD-111457,P003,East,5.0,2026-05-30,cancelled
ORD-116529,P007,East,1.0,2026-05-26,COMPLETED
ORD-103254,P003,North,1.0,2026-02-07,completed
ORD-118615,P009,North,1.0,2026-05-16,pending
ORD-101545,P008,West,4.0,2026-04-19,completed
ORD-112569,P010,East,3.0,2026-02-23,pending
ORD-115498,P002,East,3.0,2026-06-11,COMPLETED
ORD-113988,P007,West,5.0,2026-05-18,completed
ORD-109599,P009,East,3.0,2026-02-24,cancelled
ORD-106669,P005,West,4.0,2026-03-27,cancelled
ORD-104245,P004,East,3.0,2026-06-01,Completed
ORD-117421,P007,East,1.0,2026-05-16,Completed
ORD-105782,P001,East,1.0,2026-04-29,cancelled
ORD-104571,P004,West,1.0,2026-03-16,COMPLETED
ORD-115717,P007,East,5.0,2026-03-23,pending
ORD-102402,P009,North,5.0,2026-02-12,Completed
ORD-106296,P004,South,2.0,2026-04-08,cancelled
ORD-116205,P001,East,4.0,2026-04-16,pending
ORD-110058,P008,North,4.0,2026-05-27,completed
ORD-100416,P004,West,5.0,2026-05-10,pending
ORD-105643,P008,West,2.0,2026-01-24,Completed
ORD-108267,P010,South,4.0,2026-06-08,pending
ORD-108646,P009,South,3.0,2026-06-15,cancelled
ORD-107332,P002,South,4.0,2026-05-23,Completed
ORD-108215,P006,West,1.0,2026-03-10,Completed
ORD-110787,P004,West,2.0,2026-06-11,Completed
ORD-103730,P002,East,4.0,2026-03-09,completed
ORD-106794,P007,South,3.0,2026-05-06,completed
ORD-104896,P001,West,2.0,2026-02-25,completed
ORD-103170,P003,West,,2026-01-17,pending
ORD-112493,P009,West,4.0,2026-05-18,pending
ORD-110812,P008,North,3.0,2026-01-16,pending
ORD-114234,P006,North,,2026-03-16,Completed
ORD-113770,P009,South,4.0,2026-05-02,COMPLETED
ORD-106596,P009,East,4.0,2026-02-24,cancelled
ORD-116325,P004,North,3.0,2026-01-05,COMPLETED
ORD-118337,P007,North,1.0,2026-01-31,COMPLETED
ORD-105066,P006,East,5.0,2026-03-23,Completed
ORD-110986,P003,West,1.0,2026-05-18,Completed
ORD-103154,P003,North,3.0,2026-02-11,pending
ORD-104909,P009,East,,2026-05-02,Completed
ORD-119729,P002,South,4.0,2026-04-10,completed
ORD-100645,P001,North,2.0,2026-06-12,pending
ORD-106097,P001,South,1.0,2026-03-17,COMPLETED
ORD-107485,P005,South,2.0,2026-06-03,cancelled
ORD-108830,P003,East,4.0,2026-01-16,COMPLETED
ORD-106053,P003,East,4.0,2026-03-04,COMPLETED
ORD-104219,P003,North,4.0,2026-04-10,COMPLETED
ORD-111824,P002,South,1.0,2026-05-24,cancelled
ORD-119006,P007,West,4.0,2026-05-09,cancelled
ORD-107240,P003,West,4.0,2026-03-28,cancelled
ORD-101842,P009,West,2.0,2026-01-17,pending
ORD-104121,P001,East,2.0,2026-06-16,completed
ORD-117581,P004,West,1.0,2026-03-31,completed
ORD-108182,P007,East,5.0,2026-02-03,pending
ORD-103836,P008,West,4.0,2026-01-01,COMPLETED
ORD-108877,P010,West,1.0,2026-04-05,completed
ORD-107916,P004,East,,2026-05-01,Completed
ORD-114109,P007,East,1.0,2026-04-08,cancelled
ORD-107717,P001,East,,2026-02-07,Completed
ORD-106754,P008,South,5.0,2026-04-07,COMPLETED
ORD-119207,P008,West,3.0,2026-02-08,completed
ORD-102248,P005,West,2.0,2026-06-10,cancelled
ORD-102656,P004,West,2.0,2026-03-03,Completed
ORD-117959,P005,West,2.0,2026-05-24,COMPLETED
ORD-119484,P006,East,5.0,2026-03-19,Completed
ORD-108737,P002,North,5.0,2026-02-09,pending
ORD-117844,P002,North,1.0,2026-03-13,pending
ORD-109959,P002,West,1.0,2026-02-17,completed
ORD-100892,P004,North,2.0,2026-05-13,pending
ORD-102783,P005,West,5.0,2026-03-29,COMPLETED
ORD-101105,P006,West,1.0,2026-06-07,pending
ORD-112144,P010,South,5.0,2026-05-26,cancelled
ORD-112032,P006,North,3.0,2026-05-10,completed
ORD-113668,P006,West,3.0,2026-06-11,completed
ORD-108562,P008,West,,2026-02-25,pending
ORD-104386,P001,West,3.0,2026-02-17,completed
ORD-102785,P001,East,1.0,2026-03-14,Completed
ORD-109120,P008,West,3.0,2026-02-03,COMPLETED
ORD-103199,P007,South,5.0,2026-06-15,COMPLETED
ORD-105675,P002,East,2.0,2026-03-16,pending
ORD-102056,P010,South,,2026-04-16,COMPLETED
ORD-108019,P002,North,1.0,2026-05-06,Completed
ORD-100005,P007,East,3.0,2026-03-29,completed
ORD-107662,P010,East,4.0,2026-05-30,cancelled
ORD-101333,P010,West,3.0,2026-06-18,cancelled
ORD-107804,P006,East,5.0,2026-06-14,pending
ORD-117123,P007,West,3.0,2026-03-06,Completed
ORD-111940,P006,North,2.0,2026-02-08,Completed
ORD-108223,P004,East,5.0,2026-01-04,completed
ORD-114627,P001,West,2.0,2026-02-17,completed
ORD-100073,P009,South,1.0,2026-05-18,COMPLETED
ORD-115676,P007,South,3.0,2026-05-11,pending
ORD-107077,P007,North,2.0,2026-01-07,COMPLETED
ORD-101464,P004,East,3.0,2026-05-18,Completed
ORD-102278,P009,South,1.0,2026-01-29,pending
ORD-108070,P005,East,1.0,2026-05-21,cancelled
ORD-111149,P007,South,1.0,2026-05-26,cancelled
ORD-114481,P002,East,,2026-03-25,pending
ORD-103895,P009,West,3.0,2026-01-20,completed
ORD-106637,P006,South,1.0,2026-06-03,pending
ORD-112210,P009,North,1.0,2026-01-04,Completed
ORD-100597,P001,North,3.0,2026-04-03,pending
ORD-115217,P005,North,5.0,2026-02-24,COMPLETED
ORD-109625,P010,North,5.0,2026-03-01,pending
ORD-112788,P004,West,3.0,2026-02-10,cancelled
ORD-118435,P008,West,5.0,2026-01-14,cancelled
ORD-100169,P001,North,3.0,2026-06-08,Completed
ORD-111636,P009,East,5.0,2026-01-03,cancelled
ORD-102030,P002,East,1.0,2026-03-01,pending
ORD-102037,P009,South,,2026-05-18,completed
ORD-114668,P006,West,3.0,2026-04-28,completed
ORD-104477,P008,South,1.0,2026-04-15,completed
ORD-100344,P007,West,4.0,2026-02-08,pending
ORD-101917,P006,East,4.0,2026-02-02,Completed
ORD-106017,P008,West,3.0,2026-06-11,cancelled
ORD-109827,P004,East,2.0,2026-01-11,cancelled
ORD-107764,P007,South,5.0,2026-06-21,Completed
ORD-107425,P001,North,3.0,2026-01-08,COMPLETED
ORD-105214,P003,West,4.0,2026-03-17,completed
ORD-119917,P003,North,5.0,2026-06-09,COMPLETED
ORD-118486,P002,South,2.0,2026-06-26,COMPLETED
ORD-116475,P008,East,2.0,2026-04-09,cancelled
ORD-117515,P003,East,1.0,2026-05-22,cancelled
ORD-118301,P006,South,5.0,2026-06-28,cancelled
ORD-113376,P002,South,1.0,2026-04-01,completed
ORD-109756,P009,East,3.0,2026-06-10,pending
ORD-118788,P009,East,3.0,2026-06-02,completed
ORD-112454,P010,North,4.0,2026-04-04,Completed
ORD-117641,P001,North,4.0,2026-06-03,cancelled
ORD-103834,P002,West,2.0,2026-05-06,COMPLETED
ORD-105954,P001,West,2.0,2026-01-01,Completed
ORD-107971,P002,East,4.0,2026-04-08,Completed
ORD-109727,P003,North,5.0,2026-04-23,Completed
ORD-114277,P009,North,4.0,2026-05-12,Completed
ORD-109263,P006,East,5.0,2026-01-06,Completed
ORD-115784,P008,North,5.0,2026-06-02,cancelled
ORD-105744,P002,North,1.0,2026-04-24,Completed
ORD-116668,P001,West,,2026-03-04,pending
ORD-107640,P006,East,3.0,2026-01-12,completed
ORD-118501,P010,South,3.0,2026-03-29,pending
ORD-114460,P005,North,5.0,2026-03-01,COMPLETED
ORD-110756,P004,South,4.0,2026-06-16,COMPLETED
ORD-118727,P007,North,2.0,2026-05-26,completed
ORD-100089,P005,East,5.0,2026-03-05,cancelled
ORD-103302,P006,North,,2026-06-24,cancelled
ORD-116582,P006,South,4.0,2026-02-12,completed
ORD-119851,P008,South,2.0,2026-03-15,COMPLETED
ORD-103096,P001,West,2.0,2026-05-23,COMPLETED
ORD-111903,P007,East,1.0,2026-02-15,Completed
ORD-110489,P010,West,4.0,2026-05-08,COMPLETED
ORD-109009,P007,South,5.0,2026-04-11,COMPLETED
ORD-112657,P008,North,5.0,2026-05-06,pending
ORD-118384,P009,East,3.0,2026-01-24,completed
ORD-119247,P005,North,4.0,2026-02-20,Completed
ORD-118539,P010,North,3.0,2026-06-17,pending
ORD-101289,P007,West,3.0,2026-01-30,pending
ORD-115601,P003,South,5.0,2026-05-26,COMPLETED
ORD-110611,P010,North,1.0,2026-01-21,cancelled
ORD-116846,P005,South,2.0,2026-05-11,COMPLETED
ORD-116623,P004,East,2.0,2026-03-25,cancelled
ORD-111947,P006,West,2.0,2026-06-29,cancelled
ORD-100944,P006,West,5.0,2026-01-21,cancelled
ORD-114096,P002,East,4.0,2026-01-23,Completed
ORD-105978,P002,North,1.0,2026-04-04,completed
ORD-116686,P010,East,4.0,2026-05-21,COMPLETED
ORD-119411,P008,East,3.0,2026-05-01,pending
ORD-114959,P008,East,1.0,2026-04-12,cancelled
ORD-110692,P004,West,1.0,2026-06-29,COMPLETED
ORD-114956,P006,East,3.0,2026-04-16,cancelled
ORD-100812,P005,West,3.0,2026-01-24,completed
ORD-106982,P005,East,1.0,2026-02-09,Completed
ORD-100517,P004,West,4.0,2026-05-07,pending
ORD-113623,P006,West,1.0,2026-03-27,COMPLETED
ORD-108121,P009,East,1.0,2026-04-07,completed
ORD-109629,P002,East,4.0,2026-06-10,COMPLETED
ORD-105102,P004,West,4.0,2026-01-01,COMPLETED
ORD-107720,P005,North,2.0,2026-04-30,cancelled
ORD-114379,P003,East,2.0,2026-01-28,completed
ORD-110903,P003,South,5.0,2026-03-13,cancelled
ORD-109374,P010,West,4.0,2026-04-02,completed
ORD-101603,P004,West,3.0,2026-06-29,pending
ORD-114794,P008,South,4.0,2026-04-30,completed
ORD-108095,P007,South,2.0,2026-06-01,completed
ORD-103915,P007,South,3.0,2026-06-01,COMPLETED
ORD-114311,P003,North,1.0,2026-04-16,completed
ORD-118525,P007,South,5.0,2026-03-25,Completed
ORD-110435,P008,East,,2026-06-09,pending
ORD-101853,P002,North,,2026-04-06,completed
ORD-114278,P006,East,3.0,2026-02-12,pending
ORD-102386,P006,North,1.0,2026-05-31,pending
ORD-118581,P010,West,2.0,2026-06-04,completed
ORD-104536,P004,South,4.0,2026-02-04,cancelled
ORD-108162,P007,North,4.0,2026-06-04,pending
ORD-109692,P007,West,4.0,2026-05-05,pending
ORD-108411,P007,North,5.0,2026-06-11,cancelled
ORD-101417,P004,West,1.0,2026-03-01,COMPLETED
ORD-105718,P005,North,4.0,2026-04-09,completed
ORD-117065,P002,West,2.0,2026-02-25,completed
ORD-116866,P010,North,4.0,2026-03-27,pending
